timestamp_sec,fitness_score,fitness_age_sec,accel_norm_dev,gyro_z,accel_norm_std,gyro_z_std,linear_vel,angular_vel,jerk,fgo_cov_trace,fgo_cov_yaw,gt_x,gt_y,gt_yaw_rad,fgo_x,fgo_y,fgo_yaw_rad,pos_err_m,yaw_err_rad
31.430000,0.012992,0.079,0.337035,-0.041357,0.107757,0.010619,0.000109,0.000551,0.006038,0.00000000,0.00000000,0.017854,0.016030,0.059741,0.045931,0.042906,0.059481,0.038867,0.000260
33.465000,0.011829,0.050,0.060353,-0.038808,0.112150,0.009808,0.002611,-0.004084,0.691471,0.00000000,0.00000000,0.017854,0.016031,0.059741,0.045931,0.042906,0.059481,0.038867,0.000260
35.470000,0.012761,0.014,0.229264,-0.037040,0.103276,0.010426,-0.004401,0.004923,0.303084,0.00000000,0.00000000,0.017854,0.016031,0.059741,0.046518,0.043616,0.059483,0.039781,0.000258
37.495000,0.012384,0.079,0.398349,-0.045897,0.127159,0.008488,-0.002738,-0.004390,0.015681,0.00000000,0.00000000,0.017854,0.016031,0.059741,0.046518,0.043616,0.059483,0.039781,0.000258
39.525000,0.012797,0.019,0.267591,-0.052248,0.595002,0.010494,0.002294,0.008411,0.149373,0.00000000,0.00000000,0.017854,0.016029,0.059743,0.047283,0.044091,0.059464,0.040663,0.000279
40.355000,0.011638,0.098,0.021910,-0.043353,1.363500,0.010384,-0.074610,-0.009053,0.256334,0.00000000,0.00000000,-0.002046,0.016448,0.059544,0.027049,0.044363,0.059265,0.040321,0.000279
40.580000,0.012552,0.041,0.206441,-0.035788,1.357714,0.010171,-0.113159,-0.001828,0.433376,0.00000000,0.00000000,-0.023765,0.012677,0.059451,0.005662,0.040750,0.059172,0.040671,0.000279
40.740000,0.013601,0.073,0.061076,-0.058435,1.462768,0.010515,-0.146354,0.003389,0.863646,0.00000000,0.00000000,-0.044708,0.013134,0.059373,-0.015281,0.041213,0.059094,0.040675,0.000279
40.880000,0.012800,0.090,0.046136,-0.042240,1.557185,0.010338,-0.137484,0.003517,0.074620,0.00000000,0.00000000,-0.065331,0.010622,0.059492,-0.035904,0.038707,0.059213,0.040678,0.000279
41.045000,0.013127,0.030,5.438804,-0.060714,1.797726,0.010059,-0.145243,0.002973,0.342401,0.00000000,0.00000000,-0.088406,0.008314,0.059290,-0.052757,0.037896,0.059306,0.046324,0.000016
41.180000,0.010176,0.083,0.017300,-0.058755,1.926795,0.010718,-0.167935,-0.002986,0.758767,0.00000000,0.00000000,-0.107788,0.008754,0.059052,-0.072782,0.038430,0.059061,0.045893,0.000009
41.325000,0.012891,0.067,0.024355,-0.051993,2.107321,0.011109,-0.152349,-0.000208,0.253049,0.00000000,0.00000000,-0.131343,0.008233,0.059163,-0.095565,0.037957,0.059171,0.046514,0.000008
41.455000,0.010548,0.067,0.238646,-0.038156,2.113114,0.011264,-0.149099,-0.003474,0.123672,0.00000000,0.00000000,-0.150845,0.007722,0.059216,-0.116584,0.037391,0.059228,0.045322,0.000012
41.590000,0.013913,0.079,0.329995,-0.071267,2.275712,0.011969,-0.171865,-0.003399,0.301321,0.00000000,0.00000000,-0.172432,0.007705,0.059119,-0.138999,0.037306,0.059129,0.044654,0.000010
41.750000,0.017861,0.022,0.131372,-0.053172,2.515333,0.012132,-0.144170,0.005427,0.285845,0.00000000,0.00000000,-0.194894,0.004768,0.058970,-0.157415,0.035254,0.059097,0.048313,0.000127
41.920000,0.014950,0.082,0.092190,-0.036709,2.530461,0.012297,-0.137421,0.005356,0.155100,0.00000000,0.00000000,-0.217250,0.005261,0.058961,-0.178379,0.035669,0.059093,0.049352,0.000131
42.050000,0.015819,0.075,0.044512,-0.042175,2.530813,0.011862,-0.161119,-0.001645,0.379523,0.00000000,0.00000000,-0.237009,0.003439,0.058945,-0.199835,0.033750,0.059093,0.047965,0.000148
42.200000,0.015791,0.097,1.730396,-0.087566,2.529818,0.013082,-0.166389,0.012887,0.809604,0.00000000,0.00000000,-0.261356,0.005057,0.059383,-0.222485,0.035459,0.059514,0.049348,0.000131
42.315000,0.017801,0.089,0.341762,-0.040464,2.467945,0.012870,-0.174628,0.009914,0.263567,0.00000000,0.00000000,-0.281815,0.003158,0.059195,-0.243749,0.033389,0.059325,0.048609,0.000131
42.435000,0.016529,0.033,0.098854,-0.048902,2.638520,0.012759,-0.182404,-0.002725,0.380659,0.00000000,0.00000000,-0.302666,0.001846,0.059025,-0.259677,0.033113,0.058935,0.053157,0.000090
42.565000,0.018044,0.038,6.099488,-0.054095,2.914491,0.012696,-0.190376,0.003231,0.014290,0.00000000,0.00000000,-0.326850,0.001619,0.059025,-0.281953,0.032842,0.058942,0.054686,0.000083
42.680000,0.018898,0.008,1.026543,-0.041054,2.875821,0.012799,-0.187581,-0.002359,0.043145,0.00000000,0.00000000,-0.348614,0.000631,0.058953,-0.302659,0.031263,0.059075,0.055229,0.000122
42.795000,0.018666,0.075,0.191596,-0.038691,2.781706,0.012374,-0.177809,-0.002307,0.096781,0.00000000,0.00000000,-0.369098,0.000354,0.058968,-0.324028,0.030977,0.059094,0.054489,0.000125
42.910000,0.018311,0.093,0.063051,-0.060239,2.778391,0.012181,-0.190463,0.003878,0.078329,0.00000000,0.00000000,-0.390668,-0.000647,0.058988,-0.346547,0.029845,0.059112,0.053632,0.000123
43.040000,0.018061,0.062,0.006720,-0.044105,2.988022,0.012427,-0.167971,0.004978,0.704403,0.00000000,0.00000000,-0.413895,-0.001714,0.059061,-0.367939,0.028910,0.059183,0.055225,0.000122
43.160000,0.016789,0.030,0.241781,-0.031276,2.986638,0.012721,-0.178227,0.001787,0.084391,0.00000000,0.00000000,-0.435684,-0.002080,0.059044,-0.387261,0.028241,0.059071,0.057133,0.000027
43.275000,0.017611,0.025,0.044244,-0.032291,3.038110,0.012332,-0.180976,-0.005826,0.233323,0.00000000,0.00000000,-0.456986,-0.003468,0.058937,-0.409490,0.026796,0.058963,0.056318,0.000026
43.400000,0.017640,0.001,0.271170,-0.025464,3.015034,0.012268,-0.167825,0.001984,0.461060,0.00000000,0.00000000,-0.478759,-0.003181,0.058912,-0.430336,0.027138,0.058939,0.057132,0.000027
43.520000,0.019156,0.006,0.226466,-0.039279,2.836086,0.011651,-0.195794,0.005048,0.294398,0.00000000,0.00000000,-0.501740,-0.003265,0.058983,-0.453331,0.027432,0.059004,0.057322,0.000021
43.635000,0.019407,0.075,0.269059,-0.063754,2.773359,0.011815,-0.192080,0.003005,0.107850,0.00000000,0.00000000,-0.523322,-0.004546,0.058979,-0.475923,0.026008,0.058998,0.056394,0.000019
43.755000,0.019488,0.054,0.178724,-0.055793,2.885645,0.012036,-0.195102,-0.003070,0.123724,0.00000000,0.00000000,-0.546362,-0.005958,0.059037,-0.498978,0.024754,0.059068,0.056466,0.000031
43.885000,0.017959,0.026,0.163835,-0.063282,2.872324,0.010828,-0.186967,0.001012,0.078473,0.00000000,0.00000000,-0.571519,-0.006541,0.058939,-0.522214,0.024175,0.058960,0.058090,0.000021
44.000000,0.017654,0.019,0.189606,-0.056773,2.903610,0.011425,-0.169353,0.000634,0.469113,0.00000000,0.00000000,-0.592049,-0.006871,0.058905,-0.542724,0.023957,0.058865,0.058166,0.000039
44.115000,0.017651,0.002,0.515452,-0.056046,2.527398,0.011513,-0.187319,-0.008372,0.101819,0.00000000,0.00000000,-0.613465,-0.007759,0.059019,-0.565154,0.023318,0.058919,0.057443,0.000100
44.230000,0.017298,0.045,11.450238,-0.034035,3.150191,0.011516,-0.180905,0.006745,0.128607,0.00000000,0.00000000,-0.633987,-0.009118,0.059002,-0.586407,0.022113,0.058894,0.056914,0.000108
44.360000,0.016100,0.064,0.124633,-0.059654,3.074548,0.011294,-0.186954,0.007250,0.865306,0.00000000,0.00000000,-0.656582,-0.008536,0.058849,-0.607341,0.022603,0.058748,0.058261,0.000102
44.480000,0.019306,0.053,0.074910,-0.037760,3.177472,0.012099,-0.178765,0.001310,0.045444,0.00000000,0.00000000,-0.678109,-0.010593,0.058913,-0.628869,0.020548,0.058811,0.058262,0.000102
44.595000,0.019694,0.017,0.209803,-0.056787,3.036514,0.012434,-0.182256,0.004346,0.142460,0.00000000,0.00000000,-0.698776,-0.011020,0.058885,-0.649202,0.020152,0.058898,0.058560,0.000013
44.725000,0.018540,0.025,0.455856,-0.056026,3.011404,0.012128,-0.188319,0.002081,0.236724,0.00000000,0.00000000,-0.723950,-0.011844,0.058843,-0.672173,0.019546,0.058868,0.060549,0.000024
44.840000,0.018608,0.077,0.130000,-0.033611,3.021510,0.012241,-0.181323,-0.008527,0.523656,0.00000000,0.00000000,-0.745107,-0.013019,0.058826,-0.694305,0.018353,0.058844,0.059708,0.000018
44.955000,0.016922,0.071,0.669812,-0.037257,2.878547,0.012077,-0.188170,0.003067,0.024266,0.00000000,0.00000000,-0.766617,-0.014233,0.058874,-0.716755,0.017093,0.058908,0.058885,0.000034
45.105000,0.017805,0.074,0.068205,-0.030104,2.829524,0.011587,-0.164488,0.003042,0.564983,0.00000000,0.00000000,-0.791395,-0.018455,0.058667,-0.739703,0.012928,0.058685,0.060473,0.000018
45.220000,0.019048,0.078,9.201690,-0.057607,3.212563,0.012278,-0.185992,-0.007272,0.043149,0.00000000,0.00000000,-0.812766,-0.019560,0.058647,-0.761964,0.011811,0.058665,0.059707,0.000018
45.345000,0.020019,0.038,3.196543,-0.040589,3.059815,0.011789,-0.193659,-0.000025,0.230898,0.00000000,0.00000000,-0.836424,-0.020833,0.058687,-0.782952,0.011477,0.058354,0.062476,0.000333
45.465000,0.019839,0.010,3.351628,-0.057532,3.100463,0.012164,-0.164140,-0.000774,0.124040,0.00000000,0.00000000,-0.857717,-0.021158,0.058716,-0.804071,0.011050,0.058448,0.062572,0.000268
45.575000,0.018208,0.005,7.123607,-0.055427,3.262411,0.011451,-0.190323,0.005971,0.899315,0.00000000,0.00000000,-0.876909,-0.020324,0.058555,-0.824965,0.011417,0.058579,0.060874,0.000025
45.695000,0.020380,0.111,0.027459,-0.049615,3.257102,0.011560,-0.182836,-0.011808,0.241056,0.00000000,0.00000000,-0.899881,-0.021133,0.058501,-0.847882,0.010618,0.058528,0.060927,0.000027
45.810000,0.018213,0.053,0.088811,-0.036244,3.086947,0.011650,-0.183554,-0.001167,0.087163,0.00000000,0.00000000,-0.920533,-0.021555,0.058317,-0.869489,0.010138,0.058341,0.060083,0.000024
45.945000,0.018158,0.063,6.232347,-0.051246,2.823037,0.011762,-0.185822,-0.000962,0.569550,0.00000000,0.00000000,-0.946279,-0.022571,0.058282,-0.892494,0.009303,0.058314,0.062521,0.000032
46.065000,0.016766,0.022,0.265755,-0.036344,2.823825,0.011615,-0.175187,0.001654,0.349197,0.00000000,0.00000000,-0.967684,-0.023193,0.058252,-0.913914,0.008574,0.058277,0.062452,0.000025
46.180000,0.017209,0.005,0.183061,-0.051717,2.862132,0.012253,-0.187234,0.005397,0.676586,0.00000000,0.00000000,-0.987686,-0.022771,0.058437,-0.934946,0.009004,0.058462,0.061573,0.000024
46.305000,0.017246,0.018,0.293209,-0.056928,2.874663,0.011483,-0.196110,0.006298,0.905556,0.00000000,0.00000000,-1.010949,-0.024218,0.058429,-0.957961,0.007856,0.058298,0.061939,0.000131
46.420000,0.015440,0.087,5.291446,-0.039845,2.835672,0.011702,-0.193938,-0.004085,0.229366,0.00000000,0.00000000,-1.032799,-0.025959,0.058556,-0.980736,0.006066,0.058425,0.061124,0.000131
46.540000,0.017048,0.071,0.657869,-0.069014,3.046186,0.011911,-0.181511,-0.001326,0.005286,0.00000000,0.00000000,-1.054847,-0.027887,0.058535,-1.002785,0.004140,0.058404,0.061125,0.000131
46.660000,0.014878,0.073,0.217981,-0.046290,3.091538,0.012256,-0.180134,-0.000763,0.200055,0.00000000,0.00000000,-1.076352,-0.029232,0.058322,-1.024290,0.002799,0.058190,0.061126,0.000131
46.785000,0.014561,0.034,6.081433,-0.072261,3.063685,0.012206,-0.186727,-0.001222,0.489347,0.00000000,0.00000000,-1.100005,-0.030469,0.058267,-1.046968,0.001591,0.058136,0.061974,0.000131
46.905000,0.015009,0.108,6.171288,-0.053148,2.961255,0.011992,-0.172928,0.001624,0.420333,0.00000000,0.00000000,-1.121794,-0.032315,0.058280,-1.068813,-0.000233,0.058149,0.061937,0.000131
47.015000,0.017025,0.063,0.296927,-0.045057,2.917815,0.012089,-0.189549,0.002819,0.156025,0.00000000,0.00000000,-1.142342,-0.033306,0.058299,-1.091236,-0.001257,0.058168,0.060323,0.000131
47.115000,0.015864,0.011,0.356763,-0.042823,2.989437,0.011697,-0.209776,0.005918,0.442474,0.00000000,0.00000000,-1.162622,-0.034131,0.058445,-1.109629,-0.001497,0.058092,0.062235,0.000353
47.220000,0.020055,0.088,0.306609,-0.037103,2.777718,0.011576,-0.209473,0.009132,0.058160,0.00000000,0.00000000,-1.185086,-0.035675,0.058451,-1.131011,-0.002958,0.058096,0.063201,0.000356
47.315000,0.018017,0.057,0.337961,-0.049156,2.885106,0.011683,-0.220365,-0.005908,0.204590,0.00000000,0.00000000,-1.206430,-0.036678,0.058686,-1.153564,-0.003993,0.058332,0.062154,0.000354
47.395000,0.019043,0.050,17.853341,-0.054849,3.800565,0.011645,-0.253293,0.000646,0.543187,0.00000000,0.00000000,-1.226990,-0.037055,0.058681,-1.174150,-0.004397,0.058322,0.062118,0.000359
47.495000,0.018643,0.109,0.664741,-0.047589,3.823645,0.011778,-0.249702,-0.000173,0.358460,0.00000000,0.00000000,-1.251350,-0.038587,0.058680,-1.198511,-0.005894,0.058314,0.062135,0.000366
47.595000,0.016365,0.072,0.519246,-0.056472,3.833879,0.011806,-0.253310,-0.001310,0.844186,0.00000000,0.00000000,-1.276052,-0.039980,0.058726,-1.223189,-0.007339,0.058374,0.062128,0.000353
47.690000,0.016552,0.004,2.799340,-0.065818,4.153788,0.012367,-0.237458,-0.009038,0.149347,0.00000000,0.00000000,-1.298930,-0.041463,0.058768,-1.244773,-0.007363,0.058341,0.063999,0.000427
47.790000,0.015885,0.078,0.866493,-0.046560,4.117153,0.010952,-0.250726,0.003947,0.132768,0.00000000,0.00000000,-1.323595,-0.042634,0.058883,-1.269389,-0.008586,0.058448,0.064012,0.000435
47.905000,0.017104,0.001,4.531159,-0.040973,4.299044,0.011244,-0.247306,0.003020,0.099505,0.00000000,0.00000000,-1.351370,-0.044466,0.058810,-1.293557,-0.010200,0.058380,0.067204,0.000430
47.995000,0.015290,0.041,0.883174,-0.026893,4.344024,0.011514,-0.243542,0.003525,0.428537,0.00000000,0.00000000,-1.373582,-0.045586,0.058965,-1.318118,-0.011445,0.058531,0.065129,0.000434
48.100000,0.016556,0.013,0.587282,-0.044308,4.189982,0.011060,-0.210491,-0.002569,0.274442,0.00000000,0.00000000,-1.396088,-0.050385,0.058709,-1.339148,-0.014024,0.058300,0.067559,0.000409
48.195000,0.016393,0.057,0.386303,-0.057237,4.478675,0.010873,-0.238789,-0.005845,0.585676,0.00000000,0.00000000,-1.418785,-0.051170,0.058372,-1.363047,-0.014821,0.057961,0.066543,0.000412
48.305000,0.015990,0.010,0.646411,-0.049405,4.336086,0.010456,-0.252590,-0.010981,0.130788,0.00000000,0.00000000,-1.445885,-0.052844,0.058470,-1.386350,-0.016530,0.058159,0.069736,0.000311
48.400000,0.020023,0.063,0.722953,-0.054003,4.330274,0.010977,-0.242140,-0.000694,0.392567,0.00000000,0.00000000,-1.469288,-0.053659,0.058399,-1.410994,-0.017408,0.058088,0.068646,0.000311
48.480000,0.020272,0.011,3.880880,-0.042827,4.415813,0.010296,-0.265367,0.005000,0.207729,0.00000000,0.00000000,-1.490485,-0.054159,0.058560,-1.431896,-0.018095,0.058132,0.068799,0.000428
48.565000,0.018356,0.008,0.687878,-0.051017,4.305278,0.010409,-0.293990,-0.004330,0.153586,0.00000000,0.00000000,-1.514797,-0.054993,0.058609,-1.453386,-0.018672,0.058163,0.071348,0.000445
48.635000,0.017472,0.056,6.432029,-0.044637,4.454832,0.010826,-0.271896,0.005725,1.021224,0.00000000,0.00000000,-1.534523,-0.056232,0.058619,-1.475914,-0.020024,0.058240,0.068892,0.000379
48.715000,0.018806,0.084,0.622260,-0.068827,4.411531,0.011315,-0.271910,0.003695,0.531472,0.00000000,0.00000000,-1.556785,-0.057679,0.058702,-1.498112,-0.021554,0.058288,0.068902,0.000414
48.800000,0.019609,0.003,0.676727,-0.041961,4.416589,0.011577,-0.281637,0.004855,0.422387,0.00000000,0.00000000,-1.580300,-0.058739,0.058699,-1.521043,-0.022516,0.058219,0.069451,0.000479
48.885000,0.019609,0.110,1.055492,-0.048617,4.429540,0.011552,-0.304197,0.006675,0.818578,0.00000000,0.00000000,-1.605269,-0.059740,0.058692,-1.544490,-0.023382,0.058227,0.070823,0.000465
48.955000,0.018067,0.009,9.476838,-0.052588,4.500458,0.011200,-0.299192,-0.001314,0.515531,0.00000000,0.00000000,-1.626753,-0.061198,0.058688,-1.566810,-0.024564,0.058250,0.070251,0.000438
49.045000,0.018180,0.006,1.200381,-0.040710,4.016513,0.011148,-0.310303,-0.003369,0.203389,0.00000000,0.00000000,-1.654873,-0.062687,0.058640,-1.589623,-0.025648,0.058095,0.075029,0.000545
49.110000,0.018108,0.077,1.097726,-0.048322,4.010055,0.011057,-0.312157,0.000500,0.152557,0.00000000,0.00000000,-1.675181,-0.063793,0.058716,-1.614622,-0.026984,0.058217,0.070868,0.000499
49.200000,0.019176,0.005,1.050279,-0.061595,4.039551,0.011684,-0.315844,0.010378,0.309669,0.00000000,0.00000000,-1.703228,-0.065447,0.058779,-1.640128,-0.028076,0.058363,0.073336,0.000416
49.275000,0.019997,0.001,4.546972,-0.043119,3.866559,0.011454,-0.306482,-0.001656,0.213104,0.00000000,0.00000000,-1.726447,-0.067006,0.058789,-1.664915,-0.029700,0.058373,0.071958,0.000416
49.365000,0.018762,0.039,1.495945,-0.041740,3.717929,0.010839,-0.321925,0.003457,0.010246,0.00000000,0.00000000,-1.754645,-0.068855,0.058673,-1.689989,-0.031379,0.058257,0.074732,0.000417
49.440000,0.018771,0.068,7.934575,-0.030648,3.868693,0.011251,-0.325559,-0.000123,0.736084,0.00000000,0.00000000,-1.778137,-0.070193,0.058780,-1.715039,-0.032791,0.058364,0.073350,0.000416
49.510000,0.017061,0.063,0.965944,-0.068512,3.731280,0.011769,-0.308707,-0.000031,0.044675,0.00000000,0.00000000,-1.799832,-0.071676,0.058850,-1.739853,-0.034457,0.058418,0.070588,0.000432
49.595000,0.016195,0.108,5.824078,-0.043903,3.851951,0.011778,-0.343735,-0.004748,1.110915,0.00000000,0.00000000,-1.827027,-0.073015,0.058843,-1.765612,-0.035659,0.058429,0.071884,0.000414
49.660000,0.017781,0.084,0.918961,-0.050751,3.865615,0.011522,-0.346349,0.002269,0.006272,0.00000000,0.00000000,-1.849536,-0.073591,0.058719,-1.786440,-0.036159,0.058303,0.073364,0.000416
49.725000,0.020956,0.072,1.237942,-0.040414,3.869961,0.011448,-0.352360,-0.003909,0.855456,0.00000000,0.00000000,-1.871875,-0.075090,0.058944,-1.807074,-0.037492,0.058429,0.074918,0.000516
49.770000,0.017087,0.082,1.368400,-0.054498,3.548157,0.011631,-0.335615,-0.002120,0.738368,0.00000000,0.00000000,-1.887110,-0.076288,0.058973,-1.827305,-0.039171,0.058568,0.070387,0.000405
49.855000,0.019650,0.087,1.126399,-0.056174,3.902656,0.011872,-0.337616,-0.000810,0.619750,0.00000000,0.00000000,-1.915131,-0.078706,0.058880,-1.853720,-0.041314,0.058471,0.071899,0.000409
49.925000,0.021025,0.049,0.030369,-0.030158,3.903577,0.012026,-0.340989,-0.000612,0.133697,0.00000000,0.00000000,-1.938731,-0.079995,0.058956,-1.873986,-0.042363,0.058540,0.074888,0.000416
50.005000,0.019427,0.013,8.340484,-0.055138,4.084834,0.012077,-0.327758,-0.005071,0.123132,0.00000000,0.00000000,-1.964902,-0.082696,0.058947,-1.899737,-0.044205,0.058605,0.075683,0.000342
50.070000,0.021189,0.012,0.585459,-0.065701,4.111017,0.012312,-0.332918,-0.008039,0.242954,0.00000000,0.00000000,-1.986480,-0.083135,0.058508,-1.924123,-0.045248,0.058611,0.072963,0.000103
50.145000,0.018436,0.030,3.733286,-0.051591,4.133466,0.012281,-0.347460,0.001135,0.416589,0.00000000,0.00000000,-2.012714,-0.084855,0.058457,-1.945068,-0.046732,0.058541,0.077649,0.000083
50.200000,0.018436,0.103,7.233311,-0.031781,4.293776,0.012299,-0.354033,-0.004053,0.262734,0.00000000,0.00000000,-2.032537,-0.085691,0.058415,-1.966656,-0.047685,0.058497,0.076057,0.000081
50.255000,0.021752,0.076,1.434638,-0.043364,4.356494,0.011827,-0.381136,0.005216,0.496680,0.00000000,0.00000000,-2.053441,-0.086682,0.058484,-1.989389,-0.048823,0.058583,0.074405,0.000099
50.315000,0.020542,0.108,4.823566,-0.056020,4.327149,0.011823,-0.363083,-0.009180,0.185305,0.00000000,0.00000000,-2.075345,-0.088242,0.058528,-2.011299,-0.050324,0.058607,0.074429,0.000079
50.385000,0.021155,0.056,0.339356,-0.024888,4.325177,0.011913,-0.377100,-0.007865,0.704277,0.00000000,0.00000000,-2.101749,-0.089623,0.058660,-2.033920,-0.051571,0.058737,0.077774,0.000077
50.445000,0.020523,0.065,6.808272,-0.043885,4.593860,0.011601,-0.369717,-0.012226,0.381087,0.00000000,0.00000000,-2.123681,-0.091366,0.058656,-2.056017,-0.053201,0.058727,0.077686,0.000071
50.500000,0.020942,0.069,1.431155,-0.048233,4.595722,0.011478,-0.371892,0.004141,0.396180,0.00000000,0.00000000,-2.144085,-0.092507,0.058547,-2.078204,-0.054511,0.058629,0.076053,0.000081
50.560000,0.022272,0.028,0.934384,-0.035354,4.650714,0.011613,-0.382468,-0.000907,0.559078,0.00000000,0.00000000,-2.166832,-0.093491,0.058736,-2.094596,-0.054492,0.058392,0.082092,0.000344
50.620000,0.021597,0.044,3.653421,-0.030711,4.387211,0.011951,-0.376318,-0.002424,0.518171,0.00000000,0.00000000,-2.189324,-0.094284,0.058645,-2.117087,-0.055277,0.058301,0.082096,0.000344
50.680000,0.021665,0.016,1.343672,-0.038472,4.384060,0.011945,-0.369787,0.002848,0.155004,0.00000000,0.00000000,-2.211338,-0.095007,0.058771,-2.137754,-0.056347,0.058564,0.083122,0.000207
50.735000,0.022660,0.012,6.966501,-0.059042,4.521673,0.011549,-0.368583,-0.004399,0.253564,0.00000000,0.00000000,-2.231892,-0.096268,0.058773,-2.160130,-0.057451,0.058527,0.081588,0.000246
50.800000,0.021652,0.020,6.913006,-0.035788,4.546436,0.012023,-0.371073,-0.002174,0.312717,0.00000000,0.00000000,-2.255800,-0.097370,0.058647,-2.182670,-0.058204,0.058533,0.082957,0.000113
50.860000,0.021652,0.096,6.974443,-0.048560,4.621601,0.011348,-0.370128,0.008256,0.141578,0.00000000,0.00000000,-2.278018,-0.098967,0.058778,-2.204888,-0.059800,0.058664,0.082958,0.000113
50.910000,0.023774,0.075,1.265157,-0.036110,4.618068,0.011431,-0.357462,-0.006167,0.149954,0.00000000,0.00000000,-2.295941,-0.100690,0.058632,-2.226521,-0.061731,0.058519,0.079605,0.000112
50.975000,0.020754,0.071,1.704048,-0.045474,4.586864,0.011377,-0.374732,0.008323,0.162421,0.00000000,0.00000000,-2.320023,-0.101940,0.058784,-2.248832,-0.062819,0.058672,0.081231,0.000112
51.045000,0.017645,0.074,1.527746,-0.042422,4.587112,0.011372,-0.368180,-0.007828,0.622016,0.00000000,0.00000000,-2.346133,-0.103588,0.058776,-2.271202,-0.064253,0.058662,0.084628,0.000114
51.090000,0.017466,0.085,0.440975,-0.047931,4.513162,0.010782,-0.361109,-0.005948,0.114254,0.00000000,0.00000000,-2.362728,-0.104504,0.058782,-2.293374,-0.065580,0.058666,0.079530,0.000117
51.155000,0.017194,0.042,4.549938,-0.037926,4.572375,0.010207,-0.378087,0.000333,0.091935,0.00000000,0.00000000,-2.387380,-0.105802,0.058976,-2.316158,-0.066707,0.058853,0.081247,0.000123
51.225000,0.016570,0.068,3.645369,-0.038234,4.492731,0.010370,-0.369392,0.002955,0.403993,0.00000000,0.00000000,-2.413397,-0.107278,0.058934,-2.338403,-0.067978,0.058819,0.084667,0.000115
51.280000,0.019016,0.066,2.008231,-0.017851,4.419379,0.011092,-0.363885,-0.005430,0.144371,0.00000000,0.00000000,-2.433200,-0.107662,0.058972,-2.360072,-0.068477,0.058859,0.082966,0.000113
51.345000,0.018890,0.024,1.539674,-0.042299,4.421540,0.011085,-0.366506,-0.002189,0.439820,0.00000000,0.00000000,-2.457263,-0.109210,0.059174,-2.382350,-0.069850,0.059058,0.084624,0.000116
51.405000,0.017881,0.022,5.185523,-0.041589,4.451484,0.011123,-0.361479,-0.000450,0.241507,0.00000000,0.00000000,-2.479129,-0.110319,0.059056,-2.403964,-0.070292,0.058917,0.085158,0.000139
51.460000,0.015617,0.025,1.803659,-0.046013,4.252277,0.011039,-0.389355,-0.000216,0.730278,0.00000000,0.00000000,-2.500094,-0.111410,0.059131,-2.426937,-0.072182,0.059154,0.083011,0.000024
51.510000,0.018040,0.001,9.789542,-0.055065,4.358827,0.010654,-0.352241,-0.003847,1.327792,0.00000000,0.00000000,-2.518652,-0.112585,0.059143,-2.449087,-0.073442,0.059148,0.079821,0.000005
51.575000,0.018040,0.084,2.941734,-0.056238,4.385727,0.010623,-0.364211,0.006282,0.026425,0.00000000,0.00000000,-2.542492,-0.113566,0.059199,-2.471214,-0.074452,0.059220,0.081304,0.000020
51.635000,0.019173,0.083,3.934263,-0.044627,4.156314,0.009917,-0.362258,-0.005650,0.414592,0.00000000,0.00000000,-2.564762,-0.115128,0.059220,-2.493440,-0.076034,0.059251,0.081334,0.000031
51.705000,0.019935,0.060,1.396039,-0.054193,4.076787,0.009965,-0.371306,-0.003319,0.019365,0.00000000,0.00000000,-2.590732,-0.116615,0.059158,-2.515723,-0.077305,0.059188,0.084685,0.000030
51.750000,0.021405,0.050,9.877893,-0.059606,4.247752,0.009566,-0.379371,-0.003869,0.368865,0.00000000,0.00000000,-2.607583,-0.117461,0.059195,-2.538194,-0.078441,0.059194,0.079608,0.000002
51.825000,0.020950,0.058,1.853959,-0.054627,4.210696,0.009621,-0.358267,-0.000924,0.557361,0.00000000,0.00000000,-2.634750,-0.119550,0.059187,-2.559805,-0.080288,0.059212,0.084607,0.000025
51.880000,0.021686,0.059,7.108756,-0.052980,4.111645,0.009449,-0.360848,-0.000412,0.069004,0.00000000,0.00000000,-2.654480,-0.119973,0.058969,-2.581322,-0.080749,0.058992,0.083010,0.000024
51.930000,0.022018,0.068,10.785248,-0.052976,4.405509,0.009535,-0.373452,0.007869,0.509195,0.00000000,0.00000000,-2.673383,-0.120789,0.059130,-2.603964,-0.081785,0.059172,0.079626,0.000042
51.990000,0.019838,0.030,1.539487,-0.052918,4.348271,0.009474,-0.359531,-0.007666,0.027874,0.00000000,0.00000000,-2.695304,-0.121721,0.059014,-2.625853,-0.082686,0.059045,0.079670,0.000031
52.055000,0.020155,0.029,4.893539,-0.029339,4.297210,0.009273,-0.373793,-0.001710,0.302476,0.00000000,0.00000000,-2.719822,-0.122820,0.059063,-2.648637,-0.083632,0.059092,0.081259,0.000029
52.115000,0.020155,0.107,0.196261,-0.054181,4.217317,0.009359,-0.375589,-0.000827,0.570489,0.00000000,0.00000000,-2.742569,-0.123861,0.059225,-2.671251,-0.084733,0.059249,0.081347,0.000024
52.170000,0.021091,0.014,0.078092,-0.033061,4.211428,0.009534,-0.382281,0.014650,0.126832,0.00000000,0.00000000,-2.763460,-0.124671,0.059197,-2.695027,-0.085092,0.058720,0.079054,0.000477
52.235000,0.021091,0.103,1.811330,-0.046039,4.178494,0.009330,-0.399453,-0.003990,0.497042,0.00000000,0.00000000,-2.789369,-0.126114,0.059422,-2.719031,-0.086403,0.058855,0.080774,0.000567
52.295000,0.021013,0.091,2.124612,-0.034582,4.155293,0.009338,-0.402359,-0.008341,0.581092,0.00000000,0.00000000,-2.813371,-0.127642,0.059272,-2.743133,-0.087876,0.058673,0.080714,0.000599
52.360000,0.021231,0.067,7.307102,-0.053494,4.258587,0.009403,-0.438130,-0.003378,1.051797,0.00000000,0.00000000,-2.841229,-0.128622,0.059248,-2.768910,-0.088728,0.058681,0.082592,0.000567
52.425000,0.022457,0.082,0.523393,-0.031849,4.142511,0.009519,-0.437966,0.004019,0.020448,0.00000000,0.00000000,-2.869468,-0.129735,0.059376,-2.794957,-0.089762,0.058810,0.084556,0.000567
52.480000,0.020918,0.083,3.392533,-0.034140,4.109291,0.009737,-0.455465,-0.006172,0.253429,0.00000000,0.00000000,-2.894668,-0.130846,0.059355,-2.822351,-0.090922,0.058788,0.082606,0.000567
52.535000,0.022305,0.031,14.721165,-0.041952,4.491989,0.009742,-0.466374,-0.002989,0.349258,0.00000000,0.00000000,-2.920550,-0.132316,0.059305,-2.841602,-0.091996,0.059321,0.088649,0.000016
52.605000,0.019083,0.052,6.751025,-0.023872,4.673517,0.010181,-0.470751,-0.000908,0.378008,0.00000000,0.00000000,-2.952937,-0.134229,0.059291,-2.869396,-0.093600,0.059301,0.092897,0.000010
52.650000,0.019759,0.026,0.300584,-0.068150,4.670156,0.010762,-0.463255,-0.004905,0.222743,0.00000000,0.00000000,-2.973778,-0.135719,0.059099,-2.897128,-0.095517,0.059125,0.086553,0.000026
52.710000,0.021448,0.026,15.524859,-0.034158,5.102315,0.011233,-0.464830,-0.002582,0.414985,0.00000000,0.00000000,-3.001211,-0.136900,0.059225,-2.923758,-0.096108,0.059236,0.087538,0.000011
52.775000,0.019334,0.012,2.183785,-0.058944,5.111592,0.011434,-0.463491,0.001117,0.334994,0.00000000,0.00000000,-3.031364,-0.138518,0.059094,-2.951262,-0.097221,0.059021,0.090121,0.000073
52.830000,0.021720,0.002,2.470390,-0.054869,5.023872,0.011879,-0.465242,0.001666,0.247615,0.00000000,0.00000000,-3.056653,-0.139686,0.059171,-2.979702,-0.098386,0.059120,0.087334,0.000051
52.895000,0.021720,0.094,13.741026,-0.056774,5.330955,0.013941,-0.460871,-0.007649,0.957483,0.00000000,0.00000000,-3.086338,-0.142250,0.058755,-3.007155,-0.100661,0.058680,0.089440,0.000075
52.960000,0.020561,0.080,4.759087,-0.021324,5.371999,0.015966,-0.475397,0.004085,0.838786,0.00000000,0.00000000,-3.116773,-0.144097,0.059182,-3.035282,-0.102386,0.059117,0.091545,0.000064
53.020000,0.020580,0.086,0.777653,-0.048827,5.369234,0.015915,-0.458495,0.009536,0.747314,0.00000000,0.00000000,-3.144702,-0.145193,0.059295,-3.063211,-0.103481,0.059231,0.091546,0.000064
53.070000,0.018590,0.083,4.091831,-0.027886,5.350507,0.016102,-0.470220,0.006939,0.886224,0.00000000,0.00000000,-3.167897,-0.146170,0.059336,-3.091179,-0.104675,0.059265,0.087221,0.000071
53.140000,0.019400,0.077,12.499358,-0.045513,5.575112,0.016160,-0.463888,0.001740,0.719124,0.00000000,0.00000000,-3.200468,-0.148248,0.059387,-3.118977,-0.106533,0.059323,0.091548,0.000064
53.195000,0.016726,0.043,2.513331,-0.057239,5.457532,0.016169,-0.472818,-0.000223,0.376179,0.00000000,0.00000000,-3.226202,-0.149437,0.059415,-3.142998,-0.107765,0.058827,0.093057,0.000588
53.265000,0.017951,0.060,6.719996,-0.064763,5.528435,0.016354,-0.466308,0.001470,0.122216,0.00000000,0.00000000,-3.258651,-0.151187,0.059442,-3.170847,-0.109318,0.058855,0.097276,0.000587
53.310000,0.018300,0.021,0.090712,-0.063422,5.505901,0.016594,-0.460186,-0.008485,0.192230,0.00000000,0.00000000,-3.279172,-0.151806,0.058958,-3.197884,-0.110435,0.059106,0.091210,0.000148
53.375000,0.019237,0.009,7.306096,-0.069662,5.600495,0.016856,-0.454344,-0.006553,0.427949,0.00000000,0.00000000,-3.308973,-0.153827,0.058709,-3.225472,-0.112369,0.059064,0.093226,0.000356
53.435000,0.020760,0.018,14.220785,-0.040744,5.829080,0.017903,-0.458031,-0.003958,0.053932,0.00000000,0.00000000,-3.336493,-0.155199,0.058597,-3.253990,-0.113758,0.058610,0.092326,0.000013
53.490000,0.020760,0.107,0.351629,-0.046481,5.829653,0.017797,-0.467305,-0.000000,0.122577,0.00000000,0.00000000,-3.361962,-0.156963,0.058641,-3.281869,-0.115704,0.058651,0.090096,0.000010
53.565000,0.018340,0.009,2.576032,-0.038360,5.842430,0.017772,-0.464965,-0.004578,0.501827,0.00000000,0.00000000,-3.397279,-0.159101,0.058666,-3.312033,-0.117041,0.058489,0.095058,0.000177
53.615000,0.018340,0.085,3.033847,-0.055727,5.668443,0.017810,-0.464800,-0.000528,0.143052,0.00000000,0.00000000,-3.420682,-0.160523,0.058676,-3.340208,-0.118751,0.058508,0.090670,0.000168
53.685000,0.018095,0.058,4.746100,-0.045011,5.698485,0.017813,-0.476770,0.002292,0.503552,0.00000000,0.00000000,-3.453771,-0.162555,0.058800,-3.368531,-0.120482,0.058623,0.095058,0.000177
53.745000,0.020567,0.079,7.221150,-0.049505,5.737174,0.017737,-0.464204,0.010470,0.361628,0.00000000,0.00000000,-3.481360,-0.164239,0.058910,-3.396231,-0.122172,0.058744,0.094955,0.000166
53.800000,0.018814,0.063,13.478458,-0.027381,5.970186,0.017796,-0.454680,-0.000691,0.256270,0.00000000,0.00000000,-3.506390,-0.165209,0.058610,-3.423542,-0.123226,0.058436,0.092877,0.000173
53.865000,0.016480,0.046,4.035413,-0.034468,6.026546,0.017987,-0.469909,0.002270,0.093704,0.00000000,0.00000000,-3.536839,-0.166767,0.058458,-3.451661,-0.124634,0.058282,0.095029,0.000175
53.920000,0.018365,0.036,2.694471,-0.037515,6.057910,0.018047,-0.468530,-0.005650,0.702329,0.00000000,0.00000000,-3.562750,-0.168310,0.058652,-3.477231,-0.126334,0.058268,0.095266,0.000384
53.970000,0.018809,0.024,7.238776,-0.071307,6.129660,0.018450,-0.464475,-0.000686,0.298333,0.00000000,0.00000000,-3.585969,-0.169701,0.058558,-3.504414,-0.127461,0.058164,0.091845,0.000394
54.045000,0.018809,0.116,7.086838,-0.043895,6.170694,0.018109,-0.463736,0.001897,0.260288,0.00000000,0.00000000,-3.620803,-0.171635,0.058640,-3.532382,-0.128999,0.058225,0.098163,0.000415
54.095000,0.019483,0.013,0.984677,-0.087601,6.164109,0.019004,-0.457396,-0.003751,0.028154,0.00000000,0.00000000,-3.643317,-0.173747,0.058475,-3.560362,-0.130928,0.058149,0.093354,0.000326
54.165000,0.019483,0.098,8.574136,-0.036903,6.238161,0.019134,-0.452179,-0.002915,0.052400,0.00000000,0.00000000,-3.674811,-0.175260,0.058511,-3.587536,-0.132272,0.058189,0.097287,0.000322
54.245000,0.018881,0.009,0.883713,-0.047536,5.834347,0.019633,-0.259454,0.006219,2.213908,0.00000000,0.00000000,-3.697756,-0.174683,0.059455,-3.615243,-0.132628,0.058241,0.092612,0.001215
55.120000,0.017584,0.046,0.063269,0.000140,3.659591,0.026339,0.016548,0.061013,0.844013,0.00000000,0.00000000,-3.703534,-0.178406,0.080083,-3.621965,-0.136249,0.079182,0.091819,0.000901
55.250000,0.018837,0.038,6.992868,0.134377,3.684454,0.052080,0.010225,0.218153,0.035499,0.00000000,0.00000000,-3.703576,-0.178520,0.101271,-3.622053,-0.136338,0.102711,0.091790,0.001440
55.335000,0.019058,0.082,0.780739,0.334187,3.609746,0.090050,0.006351,0.345760,0.609360,0.00000000,0.00000000,-3.704307,-0.178145,0.127649,-3.622740,-0.135979,0.128543,0.091821,0.000894
55.395000,0.018308,0.073,1.103498,0.336285,3.443269,0.101218,0.003083,0.392988,0.004970,0.00000000,0.00000000,-3.704311,-0.177865,0.150410,-3.622736,-0.135701,0.151737,0.091827,0.001327
55.450000,0.016847,0.069,1.123837,0.425589,2.918180,0.130537,-0.001039,0.492305,0.212002,0.00000000,0.00000000,-3.704059,-0.177855,0.176466,-3.622474,-0.135814,0.180472,0.091779,0.004006
55.500000,0.017456,0.002,2.175723,0.529618,2.832489,0.147573,-0.011139,0.555347,0.730593,0.00000000,0.00000000,-3.704107,-0.178001,0.204087,-3.622538,-0.135843,0.203186,0.091820,0.000901
55.545000,0.017456,0.074,7.239990,0.573018,2.920178,0.178487,-0.014024,0.610430,0.634418,0.00000000,0.00000000,-3.704993,-0.177693,0.231723,-3.623393,-0.135563,0.227727,0.091833,0.003996
55.580000,0.018511,0.051,0.845360,0.608531,2.883719,0.193493,0.004692,0.649494,0.295939,0.00000000,0.00000000,-3.705105,-0.177539,0.254474,-3.623535,-0.135380,0.253572,0.091820,0.000901
55.620000,0.018511,0.097,7.791414,0.641809,2.910061,0.207861,0.005610,0.704536,0.222333,0.00000000,0.00000000,-3.705099,-0.177651,0.283092,-3.623530,-0.135492,0.282190,0.091820,0.000901
55.665000,0.017110,0.064,2.879287,0.733374,2.813428,0.225375,0.004415,0.775712,0.251291,0.00000000,0.00000000,-3.704663,-0.178284,0.318605,-3.623109,-0.136015,0.313706,0.091857,0.004900
55.700000,0.017186,0.057,4.593958,0.798980,2.694206,0.259880,-0.003171,0.815263,0.531148,0.00000000,0.00000000,-3.704930,-0.177963,0.347369,-3.623360,-0.135804,0.346467,0.091820,0.000901
55.745000,0.017186,0.101,8.444520,0.898830,2.968912,0.278633,0.005452,0.882132,0.281609,0.00000000,0.00000000,-3.704623,-0.177794,0.387845,-3.623247,-0.135590,0.382172,0.091669,0.005673
55.780000,0.017186,0.160,2.703982,0.876033,2.989867,0.294748,0.010398,0.960593,0.442339,0.00000000,0.00000000,-3.704456,-0.177774,0.421700,-3.622886,-0.135615,0.420798,0.091820,0.000901
55.800000,0.014559,0.029,12.382974,0.993498,3.240065,0.314396,-0.009214,0.982180,0.980557,0.00000000,0.00000000,-3.704607,-0.178197,0.442182,-3.623038,-0.136038,0.441281,0.091820,0.000901
55.815000,0.014559,0.045,12.382974,0.993498,3.240065,0.314396,0.001786,1.022053,0.549956,0.00000000,0.00000000,-3.704736,-0.177960,0.457739,-3.623155,-0.135799,0.461908,0.091831,0.004169
55.835000,0.013874,0.026,22.436117,0.961137,4.468742,0.330495,-0.005510,1.026583,0.364771,0.00000000,0.00000000,-3.704745,-0.177983,0.478157,-3.623190,-0.135885,0.482388,0.091780,0.004231
55.865000,0.013874,0.046,22.436117,0.961137,4.468742,0.330495,-0.004097,1.035882,0.070649,0.00000000,0.00000000,-3.704535,-0.178512,0.509365,-3.623079,-0.136190,0.503253,0.091795,0.006113
55.880000,0.013874,0.068,9.396767,1.000422,4.685576,0.345882,-0.001794,1.046839,0.115154,0.00000000,0.00000000,-3.704307,-0.179034,0.525129,-3.622739,-0.136876,0.524228,0.091819,0.000901
55.900000,0.018073,0.053,6.224864,1.134821,4.750347,0.365702,-0.007919,1.103471,0.306253,0.00000000,0.00000000,-3.704191,-0.179997,0.548966,-3.622623,-0.137839,0.548064,0.091818,0.000901
55.910000,0.018073,0.072,6.224864,1.134821,4.750347,0.365702,-0.029097,1.143674,1.058901,0.00000000,0.00000000,-3.704087,-0.180172,0.560705,-3.622542,-0.138056,0.571194,0.091779,0.010489
55.930000,0.018073,0.097,36.712379,1.165483,6.917934,0.383902,-0.009245,1.168302,0.992571,0.00000000,0.00000000,-3.704165,-0.180175,0.583567,-3.622676,-0.138213,0.594646,0.091659,0.011079
55.965000,0.018073,0.120,36.712379,1.165483,6.917934,0.383902,-0.017897,1.195805,0.432573,0.00000000,0.00000000,-3.705429,-0.180681,0.626851,-3.623473,-0.138484,0.619571,0.092182,0.007280
55.975000,0.015521,0.045,0.650800,1.191928,6.917592,0.400894,-0.040917,1.234614,1.151022,0.00000000,0.00000000,-3.705705,-0.180921,0.639183,-3.624131,-0.138823,0.644481,0.091797,0.005298
55.990000,0.015521,0.065,3.874573,1.192682,6.954942,0.416105,-0.020619,1.258982,1.014920,0.00000000,0.00000000,-3.705682,-0.181105,0.657784,-3.624027,-0.138861,0.669313,0.091935,0.011528
56.010000,0.015521,0.092,3.874573,1.192682,6.954942,0.416105,-0.003529,1.234839,0.854479,0.00000000,0.00000000,-3.705544,-0.180971,0.682471,-3.623909,-0.138716,0.693793,0.091923,0.011322
56.040000,0.016690,0.026,0.937589,1.229385,6.953399,0.430841,-0.010247,1.233582,0.335891,0.00000000,0.00000000,-3.706376,-0.180846,0.719685,-3.624810,-0.138685,0.718784,0.091818,0.000901
56.060000,0.016690,0.048,0.937589,1.229385,6.953399,0.430841,-0.040144,1.230518,1.494832,0.00000000,0.00000000,-3.707181,-0.181596,0.743806,-3.625615,-0.139435,0.742905,0.091818,0.000901
56.075000,0.016690,0.080,11.248004,1.238923,7.088013,0.443663,-0.033396,1.238472,0.337371,0.00000000,0.00000000,-3.706950,-0.181648,0.763006,-3.625365,-0.139469,0.768267,0.091843,0.005260
56.090000,0.017372,0.016,8.524916,1.214946,7.152960,0.454264,-0.008225,1.248223,1.258585,0.00000000,0.00000000,-3.706849,-0.181549,0.781609,-3.625293,-0.139335,0.793230,0.091834,0.011622
56.110000,0.017372,0.036,8.524916,1.214946,7.152960,0.454264,0.016056,1.252709,1.214037,0.00000000,0.00000000,-3.706699,-0.181370,0.806621,-3.625238,-0.139139,0.818423,0.091757,0.011802
56.130000,0.017372,0.059,1.712293,1.224761,7.149936,0.463429,0.000634,1.266002,0.771106,0.00000000,0.00000000,-3.706808,-0.181173,0.832105,-3.625395,-0.138870,0.843836,0.091748,0.011732
56.165000,0.017372,0.081,1.712293,1.224761,7.149936,0.463429,-0.009281,1.262272,0.495738,0.00000000,0.00000000,-3.706920,-0.181039,0.875788,-3.625325,-0.138958,0.868824,0.091808,0.006965
56.175000,0.019060,0.034,4.974474,1.192198,7.208290,0.470163,0.012450,1.246531,1.086542,0.00000000,0.00000000,-3.706657,-0.180861,0.887997,-3.625029,-0.138566,0.893329,0.091935,0.005332
56.195000,0.019060,0.059,9.317587,1.269874,7.367414,0.477756,0.017722,1.253842,0.263579,0.00000000,0.00000000,-3.706809,-0.180476,0.913354,-3.625428,-0.138244,0.919009,0.091686,0.005656
56.215000,0.019060,0.078,9.317587,1.269874,7.367414,0.477756,-0.001399,1.261845,0.956014,0.00000000,0.00000000,-3.707185,-0.180548,0.938808,-3.625653,-0.138437,0.944232,0.091765,0.005424
56.240000,0.020812,0.040,2.975791,1.160523,7.368126,0.480545,-0.016315,1.250437,0.745815,0.00000000,0.00000000,-3.707205,-0.180985,0.969650,-3.625638,-0.138824,0.968748,0.091819,0.000901
56.260000,0.020812,0.060,21.137798,1.213910,7.860269,0.484072,0.001094,1.253590,0.870460,0.00000000,0.00000000,-3.707078,-0.180941,0.994575,-3.625511,-0.138780,0.993674,0.091819,0.000901
56.275000,0.020812,0.090,21.137798,1.213910,7.860269,0.484072,0.002834,1.233466,0.087002,0.00000000,0.00000000,-3.707204,-0.181042,1.013353,-3.625657,-0.138973,1.018663,0.091759,0.005310
56.305000,0.018230,0.015,5.943544,1.255862,7.934704,0.486920,-0.019410,1.238340,1.112230,0.00000000,0.00000000,-3.708355,-0.181216,1.050356,-3.626728,-0.138981,1.043075,0.091907,0.007280
56.325000,0.018230,0.035,5.943544,1.255862,7.934704,0.486920,-0.010967,1.223233,0.422181,0.00000000,0.00000000,-3.708609,-0.180854,1.073899,-3.627012,-0.138810,1.067178,0.091792,0.006721
56.345000,0.018230,0.061,9.624641,1.178508,8.091277,0.486278,0.010469,1.226299,1.071782,0.00000000,0.00000000,-3.708777,-0.180184,1.098655,-3.627190,-0.138114,1.091371,0.091796,0.007284
56.360000,0.018230,0.097,9.534911,1.179231,8.238499,0.484209,0.019716,1.228784,0.462333,0.00000000,0.00000000,-3.708802,-0.180105,1.117347,-3.627235,-0.137943,1.116446,0.091820,0.000901
56.370000,0.018435,0.022,9.534911,1.179231,8.238499,0.484209,-0.009120,1.257637,1.441754,0.00000000,0.00000000,-3.708947,-0.180109,1.129675,-3.627904,-0.138307,1.142002,0.091189,0.012327
56.390000,0.018435,0.044,22.207740,1.177796,8.735031,0.481380,-0.024030,1.272655,0.745531,0.00000000,0.00000000,-3.709973,-0.180766,1.156139,-3.628317,-0.138672,1.167843,0.091867,0.011705
56.425000,0.018435,0.068,22.207740,1.177796,8.735031,0.481380,-0.017329,1.274206,0.335062,0.00000000,0.00000000,-3.709867,-0.180419,1.199504,-3.628320,-0.138381,1.192378,0.091744,0.007127
56.440000,0.021691,0.058,1.691597,1.186042,8.732256,0.478139,0.007073,1.241870,1.220096,0.00000000,0.00000000,-3.710117,-0.180327,1.218573,-3.628550,-0.138164,1.217672,0.091820,0.000901
56.460000,0.021691,0.076,0.002546,1.224733,8.733005,0.474664,0.000319,1.256956,0.337686,0.00000000,0.00000000,-3.710215,-0.180599,1.243216,-3.628648,-0.138436,1.242315,0.091820,0.000901
56.475000,0.021691,0.099,0.002546,1.224733,8.733005,0.474664,-0.017330,1.253523,0.882464,0.00000000,0.00000000,-3.710255,-0.181048,1.261884,-3.628594,-0.138975,1.267268,0.091862,0.005384
56.495000,0.021251,0.037,5.631140,1.195403,8.745514,0.470038,-0.007206,1.234477,0.506201,0.00000000,0.00000000,-3.710151,-0.181033,1.286527,-3.628631,-0.138756,1.291777,0.091831,0.005250
56.525000,0.021251,0.066,4.451053,1.202872,8.748936,0.464444,0.001049,1.230798,0.412766,0.00000000,0.00000000,-3.710326,-0.180950,1.323578,-3.628781,-0.138610,1.316492,0.091882,0.007085
56.535000,0.021251,0.083,4.451053,1.202872,8.748936,0.464444,0.003436,1.220372,0.119348,0.00000000,0.00000000,-3.710616,-0.180933,1.335712,-3.629232,-0.138634,1.340769,0.091720,0.005057
56.555000,0.023326,0.005,3.948003,1.121714,8.785888,0.456158,0.007182,1.196154,0.187296,0.00000000,0.00000000,-3.711019,-0.180558,1.358969,-3.629710,-0.138129,1.364103,0.091714,0.005133
56.570000,0.023326,0.027,3.948003,1.121714,8.785888,0.456158,0.020212,1.183766,0.651488,0.00000000,0.00000000,-3.711393,-0.179858,1.376449,-3.629784,-0.137555,1.388075,0.091921,0.011626
56.590000,0.023326,0.053,7.787914,1.274819,8.819228,0.449335,0.013307,1.220500,0.345275,0.00000000,0.00000000,-3.711287,-0.179780,1.401314,-3.629485,-0.137604,1.413049,0.092034,0.011735
56.610000,0.023326,0.067,7.787914,1.274819,8.819228,0.449335,-0.012926,1.247442,1.311608,0.00000000,0.00000000,-3.711152,-0.180011,1.426264,-3.629771,-0.138098,1.437973,0.091541,0.011709
56.635000,0.022926,0.029,2.449888,1.141977,8.814493,0.438485,-0.017779,1.245615,0.242682,0.00000000,0.00000000,-3.711478,-0.180287,1.456983,-3.629900,-0.138207,1.462278,0.091791,0.005294
56.665000,0.022926,0.058,2.627870,1.199600,8.836054,0.426792,-0.005761,1.224984,0.600920,0.00000000,0.00000000,-3.711445,-0.180162,1.494088,-3.629882,-0.138058,1.486959,0.091789,0.007129
56.680000,0.022926,0.078,2.627870,1.199600,8.836054,0.426792,-0.002951,1.238185,0.140505,0.00000000,0.00000000,-3.711413,-0.180250,1.512607,-3.629845,-0.138086,1.511706,0.091821,0.000901
56.700000,0.025134,0.020,2.801464,1.207796,8.799543,0.414018,-0.017744,1.249825,0.739637,0.00000000,0.00000000,-3.711552,-0.180871,1.537712,-3.629985,-0.138707,1.536810,0.091820,0.000901
56.720000,0.025134,0.040,2.801464,1.207796,8.799543,0.414018,-0.039429,1.271545,1.084272,0.00000000,0.00000000,-3.711493,-0.181778,1.563764,-3.629928,-0.139613,1.562863,0.091820,0.000901
56.740000,0.025134,0.067,6.573398,1.182206,8.813601,0.399119,-0.021894,1.265245,0.876754,0.00000000,0.00000000,-3.711536,-0.181625,1.588122,-3.629970,-0.139460,1.587220,0.091820,0.000901
56.755000,0.022489,0.044,6.120271,1.200526,8.821787,0.381542,-0.007731,1.242728,0.708124,0.00000000,0.00000000,-3.711425,-0.181566,1.606390,-3.629900,-0.139441,1.611732,0.091765,0.005342
56.770000,0.022489,0.066,6.120271,1.200526,8.821787,0.381542,-0.008954,1.237127,0.061138,0.00000000,0.00000000,-3.711386,-0.181530,1.625145,-3.629973,-0.139719,1.636775,0.091521,0.011630
56.790000,0.022489,0.087,9.395140,1.201781,8.973285,0.365785,-0.021407,1.245977,0.622642,0.00000000,0.00000000,-3.711502,-0.182208,1.650367,-3.629752,-0.140275,1.661803,0.091878,0.011436
56.810000,0.023590,0.003,9.395140,1.201781,8.973285,0.365785,-0.019332,1.239182,0.103731,0.00000000,0.00000000,-3.711107,-0.182498,1.675124,-3.629500,-0.140181,1.686631,0.091926,0.011507
56.835000,0.023590,0.049,0.530563,1.175003,8.952803,0.349143,0.009282,1.239012,1.430725,0.00000000,0.00000000,-3.710943,-0.181910,1.706053,-3.629366,-0.139714,1.711224,0.091844,0.005171
56.855000,0.023590,0.074,3.126550,1.162160,8.947530,0.332855,0.008609,1.225898,0.033661,0.00000000,0.00000000,-3.710944,-0.182021,1.730671,-3.629353,-0.139998,1.735866,0.091776,0.005196
56.885000,0.023590,0.097,3.126550,1.162160,8.947530,0.332855,-0.010631,1.247747,0.961999,0.00000000,0.00000000,-3.711255,-0.182222,1.769024,-3.629577,-0.139948,1.761772,0.091969,0.007252
56.900000,0.021584,0.048,0.273351,1.156018,8.925747,0.312192,-0.005543,1.254366,0.254411,0.00000000,0.00000000,-3.711483,-0.182155,1.786898,-3.629917,-0.139990,1.785997,0.091819,0.000901
56.925000,0.021584,0.079,7.377099,1.191825,8.947392,0.295179,-0.012504,1.216853,0.348075,0.00000000,0.00000000,-3.711387,-0.182195,1.817079,-3.629817,-0.140046,1.810031,0.091816,0.007049
56.940000,0.021584,0.100,7.377099,1.191825,8.947392,0.295179,-0.006713,1.188148,0.289591,0.00000000,0.00000000,-3.710908,-0.182342,1.834214,-3.629343,-0.140178,1.833313,0.091819,0.000901
56.960000,0.023284,0.039,3.050482,1.208498,8.977206,0.278731,-0.016309,1.195089,0.479840,0.00000000,0.00000000,-3.710468,-0.182848,1.858341,-3.628903,-0.140684,1.857440,0.091818,0.000901
56.985000,0.023284,0.059,3.050482,1.208498,8.977206,0.278731,-0.017100,1.196901,0.039517,0.00000000,0.00000000,-3.710631,-0.182743,1.889154,-3.628997,-0.140618,1.882095,0.091862,0.007059
57.000000,0.023284,0.084,33.032286,1.170045,9.948798,0.261716,-0.001094,1.234464,0.800275,0.00000000,0.00000000,-3.710781,-0.182637,1.907582,-3.629216,-0.140473,1.906681,0.091819,0.000901
57.015000,0.023201,0.049,7.051995,1.117733,10.030811,0.242089,0.007462,1.225613,0.427816,0.00000000,0.00000000,-3.710838,-0.182668,1.926124,-3.629117,-0.140623,1.931090,0.091902,0.004966
57.030000,0.023201,0.069,7.051995,1.117733,10.030811,0.242089,-0.018749,1.184974,1.310552,0.00000000,0.00000000,-3.710530,-0.183169,1.943522,-3.629155,-0.141589,1.953563,0.091382,0.010041
57.050000,0.023201,0.092,9.361945,1.156746,10.155317,0.226259,-0.024790,1.169813,0.302070,0.00000000,0.00000000,-3.710723,-0.183968,1.966569,-3.629448,-0.141924,1.977597,0.091506,0.011028
57.085000,0.024732,0.008,9.361945,1.156746,10.155317,0.226259,-0.010546,1.176355,0.712192,0.00000000,0.00000000,-3.711516,-0.184079,2.008912,-3.629932,-0.141938,2.001785,0.091825,0.007127
57.100000,0.024732,0.050,3.685028,1.177450,10.142394,0.207435,-0.001302,1.219804,0.462224,0.00000000,0.00000000,-3.711554,-0.184350,2.027270,-3.629990,-0.142186,2.026369,0.091818,0.000901
57.115000,0.024732,0.073,9.455810,1.168027,10.262775,0.192225,-0.016596,1.223311,0.764684,0.00000000,0.00000000,-3.711356,-0.184923,2.045617,-3.629726,-0.142978,2.050687,0.091776,0.005070
57.135000,0.024732,0.090,9.455810,1.168027,10.262775,0.192225,-0.017060,1.211768,0.023215,0.00000000,0.00000000,-3.711293,-0.185562,2.069802,-3.629956,-0.143413,2.074795,0.091609,0.004993
57.155000,0.022234,0.006,22.448367,1.206770,10.592036,0.176234,-0.018205,1.221006,0.057237,0.00000000,0.00000000,-3.711833,-0.185371,2.094252,-3.630346,-0.143142,2.099531,0.091780,0.005279
57.185000,0.022234,0.028,22.448367,1.206770,10.592036,0.176234,0.014062,1.222320,1.613353,0.00000000,0.00000000,-3.711660,-0.185142,2.131008,-3.630208,-0.143037,2.124062,0.091691,0.006946
57.200000,0.022234,0.054,9.518045,1.161237,10.719149,0.159024,0.000074,1.233454,0.699398,0.00000000,0.00000000,-3.711397,-0.185373,2.149723,-3.629834,-0.143208,2.148821,0.091817,0.000901
57.220000,0.020959,0.021,1.577015,1.234856,10.733044,0.142155,-0.020935,1.231565,1.050447,0.00000000,0.00000000,-3.711253,-0.185785,2.174580,-3.629691,-0.143620,2.173679,0.091816,0.000901
57.230000,0.020959,0.044,1.577015,1.234856,10.733044,0.142155,-0.007580,1.250248,0.667706,0.00000000,0.00000000,-3.711414,-0.185682,2.187239,-3.629884,-0.143495,2.198578,0.091798,0.011339
57.265000,0.020959,0.068,1.771044,1.200287,10.708838,0.124091,0.005142,1.234491,0.636104,0.00000000,0.00000000,-3.711356,-0.185434,2.230568,-3.629793,-0.143364,2.223279,0.091773,0.007288
57.280000,0.020959,0.088,1.771044,1.200287,10.708838,0.124091,0.003553,1.244844,0.079435,0.00000000,0.00000000,-3.711132,-0.185349,2.248979,-3.629569,-0.143185,2.248077,0.091817,0.000901
57.295000,0.020409,0.035,15.846348,1.123290,10.838517,0.109574,0.002262,1.215961,0.064545,0.00000000,0.00000000,-3.711056,-0.185238,2.266697,-3.629510,-0.143014,2.271647,0.091829,0.004951
57.310000,0.020409,0.056,6.876720,1.164667,10.843736,0.096552,-0.005074,1.190229,0.366823,0.00000000,0.00000000,-3.711118,-0.185333,2.284588,-3.629638,-0.143167,2.295924,0.091744,0.011336
57.345000,0.020409,0.088,6.876720,1.164667,10.843736,0.096552,0.006095,1.203096,0.558469,0.00000000,0.00000000,-3.710895,-0.185021,2.327483,-3.629403,-0.143062,2.320189,0.091660,0.007294
57.360000,0.020409,0.118,6.710399,1.219002,10.799163,0.082222,-0.007110,1.229012,0.660263,0.00000000,0.00000000,-3.710559,-0.185468,2.346073,-3.628997,-0.143304,2.345171,0.091816,0.000901
57.375000,0.020998,0.015,6.710399,1.219002,10.799163,0.082222,-0.025680,1.226835,0.928468,0.00000000,0.00000000,-3.710228,-0.185917,2.364639,-3.628561,-0.143815,2.370043,0.091880,0.005404
57.395000,0.020998,0.035,3.054515,1.131505,10.668148,0.073062,-0.021085,1.238035,0.229710,0.00000000,0.00000000,-3.710366,-0.186134,2.388958,-3.628829,-0.143934,2.394196,0.091810,0.005238
57.415000,0.021311,0.024,7.657729,1.164611,10.748328,0.059776,-0.008983,1.220200,0.605108,0.00000000,0.00000000,-3.710578,-0.186077,2.413506,-3.629068,-0.143870,2.418702,0.091789,0.005196
57.430000,0.021311,0.043,7.657729,1.164611,10.748328,0.059776,-0.003118,1.223207,0.293263,0.00000000,0.00000000,-3.710567,-0.186106,2.431949,-3.628807,-0.144243,2.443429,0.091854,0.011480
57.465000,0.021311,0.073,0.352162,1.143502,10.683984,0.054023,-0.008358,1.226632,0.261993,0.00000000,0.00000000,-3.710170,-0.187012,2.474290,-3.628595,-0.144742,2.467459,0.091876,0.006831
57.480000,0.021311,0.092,0.352162,1.143502,10.683984,0.054023,-0.011057,1.221603,0.134974,0.00000000,0.00000000,-3.710428,-0.187023,2.493120,-3.628867,-0.144859,2.492219,0.091815,0.000901
57.495000,0.021327,0.019,10.528163,1.181856,10.380519,0.044148,0.009035,1.230304,1.004595,0.00000000,0.00000000,-3.710439,-0.186957,2.511810,-3.628804,-0.144716,2.516861,0.091916,0.005051
57.525000,0.021327,0.042,2.463093,1.151007,10.230261,0.035925,-0.005699,1.222787,0.736679,0.00000000,0.00000000,-3.709860,-0.186916,2.547147,-3.628321,-0.144549,2.540851,0.091889,0.006296
57.540000,0.021327,0.066,2.463093,1.151007,10.230261,0.035925,-0.013227,1.185741,0.376402,0.00000000,0.00000000,-3.709813,-0.186963,2.564590,-3.628252,-0.144800,2.563688,0.091815,0.000901
57.560000,0.024459,0.023,9.589847,1.135311,10.374687,0.035911,-0.009466,1.167498,0.188058,0.00000000,0.00000000,-3.710172,-0.186974,2.588042,-3.628610,-0.144811,2.587141,0.091815,0.000901
57.580000,0.024459,0.044,5.218159,1.186880,9.237015,0.035785,0.017386,1.189074,1.342604,0.00000000,0.00000000,-3.710660,-0.187100,2.612460,-3.629099,-0.144936,2.611558,0.091815,0.000901
57.600000,0.024459,0.076,5.218159,1.186880,9.237015,0.035785,0.008879,1.232770,0.425351,0.00000000,0.00000000,-3.710933,-0.187300,2.637464,-3.629372,-0.145135,2.636563,0.091815,0.000901
57.620000,0.020457,0.036,9.462177,1.221302,9.369489,0.036101,-0.004094,1.245302,0.648634,0.00000000,0.00000000,-3.710732,-0.187757,2.662838,-3.629171,-0.145593,2.661937,0.091815,0.000901
57.645000,0.020457,0.055,9.462177,1.221302,9.369489,0.036101,-0.007755,1.257901,0.183072,0.00000000,0.00000000,-3.710849,-0.187852,2.693683,-3.629303,-0.145675,2.686607,0.091807,0.007076
57.665000,0.020457,0.078,3.613042,1.215032,9.366365,0.036300,-0.001347,1.226550,0.320391,0.00000000,0.00000000,-3.711161,-0.187687,2.718561,-3.629506,-0.145553,2.711409,0.091885,0.007152
57.680000,0.023029,0.026,1.649948,1.151257,9.378426,0.036166,0.010472,1.231799,0.590970,0.00000000,0.00000000,-3.710939,-0.187594,2.736902,-3.629379,-0.145430,2.736000,0.091815,0.000901
57.690000,0.023029,0.046,1.649948,1.151257,9.378426,0.036166,-0.013622,1.237341,1.204718,0.00000000,0.00000000,-3.710666,-0.187753,2.749210,-3.628821,-0.145658,2.760827,0.092036,0.011616
57.725000,0.023029,0.076,1.350304,1.201545,9.290088,0.035453,-0.017079,1.226310,0.172851,0.00000000,0.00000000,-3.710171,-0.187883,2.792265,-3.628588,-0.145715,2.785269,0.091836,0.006997
57.745000,0.023029,0.092,1.350304,1.201545,9.290088,0.035453,-0.011908,1.224120,0.258548,0.00000000,0.00000000,-3.710384,-0.187967,2.816701,-3.628847,-0.145852,2.809671,0.091772,0.007030
57.760000,0.022444,0.025,1.950940,1.187401,9.236815,0.035207,0.000095,1.221805,0.600170,0.00000000,0.00000000,-3.710246,-0.187851,2.834979,-3.628686,-0.145687,2.834078,0.091814,0.000901
57.780000,0.022444,0.045,2.506169,1.224049,9.237988,0.035191,-0.016426,1.230183,0.826055,0.00000000,0.00000000,-3.709659,-0.188095,2.859933,-3.628099,-0.145932,2.859032,0.091814,0.000901
57.795000,0.022444,0.071,2.506169,1.224049,9.237988,0.035191,-0.017372,1.236610,0.047314,0.00000000,0.00000000,-3.709279,-0.188206,2.878675,-3.627780,-0.146092,2.883832,0.091737,0.005158
57.815000,0.022444,0.103,14.666508,1.164248,9.373695,0.035296,-0.005288,1.229158,0.604218,0.00000000,0.00000000,-3.709569,-0.188022,2.902778,-3.628046,-0.145867,2.907999,0.091777,0.005221
57.840000,0.021567,0.021,14.666508,1.164248,9.373695,0.035296,0.005910,1.221426,0.559876,0.00000000,0.00000000,-3.709692,-0.187869,2.933438,-3.628132,-0.145706,2.932536,0.091814,0.000901
57.855000,0.021567,0.051,1.310727,1.057000,9.238076,0.037518,-0.006982,1.177894,0.644595,0.00000000,0.00000000,-3.709612,-0.188059,2.950497,-3.628138,-0.145884,2.955214,0.091743,0.004717
57.870000,0.021567,0.068,6.230958,1.156929,9.255893,0.037559,-0.002192,1.175439,0.239519,0.00000000,0.00000000,-3.709557,-0.188250,2.967923,-3.627994,-0.146179,2.979023,0.091774,0.011100
57.905000,0.023139,0.006,6.230958,1.156929,9.255893,0.037559,-0.000753,1.184364,0.071953,0.00000000,0.00000000,-3.709374,-0.188256,3.010364,-3.627894,-0.146185,3.003352,0.091700,0.007012
57.925000,0.023139,0.027,2.068739,1.258569,8.847675,0.038858,-0.003295,1.222146,0.127126,0.00000000,0.00000000,-3.708988,-0.187908,3.035207,-3.627663,-0.145935,3.028187,0.091518,0.007020
57.945000,0.022775,0.003,2.068739,1.258569,8.847675,0.038858,-0.023719,1.223169,1.021183,0.00000000,0.00000000,-3.708409,-0.187520,3.059308,-3.627005,-0.145430,3.052180,0.091642,0.007128
57.955000,0.022775,0.045,9.224439,1.202613,8.916197,0.037501,-0.019548,1.219177,0.208550,0.00000000,0.00000000,-3.708195,-0.187406,3.071717,-3.626576,-0.145205,3.076999,0.091884,0.005281
57.975000,0.022775,0.069,13.877598,1.190084,8.928484,0.037526,-0.021807,1.224883,0.112955,0.00000000,0.00000000,-3.708223,-0.187207,3.096625,-3.626771,-0.145059,3.101979,0.091710,0.005354
57.990000,0.022775,0.091,13.877598,1.190084,8.928484,0.037526,-0.002198,1.241421,0.980445,0.00000000,0.00000000,-3.708491,-0.187068,3.115441,-3.626914,-0.144929,3.127014,0.091818,0.011573
58.025000,0.022775,0.115,1.187681,1.247307,8.785743,0.038680,0.008053,1.254879,0.512565,0.00000000,0.00000000,-3.708840,-0.187170,-3.123674,-3.627093,-0.144790,-3.130615,0.092079,0.006941
58.045000,0.019450,0.025,5.020498,1.119624,8.368568,0.039642,0.017270,1.240903,0.460845,0.00000000,0.00000000,-3.709053,-0.187796,-3.099754,-3.627572,-0.145535,-3.106577,0.091789,0.006823
58.060000,0.019450,0.045,5.020498,1.119624,8.368568,0.039642,0.010652,1.210300,0.330904,0.00000000,0.00000000,-3.709020,-0.188354,-3.082319,-3.627460,-0.146192,-3.083220,0.091813,0.000901
58.080000,0.019363,0.005,34.857065,1.233334,9.566274,0.040321,0.006822,1.191382,0.191494,0.00000000,0.00000000,-3.709165,-0.188402,-3.057455,-3.627605,-0.146240,-3.058356,0.091813,0.000901
58.095000,0.019363,0.025,34.857065,1.233334,9.566274,0.040321,0.002168,1.232632,0.232726,0.00000000,0.00000000,-3.709309,-0.188340,-3.038720,-3.627646,-0.146225,-3.033244,0.091883,0.005476
58.125000,0.019363,0.053,9.350797,1.241862,9.702087,0.040758,-0.010689,1.257775,0.642828,0.00000000,0.00000000,-3.708757,-0.188538,-3.001071,-3.627188,-0.146341,-3.007953,0.091837,0.006882
58.140000,0.017942,0.015,9.350797,1.241862,9.702087,0.040758,-0.009967,1.231915,0.036080,0.00000000,0.00000000,-3.708814,-0.188570,-2.983011,-3.627254,-0.146408,-2.983912,0.091813,0.000901
58.155000,0.017942,0.039,29.682183,1.195774,10.428000,0.040761,-0.002866,1.222566,0.355055,0.00000000,0.00000000,-3.708936,-0.188698,-2.964732,-3.627381,-0.146513,-2.959450,0.091820,0.005282
58.175000,0.017942,0.071,9.583451,1.209024,10.565282,0.040833,-0.002054,1.220808,0.040604,0.00000000,0.00000000,-3.708746,-0.188566,-2.940022,-3.627116,-0.146340,-2.934780,0.091905,0.005242
58.205000,0.017942,0.090,9.583451,1.209024,10.565282,0.040833,-0.020743,1.212147,0.934436,0.00000000,0.00000000,-3.707887,-0.189143,-2.904381,-3.626411,-0.146803,-2.911062,0.091821,0.006681
58.220000,0.017729,0.011,0.528626,1.127553,10.534818,0.040669,-0.016464,1.193090,0.213944,0.00000000,0.00000000,-3.707834,-0.189828,-2.886962,-3.626275,-0.147666,-2.887864,0.091812,0.000901
58.240000,0.017729,0.032,9.479313,1.166717,10.638182,0.038494,0.001739,1.179127,0.910167,0.00000000,0.00000000,-3.708103,-0.190233,-2.862719,-3.626545,-0.148071,-2.863620,0.091812,0.000901
58.255000,0.017729,0.065,9.479313,1.166717,10.638182,0.038494,0.006008,1.212806,0.213424,0.00000000,0.00000000,-3.707868,-0.190345,-2.844090,-3.626294,-0.148019,-2.839053,0.091901,0.005038
58.285000,0.018385,0.008,9.643958,1.185043,10.765347,0.038116,-0.015560,1.209505,1.078413,0.00000000,0.00000000,-3.707271,-0.190233,-2.808050,-3.625766,-0.148017,-2.814935,0.091788,0.006885
58.305000,0.018385,0.028,9.643958,1.185043,10.765347,0.038116,-0.011270,1.206756,0.214515,0.00000000,0.00000000,-3.707366,-0.190398,-2.783974,-3.625766,-0.148188,-2.790865,0.091870,0.006892
58.320000,0.018385,0.057,32.226433,1.172473,11.548978,0.038037,-0.004092,1.217011,0.358906,0.00000000,0.00000000,-3.707334,-0.190304,-2.765633,-3.625775,-0.148143,-2.766534,0.091811,0.000901
58.335000,0.016901,0.022,2.259616,1.099370,11.568978,0.039465,-0.006310,1.215850,0.110884,0.00000000,0.00000000,-3.707167,-0.190004,-2.747427,-3.625530,-0.147728,-2.742465,0.091934,0.004962
58.350000,0.016901,0.042,2.259616,1.099370,11.568978,0.039465,-0.030261,1.205350,1.197547,0.00000000,0.00000000,-3.706666,-0.189809,-2.729689,-3.624466,-0.147518,-2.718174,0.092441,0.011515
58.370000,0.016901,0.073,8.787314,1.178206,11.588688,0.039461,-0.040180,1.218670,0.495965,0.00000000,0.00000000,-3.705385,-0.189543,-2.704853,-3.623719,-0.147348,-2.693230,0.091923,0.011623
58.405000,0.016901,0.092,8.787314,1.178206,11.588688,0.039461,-0.030262,1.237041,0.495889,0.00000000,0.00000000,-3.705267,-0.189545,-2.661742,-3.623768,-0.147387,-2.668777,0.091757,0.007035
58.420000,0.014999,0.017,11.259389,1.146682,11.642575,0.039564,-0.002076,1.237020,1.409318,0.00000000,0.00000000,-3.705303,-0.189407,-2.643386,-3.623744,-0.147247,-2.644287,0.091811,0.000901
58.440000,0.014999,0.037,9.617128,1.260170,11.647209,0.041114,-0.018586,1.248507,0.825484,0.00000000,0.00000000,-3.704679,-0.189307,-2.617846,-3.623120,-0.147149,-2.618748,0.091811,0.000901
58.460000,0.014999,0.069,9.617128,1.260170,11.647209,0.041114,-0.009537,1.259221,0.452414,0.00000000,0.00000000,-3.704604,-0.189365,-2.592668,-3.623045,-0.147207,-2.593570,0.091811,0.000901
58.475000,0.014999,0.098,9.554578,1.187970,11.768803,0.041135,-0.012084,1.251662,0.127330,0.00000000,0.00000000,-3.704572,-0.189394,-2.574433,-3.623007,-0.147200,-2.569211,0.091833,0.005222
58.505000,0.014999,0.121,9.554578,1.187970,11.768803,0.041135,0.001120,1.224234,0.660209,0.00000000,0.00000000,-3.704612,-0.189151,-2.537237,-3.622952,-0.146920,-2.544586,0.091934,0.007349
58.520000,0.016926,0.021,3.529208,1.188181,11.797948,0.041092,0.005162,1.233509,0.202059,0.00000000,0.00000000,-3.704683,-0.189450,-2.518973,-3.623125,-0.147291,-2.519874,0.091811,0.000901
58.540000,0.016926,0.041,9.643569,1.203264,11.913348,0.041100,0.020781,1.229326,0.780973,0.00000000,0.00000000,-3.705012,-0.190251,-2.494741,-3.623454,-0.148092,-2.495643,0.091810,0.000901
58.560000,0.016926,0.066,9.643569,1.203264,11.913348,0.041100,0.024009,1.207308,0.161376,0.00000000,0.00000000,-3.705054,-0.190828,-2.470664,-3.623497,-0.148669,-2.471566,0.091810,0.000901
58.580000,0.016926,0.090,6.090971,1.200422,11.903340,0.041168,0.022852,1.230396,0.057844,0.00000000,0.00000000,-3.705183,-0.191009,-2.445714,-3.623625,-0.148850,-2.446615,0.091810,0.000901
58.595000,0.016311,0.007,9.447911,1.247457,11.991939,0.042061,-0.004067,1.260004,1.345951,0.00000000,0.00000000,-3.704964,-0.191182,-2.426215,-3.623300,-0.149149,-2.420676,0.091846,0.005539
58.615000,0.016311,0.064,9.447911,1.247457,11.991939,0.042061,0.004114,1.274606,0.409061,0.00000000,0.00000000,-3.704550,-0.191684,-2.400465,-3.622979,-0.149765,-2.395261,0.091712,0.005204
58.635000,0.016311,0.093,11.127324,1.185455,11.224338,0.042038,0.014533,1.273098,0.520966,0.00000000,0.00000000,-3.704588,-0.192272,-2.375953,-3.623057,-0.150219,-2.370682,0.091737,0.005271
58.650000,0.018877,0.014,11.127324,1.185455,11.224338,0.042038,0.009491,1.227351,0.252100,0.00000000,0.00000000,-3.704736,-0.192522,-2.357487,-3.623214,-0.150371,-2.346105,0.091774,0.011382
58.680000,0.018877,0.046,2.797697,1.249767,11.158371,0.042127,-0.003059,1.232708,0.627511,0.00000000,0.00000000,-3.704661,-0.192411,-2.320290,-3.623105,-0.150253,-2.321191,0.091808,0.000901
58.700000,0.018877,0.068,2.797697,1.249767,11.158371,0.042127,-0.004093,1.238169,0.051704,0.00000000,0.00000000,-3.704019,-0.192799,-2.296176,-3.622464,-0.150641,-2.297077,0.091808,0.000901
58.720000,0.018877,0.092,9.462339,1.172737,11.160374,0.041982,0.013712,1.225971,0.890233,0.00000000,0.00000000,-3.703825,-0.193797,-2.271734,-3.622270,-0.151639,-2.272635,0.091807,0.000901
58.740000,0.018778,0.028,30.249325,1.152283,11.852264,0.042207,0.026073,1.213074,0.618071,0.00000000,0.00000000,-3.703878,-0.194227,-2.247530,-3.622323,-0.152069,-2.248432,0.091807,0.000901
58.750000,0.018778,0.050,30.249325,1.152283,11.852264,0.042207,0.007896,1.198028,0.908868,0.00000000,0.00000000,-3.704001,-0.194009,-2.235534,-3.622284,-0.151507,-2.224318,0.092109,0.011216
58.785000,0.018778,0.073,9.487187,1.240953,11.852885,0.042903,-0.024774,1.223054,1.633458,0.00000000,0.00000000,-3.703401,-0.193060,-2.192366,-3.621816,-0.150908,-2.199322,0.091831,0.006956
58.805000,0.018778,0.095,9.487187,1.240953,11.852885,0.042903,-0.018855,1.229560,0.295938,0.00000000,0.00000000,-3.703423,-0.193224,-2.167836,-3.621842,-0.151005,-2.174948,0.091857,0.007112
58.815000,0.018778,0.134,9.463442,1.186444,11.604528,0.042790,-0.005148,1.229540,0.685364,0.00000000,0.00000000,-3.703468,-0.193295,-2.155500,-3.621876,-0.151115,-2.150270,0.091849,0.005229
58.835000,0.020150,0.015,9.553869,1.253591,11.605216,0.043728,0.013878,1.242122,0.951283,0.00000000,0.00000000,-3.703622,-0.193394,-2.130796,-3.622222,-0.151367,-2.125211,0.091609,0.005585
58.855000,0.020150,0.038,9.553869,1.253591,11.605216,0.043728,-0.006160,1.263237,1.001898,0.00000000,0.00000000,-3.703283,-0.193365,-2.104610,-3.621576,-0.151144,-2.098958,0.091971,0.005652
58.880000,0.017802,0.032,23.161112,1.192212,11.980128,0.043186,0.000837,-121.835736,0.349842,0.00000000,0.00000000,-3.702808,-0.193301,-2.072711,-3.621253,-0.151144,-2.073612,0.091807,0.000901
58.900000,0.017802,0.054,7.181686,1.172867,12.001055,0.043169,-0.005816,-121.871542,0.332671,0.00000000,0.00000000,-3.702819,-0.193433,-2.047945,-3.621264,-0.151276,-2.048846,0.091807,0.000901
58.920000,0.018318,0.005,7.181686,1.172867,12.001055,0.043169,0.004885,1.224194,0.535068,0.00000000,0.00000000,-3.702924,-0.193206,-2.023453,-3.621368,-0.151049,-2.024354,0.091807,0.000901
58.935000,0.018318,0.033,8.781852,1.196050,11.880682,0.042283,-0.003753,1.227629,0.431921,0.00000000,0.00000000,-3.702813,-0.192946,-2.004821,-3.621282,-0.150716,-1.999608,0.091818,0.005213
58.950000,0.018318,0.061,8.781852,1.196050,11.880682,0.042283,-0.014906,1.242217,0.557609,0.00000000,0.00000000,-3.702669,-0.192628,-1.986187,-3.620969,-0.150593,-1.974959,0.091880,0.011229
58.985000,0.018318,0.081,15.141132,1.141370,12.003257,0.042647,-0.009015,1.225949,0.294536,0.00000000,0.00000000,-3.702714,-0.192721,-1.943690,-3.621087,-0.150602,-1.950686,0.091853,0.006996
59.000000,0.022916,0.017,9.404482,1.171225,12.094778,0.042431,-0.001915,1.210576,0.354996,0.00000000,0.00000000,-3.702821,-0.192384,-1.925400,-3.621265,-0.150227,-1.926302,0.091808,0.000901
59.010000,0.022916,0.037,9.404482,1.171225,12.094778,0.042431,-0.026021,1.228535,1.205280,0.00000000,0.00000000,-3.702758,-0.192012,-1.913191,-3.621247,-0.149587,-1.901996,0.091892,0.011195
59.045000,0.022916,0.062,9.622928,1.101881,12.200616,0.043370,-0.020474,1.203565,0.277318,0.00000000,0.00000000,-3.702580,-0.192182,-1.871451,-3.621212,-0.149819,-1.878305,0.091736,0.006855
59.065000,0.022916,0.083,9.622928,1.101881,12.200616,0.043370,0.012453,1.186332,1.646348,0.00000000,0.00000000,-3.702620,-0.192337,-1.847933,-3.621061,-0.150258,-1.854785,0.091773,0.006852
59.080000,0.023381,0.023,9.526262,1.140556,12.231919,0.043719,-0.002744,1.195429,0.759825,0.00000000,0.00000000,-3.702532,-0.192008,-1.829887,-3.620976,-0.149852,-1.830788,0.091808,0.000901
59.095000,0.023381,0.051,9.565740,1.153155,12.329291,0.043561,0.006064,1.206030,0.440365,0.00000000,0.00000000,-3.702803,-0.192241,-1.811433,-3.621226,-0.150271,-1.806405,0.091741,0.005028
59.110000,0.023381,0.072,9.565740,1.153155,12.329291,0.043561,0.015304,1.209568,0.462037,0.00000000,0.00000000,-3.702742,-0.192801,-1.793647,-3.621015,-0.150827,-1.782309,0.091876,0.011338
59.145000,0.023381,0.099,2.198506,1.188467,12.261429,0.043564,0.026632,1.214055,0.566390,0.00000000,0.00000000,-3.702663,-0.193319,-1.750745,-3.621038,-0.151074,-1.757866,0.091909,0.007121
59.160000,0.022410,0.014,16.462870,1.142514,12.443930,0.043710,0.014652,1.232179,0.599006,0.00000000,0.00000000,-3.702311,-0.193138,-1.731836,-3.620755,-0.150981,-1.732737,0.091807,0.000901
59.175000,0.022410,0.030,16.462870,1.142514,12.443930,0.043710,-0.009596,1.235472,1.212394,0.00000000,0.00000000,-3.702219,-0.192601,-1.713543,-3.620641,-0.150240,-1.708500,0.091921,0.005042
59.195000,0.022534,0.015,21.737237,1.193853,12.654070,0.043168,-0.022675,1.197909,0.653940,0.00000000,0.00000000,-3.701810,-0.192228,-1.690214,-3.620082,-0.150092,-1.685260,0.091950,0.004954
59.225000,0.022534,0.038,21.737237,1.193853,12.654070,0.043168,0.002859,1.199915,1.276694,0.00000000,0.00000000,-3.701095,-0.192917,-1.653734,-3.619650,-0.150703,-1.660622,0.091735,0.006888
59.240000,0.022534,0.065,16.390714,1.190029,12.762626,0.043173,0.010956,1.208515,0.404831,0.00000000,0.00000000,-3.700918,-0.193101,-1.635508,-3.619363,-0.150946,-1.636409,0.091806,0.000901
59.255000,0.022534,0.084,16.390714,1.190029,12.762626,0.043173,-0.001168,1.214011,0.606191,0.00000000,0.00000000,-3.700737,-0.192667,-1.617029,-3.619136,-0.150324,-1.611895,0.091933,0.005134
59.275000,0.023043,0.034,7.401191,1.255357,12.661559,0.043996,-0.016049,1.232214,0.744070,0.00000000,0.00000000,-3.700645,-0.192008,-1.592142,-3.619065,-0.149872,-1.586962,0.091819,0.005179
59.305000,0.023043,0.065,9.350195,1.112586,12.746206,0.044971,-0.017613,1.213784,0.078192,0.00000000,0.00000000,-3.700368,-0.192199,-1.556701,-3.618842,-0.150028,-1.563299,0.091787,0.006598
59.325000,0.023043,0.078,9.350195,1.112586,12.746206,0.044971,-0.000985,1.165515,0.831421,0.00000000,0.00000000,-3.700484,-0.192064,-1.534663,-3.618848,-0.149910,-1.540842,0.091877,0.006179
59.340000,0.025037,0.021,9.617729,1.013793,12.850633,0.050720,0.001714,1.094243,0.134956,0.00000000,0.00000000,-3.700665,-0.191864,-1.519055,-3.619108,-0.149709,-1.519957,0.091807,0.000901
59.385000,0.025037,0.071,0.227350,0.818913,12.844561,0.071629,-0.002968,0.951128,0.195982,0.00000000,0.00000000,-3.700241,-0.192220,-1.477760,-3.618868,-0.149942,-1.483109,0.091701,0.005349
59.420000,0.028520,0.009,2.451891,0.816937,12.864443,0.087266,0.013625,0.850279,0.446894,0.00000000,0.00000000,-3.700179,-0.192508,-1.448645,-3.618622,-0.150353,-1.449547,0.091806,0.000901
59.455000,0.028520,0.055,12.646937,0.712647,12.940951,0.107502,-0.011384,0.726214,1.218738,0.00000000,0.00000000,-3.700443,-0.192537,-1.423229,-3.618881,-0.150403,-1.421076,0.091802,0.002153
59.495000,0.028520,0.111,1.648354,0.457755,12.918515,0.161972,-0.005839,0.595509,0.223268,0.00000000,0.00000000,-3.700361,-0.192274,-1.398928,-3.618724,-0.150098,-1.397325,0.091888,0.001603
59.555000,0.024353,0.078,0.964074,0.316258,12.926120,0.221045,-0.008113,0.423512,0.002305,0.00000000,0.00000000,-3.700510,-0.192116,-1.371975,-3.618959,-0.149984,-1.371119,0.091792,0.000856
60.795000,0.023165,0.067,0.077673,-0.209423,5.450330,0.436882,-0.009421,-0.194128,0.128932,0.00000000,0.00000000,-3.702174,-0.191411,-1.392437,-3.620613,-0.149244,-1.394240,0.091816,0.001803
60.920000,0.022968,0.041,4.776128,-0.223058,3.217359,0.327327,-0.002290,-0.193912,0.533111,0.00000000,0.00000000,-3.702540,-0.192123,-1.415947,-3.620983,-0.149966,-1.416848,0.091808,0.000901
61.040000,0.022199,0.101,0.185786,-0.223833,2.618239,0.234661,-0.009007,-0.185012,0.562316,0.00000000,0.00000000,-3.702560,-0.192233,-1.437816,-3.621004,-0.150076,-1.438718,0.091808,0.000901
61.160000,0.023460,0.103,0.185784,-0.209845,1.535398,0.130208,-0.005963,-0.182955,0.075349,0.00000000,0.00000000,-3.703028,-0.191758,-1.460043,-3.621471,-0.149601,-1.460945,0.091808,0.000901
61.275000,0.024066,0.002,0.152356,-0.206036,1.397178,0.084441,-0.006321,-0.185379,0.036665,0.00000000,0.00000000,-3.703456,-0.191196,-1.481164,-3.621917,-0.149059,-1.482983,0.091783,0.001819
61.390000,0.023979,0.059,0.214197,-0.199312,1.695577,0.084220,-0.002903,-0.197019,0.361297,0.00000000,0.00000000,-3.703663,-0.191938,-1.502326,-3.621894,-0.149568,-1.505171,0.092094,0.002845
61.520000,0.023180,0.035,6.173325,-0.215203,1.905260,0.084698,-0.024131,-0.183259,0.190507,0.00000000,0.00000000,-3.700770,-0.188920,-1.526260,-3.619210,-0.146765,-1.527161,0.091810,0.000901
62.715000,0.023887,0.056,0.243877,-0.059060,1.551452,0.085848,-0.085431,0.001428,0.074254,0.00000000,0.00000000,-3.700638,-0.168395,-1.541737,-3.619043,-0.125802,-1.542642,0.092043,0.000905
62.895000,0.023854,0.034,2.101959,-0.047052,1.600667,0.073742,-0.158357,0.000510,0.848194,0.00000000,0.00000000,-3.700240,-0.146971,-1.542018,-3.669872,-0.103537,-1.541307,0.052998,0.000711
63.045000,0.022087,0.046,3.654512,-0.044930,1.358888,0.062490,-0.179410,0.006520,0.214162,0.00000000,0.00000000,-3.700300,-0.121798,-1.541871,-3.669935,-0.080111,-1.541159,0.051573,0.000712
63.160000,0.024552,0.057,5.956058,-0.063553,1.822491,0.038542,-0.222770,0.003929,0.827099,0.00000000,0.00000000,-3.700984,-0.098863,-1.541704,-3.670701,-0.056206,-1.540978,0.052313,0.000726
63.255000,0.025491,0.084,0.068979,-0.036310,1.961776,0.012519,-0.232509,-0.000368,0.233372,0.00000000,0.00000000,-3.700311,-0.076078,-1.541894,-3.670033,-0.032299,-1.541155,0.053230,0.000739
63.360000,0.022325,0.069,0.230353,-0.046624,2.018192,0.011994,-0.257495,0.006091,0.993891,0.00000000,0.00000000,-3.699889,-0.051470,-1.541793,-3.669641,-0.008812,-1.541067,0.052294,0.000726
63.435000,0.022673,0.059,2.250775,-0.041258,2.114622,0.013148,-0.275382,-0.000842,0.742199,0.00000000,0.00000000,-3.700816,-0.031574,-1.541835,-3.670611,0.012506,-1.541157,0.053436,0.000678
63.515000,0.022866,0.061,0.750862,-0.039172,2.373580,0.013335,-0.264082,-0.001993,0.455795,0.00000000,0.00000000,-3.700611,-0.010055,-1.541856,-3.670319,0.033890,-1.541127,0.053374,0.000729
63.600000,0.025819,0.003,0.825836,-0.024738,2.384440,0.013524,-0.286403,-0.000463,0.747636,0.00000000,0.00000000,-3.701370,0.013449,-1.541931,-3.671169,0.056105,-1.541205,0.052266,0.000726
63.680000,0.023014,0.029,3.956766,-0.037164,2.464004,0.016514,-0.286186,0.003465,0.003222,0.00000000,0.00000000,-3.701498,0.036225,-1.542449,-3.671313,0.078881,-1.541723,0.052256,0.000726
63.760000,0.021649,0.077,0.939901,-0.044465,2.471747,0.016515,-0.285634,-0.009453,0.218349,0.00000000,0.00000000,-3.700783,0.058428,-1.542883,-3.670614,0.101085,-1.542157,0.052247,0.000726
63.820000,0.021624,0.036,1.560095,-0.048409,2.556013,0.016149,-0.375612,-0.007026,1.133631,0.00000000,0.00000000,-3.701495,0.080233,-1.543277,-3.673891,0.109452,-1.541834,0.040195,0.001443
63.885000,0.023175,0.018,6.506858,-0.032267,2.723350,0.016131,-0.384388,0.003572,0.006200,0.00000000,0.00000000,-3.701441,0.105042,-1.543345,-3.674026,0.126728,-1.542241,0.034956,0.001104
63.930000,0.023175,0.097,4.030145,-0.016493,2.764821,0.016431,-0.451202,-0.006567,1.720030,0.00000000,0.00000000,-3.702820,0.124844,-1.543366,-3.675501,0.153177,-1.542653,0.039359,0.000713
63.995000,0.023445,0.018,1.699711,-0.039805,2.870495,0.016167,-0.458351,-0.002140,0.446490,0.00000000,0.00000000,-3.703035,0.155010,-1.543800,-3.675318,0.175978,-1.542581,0.034754,0.001219
64.060000,0.023445,0.101,2.675792,-0.045403,2.944983,0.016191,-0.478623,0.005030,0.316655,0.00000000,0.00000000,-3.704452,0.185298,-1.543393,-3.676933,0.204021,-1.542312,0.033284,0.001081
64.110000,0.023701,0.002,0.990279,-0.011905,3.032914,0.016412,-0.498503,0.006609,0.074725,0.00000000,0.00000000,-3.705205,0.209834,-1.542760,-3.677693,0.233613,-1.541462,0.036365,0.001298
64.175000,0.023701,0.092,1.140437,-0.050675,3.045780,0.019879,-0.488357,0.012565,0.545890,0.00000000,0.00000000,-3.707968,0.241352,-1.542203,-3.680702,0.262589,-1.541154,0.034561,0.001049
64.220000,0.021341,0.031,3.347779,-0.030645,3.098954,0.019839,-0.526971,-0.004472,1.186792,0.00000000,0.00000000,-3.708844,0.265026,-1.542106,-3.681412,0.283745,-1.541025,0.033210,0.001081
64.260000,0.023977,0.023,2.128746,-0.058564,3.123252,0.020012,-0.530314,0.002429,0.210017,0.00000000,0.00000000,-3.709555,0.286590,-1.541890,-3.681671,0.299105,-1.541393,0.030564,0.000497
64.290000,0.023977,0.072,9.573087,-0.040998,3.363430,0.020009,-0.552252,-0.012534,0.963634,0.00000000,0.00000000,-3.710134,0.302977,-1.542001,-3.682403,0.321089,-1.541549,0.033121,0.000452
64.340000,0.021677,0.027,1.996465,-0.041684,3.358437,0.019755,-0.573008,0.004675,0.638408,0.00000000,0.00000000,-3.711079,0.330787,-1.541830,-3.683235,0.337676,-1.541529,0.028684,0.000301
64.375000,0.021677,0.086,16.630927,-0.056074,4.016273,0.019874,-0.574222,-0.000289,0.778016,0.00000000,0.00000000,-3.711625,0.350539,-1.541788,-3.683883,0.360294,-1.541506,0.029407,0.000282
64.425000,0.021951,0.028,5.115522,-0.046807,4.049166,0.019908,-0.575827,-0.005100,0.448080,0.00000000,0.00000000,-3.712659,0.379307,-1.541679,-3.684315,0.377113,-1.541437,0.028429,0.000242
64.465000,0.021951,0.068,6.033257,-0.050499,4.173298,0.019971,-0.588153,0.001100,0.507759,0.00000000,0.00000000,-3.713203,0.402776,-1.541737,-3.684975,0.400517,-1.541471,0.028319,0.000266
64.505000,0.021462,0.084,7.674885,-0.047882,4.187402,0.020009,-0.598312,0.005021,0.268805,0.00000000,0.00000000,-3.713639,0.426460,-1.541756,-3.685360,0.424188,-1.541497,0.028370,0.000259
64.545000,0.021462,0.126,7.406921,-0.014106,4.360163,0.020300,-0.595402,0.000104,0.073533,0.00000000,0.00000000,-3.714297,0.450647,-1.541651,-3.686074,0.448388,-1.541355,0.028314,0.000295
64.575000,0.019213,0.062,7.026188,-0.040379,4.464387,0.020387,-0.619268,-0.006836,0.988303,0.00000000,0.00000000,-3.714852,0.469046,-1.541911,-3.686780,0.472969,-1.541711,0.028344,0.000201
64.620000,0.020966,0.038,4.765898,-0.036623,4.540939,0.020325,-0.639451,-0.012536,1.112536,0.00000000,0.00000000,-3.715798,0.497864,-1.541885,-3.687324,0.489153,-1.541313,0.029776,0.000572
64.660000,0.019648,0.022,8.301577,-0.020107,4.727371,0.020432,-0.672194,-0.000572,0.399498,0.00000000,0.00000000,-3.716709,0.524850,-1.541719,-3.687913,0.513619,-1.541070,0.030908,0.000649
64.690000,0.019648,0.075,5.742306,-0.053885,4.805481,0.020522,-0.691746,0.008010,0.385064,0.00000000,0.00000000,-3.717131,0.545759,-1.541409,-3.688559,0.541657,-1.540596,0.028865,0.000813
64.730000,0.022171,0.023,6.291669,-0.025198,4.853206,0.020554,-0.722388,-0.003326,0.717581,0.00000000,0.00000000,-3.717978,0.574445,-1.541290,-3.689363,0.570553,-1.540638,0.028878,0.000652
64.785000,0.022171,0.089,4.668311,-0.039716,4.786406,0.020580,-0.737598,-0.000886,0.903748,0.00000000,0.00000000,-3.719208,0.615205,-1.541016,-3.690316,0.600219,-1.540387,0.032547,0.000629
64.820000,0.022338,0.043,7.404401,-0.090186,4.863424,0.021543,-0.750122,-0.006047,0.053177,0.00000000,0.00000000,-3.719631,0.641203,-1.541260,-3.690911,0.629970,-1.540610,0.030838,0.000649
64.865000,0.025596,0.015,5.968221,-0.021527,4.919774,0.021471,-0.787569,0.001459,0.954674,0.00000000,0.00000000,-3.720671,0.676649,-1.541125,-3.691563,0.657329,-1.540100,0.034936,0.001026
64.905000,0.025596,0.072,0.309356,-0.045091,4.872847,0.021476,-0.814771,0.004627,0.891967,0.00000000,0.00000000,-3.721636,0.709806,-1.540966,-3.692626,0.690104,-1.540021,0.035067,0.000945
64.940000,0.022015,0.084,2.291812,-0.043868,5.040932,0.021547,-0.847115,0.001058,0.326475,0.00000000,0.00000000,-3.722414,0.739793,-1.540991,-3.693589,0.724323,-1.540082,0.032714,0.000909
64.970000,0.023551,0.002,2.701481,-0.025387,5.058133,0.021395,-0.877511,-0.014353,1.135646,0.00000000,0.00000000,-3.722701,0.765839,-1.541113,-3.694114,0.759308,-1.540216,0.029323,0.000897
65.020000,0.023551,0.057,9.399096,-0.017242,5.237379,0.021603,-0.898061,-0.008671,0.350980,0.00000000,0.00000000,-3.723698,0.810990,-1.541133,-3.694938,0.795518,-1.540223,0.032657,0.000909
65.065000,0.023473,0.022,0.108396,-0.050896,5.209269,0.020757,-0.926194,0.000696,0.509166,0.00000000,0.00000000,-3.725112,0.852462,-1.540784,-3.695247,0.823052,-1.539791,0.041914,0.000993
65.105000,0.023473,0.089,9.565095,-0.003856,5.376257,0.021375,-0.915047,0.015792,0.121130,0.00000000,0.00000000,-3.726183,0.889337,-1.540333,-3.696443,0.859800,-1.539324,0.041915,0.001009
65.145000,0.025056,0.058,7.645038,-0.042539,5.410085,0.021185,-0.918915,0.012427,0.884586,0.00000000,0.00000000,-3.727345,0.926383,-1.539787,-3.697476,0.889259,-1.539723,0.047647,0.000065
65.185000,0.025056,0.102,6.937777,-0.036884,5.497492,0.021189,-0.929945,0.013817,0.072491,0.00000000,0.00000000,-3.729040,0.963234,-1.539359,-3.699001,0.926268,-1.539172,0.047632,0.000186
65.215000,0.023902,0.069,2.123425,-0.040955,5.505445,0.021154,-0.906982,-0.000602,0.437854,0.00000000,0.00000000,-3.730121,0.990946,-1.539355,-3.700513,0.963172,-1.539284,0.040595,0.000071
65.255000,0.023902,0.140,0.361846,-0.077042,5.504396,0.021664,-0.913804,0.001326,0.961272,0.00000000,0.00000000,-3.730798,1.027899,-1.539782,-3.701038,1.000034,-1.539426,0.040769,0.000357
65.305000,0.022868,0.047,2.163089,-0.026316,5.511367,0.019542,-0.928129,0.013586,0.048228,0.00000000,0.00000000,-3.731819,1.074421,-1.539294,-3.701957,1.037376,-1.538913,0.047582,0.000381
65.340000,0.023801,0.053,2.592843,-0.001970,5.512548,0.020192,-0.937786,-0.004614,0.589765,0.00000000,0.00000000,-3.732615,1.107126,-1.538955,-3.702881,1.074632,-1.538833,0.044045,0.000122
65.385000,0.023801,0.099,0.620129,0.014913,5.513452,0.021511,-0.916931,0.016764,1.094645,0.00000000,0.00000000,-3.734110,1.148026,-1.537546,-3.704356,1.110999,-1.537818,0.047501,0.000272
65.415000,0.025841,0.064,22.601688,-0.030170,6.344735,0.021510,-0.932985,0.016465,1.142709,0.00000000,0.00000000,-3.735359,1.176284,-1.537233,-3.705795,1.148411,-1.537075,0.040632,0.000157
65.450000,0.025841,0.109,10.882433,-0.044670,6.483754,0.021536,-0.924966,0.007898,0.474022,0.00000000,0.00000000,-3.736332,1.208785,-1.537164,-3.706986,1.185639,-1.536997,0.037375,0.000167
65.500000,0.026012,0.053,13.308446,-0.025648,6.801983,0.022602,-0.915386,0.019437,0.895683,0.00000000,0.00000000,-3.738491,1.254996,-1.536376,-3.708775,1.222502,-1.536254,0.044033,0.000122
65.535000,0.025363,0.047,2.571070,-0.041694,6.777437,0.022610,-0.936391,0.003375,0.177792,0.00000000,0.00000000,-3.739537,1.287928,-1.536419,-3.710014,1.260030,-1.536283,0.040619,0.000135
65.580000,0.024305,0.010,6.786784,-0.033957,6.848229,0.022439,-0.913475,0.013860,0.400588,0.00000000,0.00000000,-3.740292,1.329007,-1.535983,-3.710603,1.299991,-1.535470,0.041513,0.000513
65.610000,0.024305,0.073,3.045221,-0.027678,6.824350,0.022453,-0.924939,0.008033,0.170900,0.00000000,0.00000000,-3.741418,1.356693,-1.535660,-3.712019,1.336992,-1.535135,0.035390,0.000525
65.650000,0.021410,0.014,11.538995,-0.060123,6.994144,0.022694,-0.920847,0.018980,0.391470,0.00000000,0.00000000,-3.743075,1.393690,-1.535511,-3.713186,1.370373,-1.535053,0.037908,0.000458
65.700000,0.021410,0.081,9.545615,-0.036375,7.128959,0.022693,-0.907636,0.019265,0.447558,0.00000000,0.00000000,-3.745201,1.439298,-1.534335,-3.714903,1.407072,-1.534497,0.044232,0.000162
65.735000,0.021237,0.063,0.902911,-0.041954,7.095119,0.022583,-0.915594,0.008539,0.048015,0.00000000,0.00000000,-3.746774,1.470773,-1.533617,-3.716634,1.443196,-1.533814,0.040852,0.000197
65.780000,0.023906,0.006,12.539323,-0.030579,7.282635,0.022331,-0.935995,0.008068,0.990147,0.00000000,0.00000000,-3.748753,1.512933,-1.533558,-3.717450,1.483374,-1.533538,0.043054,0.000020
65.810000,0.023906,0.064,13.165113,-0.000706,7.481278,0.020169,-0.932919,0.019945,0.167412,0.00000000,0.00000000,-3.749555,1.540757,-1.532835,-3.718713,1.520603,-1.532713,0.036843,0.000122
65.865000,0.022953,0.035,3.876747,-0.011312,7.483400,0.020402,-0.922775,0.020744,0.731826,0.00000000,0.00000000,-3.752177,1.591521,-1.531637,-3.720734,1.557462,-1.531832,0.046353,0.000195
65.895000,0.022953,0.092,9.396205,-0.047157,7.627401,0.021104,-0.924157,0.041124,0.232414,0.00000000,0.00000000,-3.753570,1.620067,-1.530617,-3.722486,1.595136,-1.530523,0.039847,0.000094
65.940000,0.018726,0.025,0.466853,-0.072772,7.538944,0.021726,-0.940767,0.022288,0.278240,0.00000000,0.00000000,-3.755407,1.662113,-1.529867,-3.723545,1.624626,-1.531589,0.049198,0.001722
65.975000,0.017108,0.016,12.464271,-0.047282,7.684748,0.021772,-0.933655,-0.000381,0.100371,0.00000000,0.00000000,-3.756896,1.694741,-1.529787,-3.724773,1.663025,-1.530455,0.045142,0.000667
66.010000,0.017108,0.063,14.496556,-0.019547,7.899998,0.021885,-0.932775,0.022009,0.014067,0.00000000,0.00000000,-3.757917,1.727375,-1.528920,-3.726285,1.700511,-1.529316,0.041500,0.000396
66.065000,0.017834,0.023,9.497444,-0.006819,7.755419,0.022065,-0.934537,0.013506,0.616405,0.00000000,0.00000000,-3.760805,1.778397,-1.527834,-3.727944,1.735736,-1.528516,0.053850,0.000681
66.095000,0.016033,0.004,9.657861,-0.030174,7.896780,0.022154,-0.937359,0.012654,0.150699,0.00000000,0.00000000,-3.762180,1.806302,-1.527699,-3.729793,1.772935,-1.528177,0.046500,0.000477
66.140000,0.016033,0.069,4.234405,-0.011501,7.851653,0.022309,-0.931414,-0.001395,0.072228,0.00000000,0.00000000,-3.764276,1.848191,-1.527487,-3.731671,1.810283,-1.528068,0.050001,0.000581
66.175000,0.020412,0.012,1.412262,-0.043840,7.771449,0.022165,-0.936402,0.004794,0.283552,0.00000000,0.00000000,-3.765461,1.880999,-1.527537,-3.733445,1.850185,-1.526582,0.044435,0.000955
66.225000,0.020412,0.086,11.542243,-0.001942,7.895238,0.022440,-0.932619,0.009743,0.116903,0.00000000,0.00000000,-3.767958,1.927021,-1.526726,-3.735517,1.886978,-1.526085,0.051535,0.000641
66.260000,0.018599,0.063,9.380041,-0.038185,8.505756,0.022440,-0.914200,0.024237,0.440735,0.00000000,0.00000000,-3.769314,1.959272,-1.525967,-3.737072,1.923718,-1.525113,0.047995,0.000855
66.305000,0.017325,0.009,23.810302,-0.048060,8.951093,0.022451,-0.926651,0.003183,0.047905,0.00000000,0.00000000,-3.771412,2.000874,-1.525719,-3.738463,1.964424,-1.525469,0.049135,0.000250
66.340000,0.017325,0.086,1.119902,-0.033624,8.883328,0.022269,-0.927001,0.003952,0.328501,0.00000000,0.00000000,-3.773045,2.033014,-1.525448,-3.740426,2.001255,-1.525238,0.045526,0.000210
66.375000,0.012801,0.020,2.537890,-0.024471,8.800936,0.022275,-0.919043,0.036490,0.435174,0.00000000,0.00000000,-3.774154,2.065462,-1.524083,-3.741409,2.038371,-1.523915,0.042499,0.000168
66.420000,0.013375,0.001,9.395359,-0.030575,8.932332,0.021814,-0.936232,0.024095,0.401524,0.00000000,0.00000000,-3.775788,2.107592,-1.523582,-3.742809,2.075863,-1.523464,0.045764,0.000118
66.450000,0.013375,0.039,9.721305,-0.016728,8.987399,0.020338,-0.944028,0.003189,0.046844,0.00000000,0.00000000,-3.777689,2.135826,-1.523088,-3.745053,2.113301,-1.523079,0.039654,0.000009
66.490000,0.012029,0.017,9.566492,-0.014005,9.114591,0.020439,-0.922727,0.002784,0.132854,0.00000000,0.00000000,-3.778793,2.172694,-1.523162,-3.746463,2.153442,-1.522263,0.037628,0.000899
66.535000,0.012029,0.087,4.616108,-0.057744,9.156159,0.020684,-0.931611,0.006183,0.519834,0.00000000,0.00000000,-3.780988,2.214489,-1.522928,-3.748411,2.190531,-1.522504,0.040439,0.000424
66.575000,0.013021,0.030,5.476684,-0.080278,9.042030,0.021594,-0.904808,0.001788,1.131590,0.00000000,0.00000000,-3.783201,2.251014,-1.523261,-3.750525,2.226818,-1.522421,0.040659,0.000840
66.620000,0.013021,0.097,5.132843,-0.047755,9.052966,0.021642,-0.920796,0.022163,0.211669,0.00000000,0.00000000,-3.785413,2.292180,-1.522157,-3.752584,2.263601,-1.521615,0.043525,0.000542
66.655000,0.011727,0.035,9.460028,-0.035364,9.040344,0.021520,-0.918619,0.010348,0.342133,0.00000000,0.00000000,-3.786905,2.324444,-1.522074,-3.753630,2.295953,-1.520774,0.043806,0.001300
66.705000,0.011698,0.003,11.323553,-0.051534,9.128558,0.021531,-0.934745,0.000354,0.728890,0.00000000,0.00000000,-3.789056,2.370731,-1.522021,-3.755455,2.332979,-1.520852,0.050539,0.001169
66.735000,0.011698,0.062,6.455923,-0.007027,8.988121,0.021450,-0.926656,0.014508,0.184053,0.00000000,0.00000000,-3.790059,2.398725,-1.521300,-3.756973,2.370208,-1.519941,0.043680,0.001358
66.785000,0.011494,0.011,9.709807,-0.023514,9.144632,0.021439,-0.929991,0.010488,0.010108,0.00000000,0.00000000,-3.792624,2.445036,-1.521238,-3.758674,2.406720,-1.519649,0.051193,0.001589
66.820000,0.011494,0.074,0.045901,-0.053537,9.112703,0.021653,-0.937050,0.009230,0.231042,0.00000000,0.00000000,-3.794235,2.477407,-1.520561,-3.760662,2.443767,-1.519016,0.047527,0.001545
66.860000,0.010662,0.068,1.501101,-0.041353,9.113141,0.021656,-0.926310,0.004044,0.117525,0.00000000,0.00000000,-3.795781,2.514647,-1.520469,-3.762265,2.481005,-1.518925,0.047488,0.001545
66.905000,0.010662,0.107,3.719621,-0.006063,9.112261,0.020994,-0.920627,0.031551,0.598865,0.00000000,0.00000000,-3.798182,2.556324,-1.519019,-3.764343,2.517867,-1.517648,0.051225,0.001371
66.930000,0.010561,0.071,10.984113,-0.035897,9.194978,0.020995,-0.933342,0.009315,0.392143,0.00000000,0.00000000,-3.799385,2.579558,-1.518872,-3.766459,2.555247,-1.517332,0.040929,0.001540
66.985000,0.008131,0.026,11.652099,0.003110,9.285880,0.021223,-0.927111,0.000731,0.840244,0.00000000,0.00000000,-3.801639,2.630646,-1.518881,-3.768078,2.592362,-1.517312,0.050912,0.001568
67.020000,0.008131,0.086,2.335546,-0.004406,9.397527,0.020259,-0.918973,0.004269,0.272682,0.00000000,0.00000000,-3.802770,2.662616,-1.518613,-3.769483,2.628963,-1.517068,0.047335,0.001545
67.055000,0.006471,0.056,10.396866,-0.082804,9.022274,0.021509,-0.930977,0.018174,0.890768,0.00000000,0.00000000,-3.804592,2.695026,-1.518085,-3.771455,2.665928,-1.516728,0.044099,0.001357
67.105000,0.008996,0.001,3.917437,-0.015692,8.975838,0.021556,-0.938041,-0.024964,0.005182,0.00000000,0.00000000,-3.807072,2.741681,-1.518808,-3.773596,2.703329,-1.517214,0.050907,0.001594
67.140000,0.008996,0.054,1.306824,-0.041054,8.923799,0.020664,-0.927380,-0.000065,0.565495,0.00000000,0.00000000,-3.808427,2.774015,-1.518686,-3.775312,2.740353,-1.517141,0.047220,0.001545
67.185000,0.010771,0.020,9.478195,-0.018737,8.901667,0.020733,-0.923812,0.027806,0.142062,0.00000000,0.00000000,-3.810946,2.815447,-1.517454,-3.775853,2.774342,-1.515142,0.054048,0.002312
67.215000,0.010771,0.072,9.518754,-0.014669,9.030867,0.020953,-0.915806,0.009906,0.257383,0.00000000,0.00000000,-3.812387,2.843431,-1.517400,-3.777869,2.811615,-1.515046,0.046944,0.002354
67.260000,0.008748,0.042,5.373471,-0.008522,9.059914,0.021207,-0.917608,0.015407,0.337967,0.00000000,0.00000000,-3.814868,2.884687,-1.516754,-3.780206,2.848226,-1.514485,0.050308,0.002269
67.300000,0.008563,0.027,23.048547,-0.051528,9.452075,0.021011,-0.924294,0.002144,0.332028,0.00000000,0.00000000,-3.816794,2.921547,-1.516463,-3.782157,2.887129,-1.513848,0.048829,0.002615
67.330000,0.008563,0.088,9.490316,-0.029929,9.509867,0.021006,-0.905128,0.014155,0.179586,0.00000000,0.00000000,-3.818069,2.949120,-1.516138,-3.784013,2.923992,-1.513390,0.042322,0.002748
67.385000,0.008122,0.034,9.528052,-0.044091,9.509450,0.021067,-0.920277,-0.007289,0.539357,0.00000000,0.00000000,-3.820343,2.999691,-1.516500,-3.785641,2.960604,-1.513940,0.052269,0.002560
67.415000,0.008894,0.007,13.050451,-0.065225,9.651146,0.021729,-0.930505,-0.001509,1.001041,0.00000000,0.00000000,-3.821852,3.027609,-1.516266,-3.787715,3.003470,-1.512824,0.041809,0.003442
67.460000,0.008894,0.069,2.671649,-0.021802,9.509316,0.021301,-0.927791,0.010960,0.222719,0.00000000,0.00000000,-3.823469,3.069310,-1.515842,-3.789223,3.040547,-1.512347,0.044722,0.003495
67.500000,0.009571,0.024,9.514122,-0.046804,9.621976,0.021149,-0.928581,0.004631,0.097047,0.00000000,0.00000000,-3.825222,3.106216,-1.515728,-3.791042,3.077163,-1.512376,0.044860,0.003352
67.545000,0.009571,0.101,9.515781,-0.030720,9.701445,0.020327,-0.927699,0.006075,0.630241,0.00000000,0.00000000,-3.827214,3.147527,-1.515938,-3.792902,3.113911,-1.512375,0.048035,0.003563
67.580000,0.008955,0.046,9.458362,-0.038699,9.704070,0.019600,-0.929350,-0.003035,0.445048,0.00000000,0.00000000,-3.829193,3.180418,-1.515923,-3.795261,3.151351,-1.512571,0.044680,0.003352
67.625000,0.008955,0.084,1.429186,-0.038782,9.564202,0.019521,-0.922498,0.001704,0.527987,0.00000000,0.00000000,-3.831385,3.221911,-1.515536,-3.797431,3.188268,-1.512145,0.047798,0.003391
67.660000,0.009444,0.055,15.051512,-0.024020,9.580713,0.019466,-0.920460,0.007954,0.032381,0.00000000,0.00000000,-3.833065,3.254379,-1.514764,-3.799381,3.225298,-1.511412,0.044500,0.003352
67.700000,0.008277,0.016,2.379664,-0.048441,9.475557,0.019175,-0.917303,0.001517,0.806837,0.00000000,0.00000000,-3.834726,3.291244,-1.514838,-3.799849,3.259984,-1.512006,0.046836,0.002833
67.745000,0.008277,0.115,5.582751,-0.009043,9.432640,0.019201,-0.920901,0.026840,0.559311,0.00000000,0.00000000,-3.837381,3.332664,-1.514052,-3.802291,3.296785,-1.511134,0.050186,0.002918
67.775000,0.007285,0.060,3.961546,0.014880,9.326561,0.020174,-0.923814,0.033130,0.217417,0.00000000,0.00000000,-3.839204,3.360367,-1.513071,-3.804816,3.333592,-1.509966,0.043582,0.003106
67.825000,0.007965,0.009,9.565538,-0.052652,9.440598,0.020301,-0.921573,0.013629,0.189881,0.00000000,0.00000000,-3.842060,3.406578,-1.512493,-3.805911,3.372245,-1.510637,0.049855,0.001857
67.855000,0.007965,0.069,0.216344,-0.071760,9.319838,0.020470,-0.922074,0.000915,0.169990,0.00000000,0.00000000,-3.843440,3.434081,-1.512477,-3.807807,3.409161,-1.510414,0.043482,0.002063
67.895000,0.007965,0.115,9.648891,-0.019511,8.890358,0.020559,-0.919606,0.002872,0.096566,0.00000000,0.00000000,-3.845776,3.470952,-1.512186,-3.810307,3.445872,-1.510208,0.043441,0.001978
67.935000,0.006878,0.063,0.665467,-0.039374,8.786311,0.020564,-0.915713,0.001768,0.525692,0.00000000,0.00000000,-3.847951,3.507710,-1.512243,-3.812667,3.482796,-1.510238,0.043193,0.002005
67.985000,0.006340,0.035,1.047771,-0.083401,8.120049,0.021989,-0.942573,-0.006294,0.364175,0.00000000,0.00000000,-3.850667,3.554358,-1.512369,-3.814912,3.520048,-1.510248,0.049553,0.002122
68.015000,0.005550,0.008,10.819148,-0.024814,8.256755,0.021986,-0.930468,-0.005442,0.068358,0.00000000,0.00000000,-3.852416,3.582100,-1.512294,-3.815993,3.557854,-1.509209,0.043754,0.003085
68.055000,0.005550,0.060,16.108979,-0.039057,8.558438,0.021804,-0.908076,0.021394,0.191695,0.00000000,0.00000000,-3.854495,3.618492,-1.511479,-3.818115,3.594352,-1.508430,0.043661,0.003049
68.105000,0.005513,0.005,3.374736,-0.001640,8.455154,0.022286,-0.919544,0.031769,0.236678,0.00000000,0.00000000,-3.857378,3.664406,-1.510796,-3.818985,3.630188,-1.508514,0.051428,0.002282
68.135000,0.005513,0.075,9.767607,-0.051164,8.417887,0.022069,-0.921119,0.027412,0.519754,0.00000000,0.00000000,-3.859192,3.692199,-1.510052,-3.821519,3.667043,-1.507262,0.045300,0.002790
68.185000,0.004556,0.050,7.604972,-0.022672,8.430132,0.021903,-0.910887,0.021849,0.307334,0.00000000,0.00000000,-3.861717,3.738085,-1.509273,-3.823498,3.703846,-1.507072,0.051313,0.002201
68.215000,0.004344,0.011,13.320893,-0.049040,8.580019,0.021021,-0.922825,0.001989,0.016859,0.00000000,0.00000000,-3.863186,3.765828,-1.509491,-3.824258,3.741506,-1.507113,0.045901,0.002378
68.250000,0.004344,0.071,1.190714,-0.036069,8.569949,0.020932,-0.942148,-0.000240,0.375106,0.00000000,0.00000000,-3.864876,3.798965,-1.509336,-3.826300,3.779162,-1.506959,0.043362,0.002377
68.305000,0.004621,0.028,9.547210,-0.045380,8.696662,0.020983,-0.932047,-0.011428,0.066113,0.00000000,0.00000000,-3.867808,3.850119,-1.509552,-3.828524,3.816330,-1.506962,0.051816,0.002590
68.335000,0.004621,0.115,13.423874,-0.036687,8.750583,0.021477,-0.943171,-0.001972,0.214493,0.00000000,0.00000000,-3.869677,3.877946,-1.509852,-3.831051,3.853519,-1.507515,0.045703,0.002337
68.385000,0.004283,0.046,1.689070,-0.080606,8.725093,0.022055,-0.929703,-0.002152,0.661131,0.00000000,0.00000000,-3.872392,3.924154,-1.510134,-3.833307,3.890574,-1.507520,0.051529,0.002614
68.415000,0.004283,0.096,16.583765,-0.002700,8.859032,0.022479,-0.923250,0.000663,0.302608,0.00000000,0.00000000,-3.873801,3.951941,-1.509756,-3.835468,3.927622,-1.507230,0.045396,0.002526
68.465000,0.003942,0.035,9.467823,0.032339,8.918335,0.024332,-0.935605,0.026802,0.117766,0.00000000,0.00000000,-3.877362,3.998144,-1.508329,-3.838513,3.964455,-1.505966,0.051421,0.002363
68.495000,0.004754,0.031,9.739905,-0.062235,9.052386,0.024498,-0.919209,0.003236,0.427811,0.00000000,0.00000000,-3.879213,4.025776,-1.508294,-3.840918,4.001291,-1.505864,0.045454,0.002430
68.545000,0.004754,0.111,12.080764,-0.029522,9.177865,0.024211,-0.920734,0.015533,0.012161,0.00000000,0.00000000,-3.881891,4.071948,-1.507849,-3.843095,4.038155,-1.505488,0.051450,0.002361
68.575000,0.003616,0.025,4.134091,-0.054238,9.083437,0.024356,-0.921545,0.010866,0.160008,0.00000000,0.00000000,-3.884029,4.099419,-1.507102,-3.843862,4.062078,-1.505205,0.054843,0.001896
68.615000,0.003667,0.017,6.395222,-0.032191,9.019166,0.023726,-0.938847,-0.004340,0.782083,0.00000000,0.00000000,-3.886359,4.136437,-1.507217,-3.845864,4.100324,-1.504945,0.054258,0.002272
68.650000,0.003667,0.073,2.824535,-0.091695,8.917937,0.024938,-0.935474,0.002828,0.037357,0.00000000,0.00000000,-3.888099,4.169115,-1.507312,-3.848108,4.137848,-1.505089,0.050763,0.002223
68.690000,0.003688,0.023,7.249921,-0.051307,8.959470,0.024563,-0.937361,-0.008329,0.383210,0.00000000,0.00000000,-3.890643,4.206519,-1.507714,-3.850419,4.171728,-1.503904,0.053183,0.003810
68.735000,0.003688,0.086,9.498701,-0.001654,9.409488,0.024067,-0.923014,0.003642,0.029513,0.00000000,0.00000000,-3.893409,4.248135,-1.507709,-3.853312,4.208507,-1.503621,0.056374,0.004088
68.780000,0.003726,0.068,9.540081,-0.039094,9.522810,0.024062,-0.922577,0.013951,0.462776,0.00000000,0.00000000,-3.896359,4.289575,-1.506875,-3.855928,4.245469,-1.502945,0.059833,0.003930
68.815000,0.003654,0.019,12.660465,-0.006990,9.539579,0.024294,-0.923849,0.035822,0.558823,0.00000000,0.00000000,-3.898749,4.321980,-1.506133,-3.858041,4.283364,-1.503908,0.056110,0.002225
68.860000,0.003654,0.071,9.150991,-0.006542,9.520324,0.024603,-0.928493,0.022766,0.501787,0.00000000,0.00000000,-3.901136,4.363581,-1.504718,-3.860233,4.320461,-1.502669,0.059434,0.002049
68.890000,0.003591,0.063,17.100603,-0.016649,9.646505,0.024501,-0.925621,-0.009377,0.815601,0.00000000,0.00000000,-3.902887,4.391295,-1.504867,-3.862487,4.357500,-1.502925,0.052671,0.001942
68.940000,0.003614,0.001,10.358142,-0.065921,9.255581,0.024754,-0.914330,-0.016140,0.310317,0.00000000,0.00000000,-3.905505,4.437119,-1.505233,-3.864752,4.393990,-1.503184,0.059337,0.002049
68.975000,0.003614,0.042,9.395635,-0.065634,9.328077,0.025046,-0.927717,-0.010021,0.589912,0.00000000,0.00000000,-3.907981,4.469749,-1.505581,-3.867680,4.431162,-1.503376,0.055796,0.002206
69.020000,0.003614,0.090,1.040782,-0.079848,9.199609,0.025713,-0.931411,-0.009696,0.116809,0.00000000,0.00000000,-3.910856,4.511538,-1.506423,-3.870256,4.468398,-1.504374,0.059241,0.002049
69.060000,0.003660,0.044,1.776896,-0.047242,8.935704,0.026799,-0.935060,-0.046684,0.269566,0.00000000,0.00000000,-3.913389,4.548474,-1.508451,-3.872865,4.505328,-1.506402,0.059193,0.002049
69.095000,0.003639,0.042,9.369258,-0.097535,9.067701,0.027889,-0.915729,-0.048080,0.045684,0.00000000,0.00000000,-3.915054,4.580536,-1.509968,-3.875096,4.541769,-1.508205,0.055673,0.001763
69.145000,0.003639,0.083,9.522519,-0.123971,9.067905,0.030219,-0.912455,-0.071894,0.107063,0.00000000,0.00000000,-3.918125,4.626009,-1.513331,-3.877424,4.578232,-1.510865,0.062762,0.002466
69.175000,0.003642,0.041,6.519641,-0.085448,8.956769,0.030766,-0.922391,-0.061696,0.064988,0.00000000,0.00000000,-3.919681,4.653857,-1.514898,-3.879990,4.604448,-1.504386,0.063377,0.010513
69.225000,0.003639,0.012,37.441832,-0.107867,10.254404,0.032062,-0.915803,-0.053558,0.022012,0.00000000,0.00000000,-3.921634,4.699752,-1.517937,-3.882414,4.641910,-1.506599,0.069885,0.011338
69.260000,0.003639,0.078,2.524414,-0.050031,10.138174,0.032059,-0.910243,-0.040697,0.002769,0.00000000,0.00000000,-3.922986,4.731354,-1.519216,-3.884426,4.678095,-1.508234,0.065753,0.010982
69.295000,0.003665,0.054,9.335641,-0.092933,10.230279,0.033313,-0.912902,-0.048289,0.320100,0.00000000,0.00000000,-3.924193,4.763323,-1.521241,-3.886186,4.712627,-1.510457,0.063361,0.010784
69.330000,0.003653,0.019,9.646541,-0.094029,10.358583,0.033948,-0.936953,-0.060204,0.798570,0.00000000,0.00000000,-3.926392,4.795983,-1.523032,-3.888581,4.754673,-1.514021,0.056001,0.009011
69.375000,0.003653,0.083,9.543049,-0.105989,10.462226,0.034419,-0.945459,-0.065088,0.343787,0.00000000,0.00000000,-3.928431,4.838596,-1.525917,-3.890485,4.792323,-1.516638,0.059842,0.009280
69.410000,0.003582,0.017,9.675581,-0.112550,10.559154,0.035481,-0.930857,-0.069562,0.060208,0.00000000,0.00000000,-3.929655,4.870986,-1.528449,-3.891837,4.829093,-1.518280,0.056438,0.010169
69.460000,0.003582,0.102,9.482811,-0.107091,10.615193,0.036156,-0.930317,-0.070697,0.024116,0.00000000,0.00000000,-3.931736,4.917419,-1.531818,-3.893837,4.866205,-1.521003,0.063712,0.010816
69.505000,0.003638,0.059,2.027025,-0.137933,10.624916,0.037901,-0.925489,-0.070598,0.099262,0.00000000,0.00000000,-3.933510,4.959095,-1.535127,-3.895911,4.903291,-1.524006,0.067288,0.011121
69.540000,0.003638,0.108,9.487628,-0.145568,10.621593,0.039503,-0.912545,-0.081833,0.388741,0.00000000,0.00000000,-3.934671,4.990751,-1.538228,-3.897564,4.939501,-1.527412,0.063273,0.010816
69.570000,0.003663,0.051,9.400972,-0.109043,10.728038,0.040004,-0.913022,-0.069270,0.019353,0.00000000,0.00000000,-3.935975,5.018428,-1.540038,-3.899659,4.976255,-1.529637,0.055654,0.010401
69.625000,0.003663,0.088,9.418446,-0.077303,10.828644,0.039287,-0.918152,-0.055146,0.313179,0.00000000,0.00000000,-3.937779,5.069141,-1.542936,-3.901377,5.013242,-1.531729,0.066706,0.011207
69.665000,0.004714,0.006,10.048590,-0.089534,10.914652,0.039951,-0.921809,-0.058432,0.017574,0.00000000,0.00000000,-3.938536,5.106136,-1.544589,-3.902423,5.055945,-1.535454,0.061832,0.009135
69.695000,0.004714,0.050,9.539070,-0.132190,10.783419,0.040897,-0.922506,-0.034964,0.381328,0.00000000,0.00000000,-3.939140,5.133649,-1.545580,-3.903479,5.092716,-1.536929,0.054289,0.008650
69.745000,0.004714,0.098,2.894024,-0.121994,10.782836,0.040578,-0.928326,-0.060641,0.524174,0.00000000,0.00000000,-3.940171,5.180093,-1.548811,-3.904811,5.129999,-1.539383,0.061317,0.009428
69.770000,0.004430,0.033,9.496543,-0.128326,10.784159,0.041181,-0.934685,-0.059499,0.349348,0.00000000,0.00000000,-3.940308,5.203467,-1.550760,-3.905487,5.167423,-1.541923,0.050117,0.008836
69.825000,0.003667,0.019,9.657150,-0.079927,10.796197,0.040613,-0.930557,-0.050019,0.151713,0.00000000,0.00000000,-3.941374,5.254475,-1.553493,-3.906907,5.201151,-1.542049,0.063494,0.011444
69.855000,0.003621,0.007,12.029196,-0.077814,10.764342,0.040485,-0.919633,-0.055641,0.576021,0.00000000,0.00000000,-3.941825,5.282393,-1.555150,-3.907754,5.241807,-1.545880,0.052992,0.009269
69.900000,0.003621,0.065,32.329229,-0.094751,11.710779,0.040255,-0.915556,-0.075688,0.308978,0.00000000,0.00000000,-3.942472,5.323267,-1.558432,-3.908551,5.278096,-1.548972,0.056490,0.009460
69.935000,0.004355,0.013,1.016682,-0.113891,11.631739,0.040426,-0.930239,-0.055757,0.289159,0.00000000,0.00000000,-3.942996,5.355918,-1.560440,-3.909334,5.314780,-1.550680,0.053156,0.009761
69.985000,0.004355,0.056,9.518515,-0.110242,11.633043,0.040714,-0.904064,-0.048974,0.470113,0.00000000,0.00000000,-3.942213,5.401550,-1.563100,-3.908934,5.351145,-1.552907,0.060401,0.010193
70.015000,0.003661,0.008,23.606435,-0.149387,11.947486,0.041582,-0.922747,-0.066488,0.458406,0.00000000,0.00000000,-3.942373,5.429496,-1.565410,-3.909568,5.385518,-1.554483,0.054865,0.010927
70.055000,0.003661,0.100,0.678460,-0.088682,11.796085,0.040303,-0.916317,-0.066410,0.178386,0.00000000,0.00000000,-3.942779,5.466386,-1.567800,-3.910375,5.422318,-1.556782,0.054699,0.011019
70.100000,0.003765,0.051,9.643100,-0.084468,11.798897,0.036940,-0.921716,-0.045417,0.103898,0.00000000,0.00000000,-3.942734,5.507827,-1.569581,-3.910749,5.459215,-1.558377,0.058191,0.011204
70.140000,0.002594,0.015,3.661182,-0.110838,11.728687,0.037025,-0.925651,-0.065852,0.092265,0.00000000,0.00000000,-3.943053,5.544850,-1.571860,-3.911030,5.495994,-1.561933,0.058415,0.009927
70.180000,0.002594,0.072,5.142085,-0.085617,11.751888,0.036655,-0.928406,-0.047102,0.755647,0.00000000,0.00000000,-3.942637,5.582033,-1.573574,-3.910984,5.533180,-1.563647,0.058212,0.009927
70.215000,0.003754,0.044,9.373436,-0.117720,11.747974,0.035791,-0.926350,-0.057208,0.077994,0.00000000,0.00000000,-3.942274,5.614184,-1.575754,-3.910806,5.569826,-1.566161,0.054386,0.009593
70.260000,0.003664,0.018,30.766953,-0.104942,12.509609,0.035007,-0.921235,-0.074195,0.167083,0.00000000,0.00000000,-3.941762,5.655644,-1.578920,-3.910101,5.607556,-1.568992,0.057575,0.009928
70.295000,0.003664,0.058,6.113122,-0.067041,12.533585,0.035130,-0.920643,-0.051565,0.360717,0.00000000,0.00000000,-3.941450,5.687930,-1.580713,-3.909972,5.644540,-1.570826,0.053606,0.009887
70.345000,0.005083,0.016,9.644536,-0.109048,12.562967,0.034856,-0.927907,-0.051679,0.143248,0.00000000,0.00000000,-3.940919,5.734445,-1.583468,-3.909764,5.679251,-1.572784,0.063380,0.010684
70.380000,0.005083,0.079,8.373121,-0.078371,12.241101,0.033948,-0.926429,-0.057366,0.384065,0.00000000,0.00000000,-3.940414,5.767158,-1.585262,-3.909583,5.716625,-1.574889,0.059196,0.010374
70.415000,0.005170,0.029,3.447152,-0.039023,12.180249,0.031651,-0.939483,-0.061851,0.460412,0.00000000,0.00000000,-3.939648,5.799806,-1.587713,-3.909182,5.754066,-1.577475,0.054958,0.010237
70.465000,0.003684,0.017,9.347200,-0.100608,12.097222,0.029233,-0.943307,-0.044325,0.329831,0.00000000,0.00000000,-3.938809,5.846663,-1.590425,-3.908782,5.792812,-1.580159,0.061657,0.010266
70.495000,0.003684,0.074,9.566733,-0.101127,12.071433,0.026435,-0.936746,-0.055506,0.307646,0.00000000,0.00000000,-3.938614,5.874798,-1.591902,-3.908817,5.830309,-1.582165,0.053546,0.009737
70.540000,0.005260,0.022,3.287105,-0.081414,11.978800,0.026050,-0.946627,-0.043118,0.584575,0.00000000,0.00000000,-3.937508,5.916825,-1.594049,-3.907987,5.864735,-1.583658,0.059874,0.010391
70.580000,0.005260,0.077,20.425578,-0.052629,12.089846,0.024275,-0.928506,-0.041255,0.164991,0.00000000,0.00000000,-3.936956,5.953818,-1.595706,-3.907820,5.901732,-1.585315,0.059682,0.010391
70.625000,0.003715,0.028,9.474770,-0.047933,12.026199,0.024895,-0.927783,-0.071856,0.323682,0.00000000,0.00000000,-3.936884,5.995393,-1.598847,-3.908311,5.938697,-1.588091,0.063489,0.010757
70.665000,0.003734,0.023,9.302683,-0.130835,12.124259,0.025174,-0.917906,-0.067395,0.085950,0.00000000,0.00000000,-3.935643,6.032464,-1.601733,-3.906758,5.976041,-1.590246,0.063387,0.011486
70.695000,0.003734,0.075,9.604745,-0.077628,12.175121,0.025351,-0.931106,-0.052788,0.321105,0.00000000,0.00000000,-3.934968,6.060230,-1.603394,-3.906186,6.013125,-1.592498,0.055202,0.010896
70.740000,0.003665,0.032,9.516335,-0.103660,12.224446,0.024273,-0.935393,-0.039150,0.443690,0.00000000,0.00000000,-3.933877,6.102554,-1.605531,-3.905705,6.050787,-1.594362,0.058936,0.011168
70.780000,0.003665,0.085,9.443522,-0.089222,12.176626,0.024094,-0.926224,-0.066604,0.382115,0.00000000,0.00000000,-3.932272,6.139645,-1.608051,-3.904514,6.087893,-1.596883,0.058726,0.011168
70.825000,0.005104,0.063,0.117306,-0.096517,12.122364,0.024018,-0.937036,-0.064256,0.360122,0.00000000,0.00000000,-3.930887,6.181678,-1.610884,-3.903861,6.125340,-1.599239,0.062485,0.011645
70.855000,0.005104,0.112,9.400852,-0.086281,10.787563,0.024056,-0.929314,-0.063598,0.414704,0.00000000,0.00000000,-3.929736,6.209586,-1.612531,-3.902550,6.162593,-1.601584,0.054291,0.010947
70.890000,0.005129,0.045,2.032395,-0.138266,10.808469,0.023631,-0.926223,-0.064312,0.178178,0.00000000,0.00000000,-3.928168,6.242175,-1.614768,-3.901282,6.199711,-1.604273,0.050260,0.010495
70.945000,0.005077,0.016,7.118249,-0.115668,10.851568,0.023697,-0.927846,-0.068808,0.026245,0.00000000,0.00000000,-3.925718,6.293254,-1.618272,-3.898353,6.232979,-1.606359,0.066196,0.011914
70.980000,0.005077,0.090,9.689359,-0.105583,10.852146,0.023682,-0.941090,-0.069339,0.394874,0.00000000,0.00000000,-3.924227,6.326276,-1.620726,-3.897058,6.270694,-1.609135,0.061867,0.011591
71.015000,0.005165,0.055,9.282766,-0.103484,10.848756,0.023675,-0.946622,-0.070204,0.255841,0.00000000,0.00000000,-3.922542,6.359102,-1.623069,-3.895686,6.308312,-1.611784,0.057453,0.011284
71.055000,0.005132,0.022,9.424885,-0.063363,10.845424,0.024207,-0.943540,-0.054257,0.126665,0.00000000,0.00000000,-3.920552,6.396636,-1.625387,-3.894003,6.345760,-1.614110,0.057386,0.011277
71.090000,0.005132,0.082,7.761921,-0.109477,10.807921,0.024107,-0.930967,-0.071997,0.652302,0.00000000,0.00000000,-3.918700,6.429087,-1.627668,-3.892400,6.382751,-1.616769,0.053280,0.010899
71.145000,0.005193,0.015,4.064235,-0.129158,10.831505,0.024332,-0.927664,-0.066139,0.183338,0.00000000,0.00000000,-3.915791,6.479868,-1.630995,-3.889460,6.416411,-1.618762,0.068703,0.012233
71.185000,0.005193,0.075,0.258620,-0.114330,10.780549,0.023521,-0.916615,-0.098388,0.508282,0.00000000,0.00000000,-3.913390,6.516265,-1.634733,-3.887356,6.452707,-1.622490,0.068683,0.012243
71.220000,0.005133,0.035,0.684915,-0.139406,10.726529,0.024166,-0.929916,-0.069962,0.529179,0.00000000,0.00000000,-3.911248,6.548385,-1.637443,-3.885451,6.489554,-1.625532,0.064238,0.011911
71.260000,0.003134,0.015,9.472161,-0.112834,10.727312,0.024034,-0.940002,-0.077013,0.054923,0.00000000,0.00000000,-3.908850,6.585877,-1.640039,-3.881876,6.528584,-1.627358,0.063324,0.012682
71.290000,0.003134,0.062,2.059761,-0.174533,10.668094,0.025992,-0.920636,-0.085594,0.364161,0.00000000,0.00000000,-3.906648,6.613066,-1.642895,-3.879700,6.565171,-1.631034,0.054956,0.011862
71.340000,0.005192,0.033,8.839794,-0.073171,10.643293,0.026235,-0.929318,-0.062708,0.452763,0.00000000,0.00000000,-3.903499,6.659389,-1.645987,-3.877458,6.602159,-1.633305,0.062876,0.012682
71.375000,0.005024,0.006,6.291712,-0.116129,10.637011,0.025832,-0.942425,-0.041932,0.848185,0.00000000,0.00000000,-3.901219,6.692202,-1.647129,-3.873800,6.644667,-1.637333,0.054876,0.009796
71.420000,0.005024,0.052,0.418456,-0.095379,10.571019,0.025507,-0.933509,-0.063280,0.065582,0.00000000,0.00000000,-3.897703,6.733947,-1.650014,-3.870988,6.681759,-1.639826,0.058629,0.010188
71.460000,0.007995,0.026,1.085959,-0.115886,10.504526,0.025585,-0.928277,-0.065831,0.265779,0.00000000,0.00000000,-3.894329,6.770823,-1.652899,-3.867989,6.718667,-1.642711,0.058430,0.010188
71.495000,0.007995,0.081,11.413269,-0.105504,10.563250,0.025446,-0.916140,-0.058229,0.370047,0.00000000,0.00000000,-3.891801,6.803323,-1.654901,-3.865501,6.755673,-1.644743,0.054426,0.010158
71.545000,0.006192,0.039,6.985067,-0.065557,9.389655,0.026893,-0.899211,-0.024945,0.793519,0.00000000,0.00000000,-3.888042,6.848316,-1.656154,-3.862890,6.791606,-1.645843,0.062037,0.010311
71.585000,0.006192,0.082,9.645164,-0.113101,9.456469,0.026884,-0.917178,-0.055302,0.085972,0.00000000,0.00000000,-3.884932,6.885162,-1.658021,-3.860246,6.828477,-1.647743,0.061827,0.010278
71.620000,0.005177,0.052,9.446451,-0.078435,9.455293,0.026978,-0.929118,-0.049927,0.037775,0.00000000,0.00000000,-3.882563,6.918114,-1.659703,-3.857725,6.866070,-1.649515,0.057667,0.010188
71.655000,0.004988,0.004,0.129653,-0.090320,8.738090,0.025975,-0.928182,-0.045768,0.763730,0.00000000,0.00000000,-3.879484,6.950607,-1.661318,-3.852450,6.901026,-1.652180,0.056472,0.009137
71.700000,0.004988,0.058,8.342230,-0.092646,8.799151,0.025966,-0.924764,-0.036338,0.858995,0.00000000,0.00000000,-3.875381,6.991931,-1.663288,-3.849134,6.937775,-1.653874,0.060181,0.009414
71.735000,0.003792,0.053,2.349991,-0.044711,8.815361,0.028443,-0.904083,-0.066790,0.192015,0.00000000,0.00000000,-3.872657,7.023680,-1.666016,-3.846519,6.974035,-1.656823,0.056106,0.009193
71.785000,0.005863,0.015,39.976949,-0.084343,10.560587,0.028432,-0.903250,-0.013821,0.195031,0.00000000,0.00000000,-3.868042,7.068739,-1.666931,-3.841515,7.014635,-1.658434,0.060257,0.008497
71.815000,0.005863,0.059,4.995006,-0.078894,10.578266,0.028500,-0.930334,-0.055020,0.838518,0.00000000,0.00000000,-3.865606,7.096266,-1.668674,-3.838476,7.051345,-1.660674,0.052478,0.008000
71.855000,0.004960,0.032,9.437589,-0.085365,10.578240,0.028487,-0.926302,-0.049397,0.347037,0.00000000,0.00000000,-3.862179,7.132949,-1.670549,-3.835243,7.088182,-1.662560,0.052246,0.007989
71.900000,0.004960,0.109,9.480234,-0.123539,9.629555,0.028560,-0.930295,-0.055152,0.154049,0.00000000,0.00000000,-3.858278,7.174515,-1.673401,-3.832181,7.125101,-1.665209,0.055882,0.008192
71.940000,0.004116,0.046,16.825064,-0.092053,9.949558,0.028256,-0.930654,-0.057531,0.670479,0.00000000,0.00000000,-3.854423,7.211550,-1.675700,-3.828629,7.162167,-1.667508,0.055714,0.008192
71.985000,0.004116,0.093,2.407360,-0.164840,9.878674,0.029768,-0.919940,-0.078752,0.018982,0.00000000,0.00000000,-3.849513,7.252335,-1.678907,-3.824579,7.198311,-1.670481,0.059500,0.008426
72.015000,0.006197,0.056,18.503218,-0.113062,10.170420,0.029702,-0.924350,-0.078130,0.439500,0.00000000,0.00000000,-3.846725,7.279948,-1.680853,-3.818610,7.224549,-1.669981,0.062125,0.010872
72.060000,0.006087,0.005,9.490748,-0.120773,10.171182,0.029801,-0.936587,-0.058588,0.579022,0.00000000,0.00000000,-3.841608,7.322092,-1.683247,-3.810756,7.263668,-1.673651,0.066070,0.009596
72.095000,0.006087,0.065,9.670982,-0.088066,11.087338,0.028728,-0.913901,-0.053608,1.154487,0.00000000,0.00000000,-3.837736,7.353792,-1.685643,-3.806576,7.299856,-1.676267,0.062290,0.009377
72.145000,0.006224,0.045,5.940160,-0.139798,11.038338,0.029252,-0.914105,-0.058082,0.028064,0.00000000,0.00000000,-3.832035,7.399473,-1.688594,-3.800510,7.334159,-1.678661,0.072525,0.009933
72.180000,0.005148,0.002,9.545337,-0.010629,11.109960,0.031779,-0.926488,-0.038329,0.077891,0.00000000,0.00000000,-3.827503,7.431548,-1.689230,-3.795776,7.370819,-1.679783,0.068518,0.009447
72.210000,0.005148,0.073,11.350793,-0.114597,10.842987,0.031117,-0.912882,-0.032915,0.517029,0.00000000,0.00000000,-3.823876,7.458726,-1.690405,-3.790990,7.407149,-1.681632,0.061169,0.008773
72.250000,0.005211,0.017,9.318495,-0.053880,10.763156,0.034084,-0.925338,0.010643,0.081038,0.00000000,0.00000000,-3.818614,7.495536,-1.689534,-3.782923,7.446208,-1.685950,0.060886,0.003584
72.300000,0.005211,0.096,6.133053,0.012330,10.708895,0.037118,-0.928318,0.015323,0.102304,0.00000000,0.00000000,-3.812333,7.541716,-1.688679,-3.777871,7.483150,-1.684971,0.067953,0.003708
72.330000,0.007270,0.032,9.515078,-0.038788,10.707370,0.037884,-0.925372,0.029612,0.360061,0.00000000,0.00000000,-3.809314,7.569108,-1.687952,-3.773740,7.519546,-1.684135,0.061007,0.003817
72.370000,0.007270,0.076,5.834194,0.004237,10.663128,0.040311,-0.940368,0.033806,0.785833,0.00000000,0.00000000,-3.804887,7.606229,-1.686209,-3.769565,7.556873,-1.682514,0.060693,0.003695
72.410000,0.007256,0.049,12.818167,-0.003867,10.809786,0.042115,-0.913619,0.002216,0.422327,0.00000000,0.00000000,-3.799890,7.642496,-1.686271,-3.764614,7.593223,-1.682174,0.060599,0.004096
72.465000,0.005401,0.013,11.217803,0.023312,10.829659,0.045031,-0.917256,0.020570,0.843154,0.00000000,0.00000000,-3.794024,7.693124,-1.685388,-3.756324,7.628548,-1.686643,0.074775,0.001255
72.495000,0.006254,0.001,29.298242,-0.067240,11.475438,0.046040,-0.936144,0.001632,0.322154,0.00000000,0.00000000,-3.791081,7.720986,-1.685155,-3.752267,7.665673,-1.686339,0.067573,0.001183
72.540000,0.006254,0.073,9.536005,-0.012322,11.578164,0.046576,-0.907682,0.011189,0.271401,0.00000000,0.00000000,-3.785100,7.761274,-1.684888,-3.746694,7.701370,-1.686150,0.071158,0.001263
72.575000,0.004218,0.015,9.649728,-0.043736,11.583796,0.046884,-0.921252,-0.003705,0.074057,0.00000000,0.00000000,-3.781011,7.793150,-1.685289,-3.737185,7.741686,-1.685996,0.067596,0.000707
72.610000,0.004218,0.079,0.393757,-0.030501,11.555317,0.047207,-0.920432,-0.008292,0.689695,0.00000000,0.00000000,-3.777204,7.825369,-1.684882,-3.732794,7.778474,-1.685698,0.064587,0.000816
72.660000,0.005345,0.030,2.236804,-0.122620,11.462957,0.047443,-0.928134,-0.011390,0.158210,0.00000000,0.00000000,-3.771463,7.871372,-1.685793,-3.728242,7.815391,-1.686476,0.070724,0.000683
72.695000,0.005345,0.085,20.457656,-0.057345,11.565955,0.047496,-0.923589,-0.011367,0.414569,0.00000000,0.00000000,-3.767468,7.903522,-1.686034,-3.723653,7.852191,-1.686802,0.067488,0.000769
72.740000,0.005261,0.043,4.593852,-0.026127,11.572481,0.047910,-0.926836,-0.009158,0.288892,0.00000000,0.00000000,-3.762869,7.945022,-1.686302,-3.719598,7.889035,-1.686985,0.070759,0.000683
72.775000,0.005232,0.012,9.548667,-0.027412,11.674561,0.048415,-0.914790,0.003000,0.213867,0.00000000,0.00000000,-3.758781,7.976670,-1.686218,-3.709702,7.926866,-1.687027,0.069922,0.000810
72.820000,0.005232,0.081,21.094206,-0.008506,11.988819,0.048813,-0.931611,0.020288,0.735992,0.00000000,0.00000000,-3.754551,8.018150,-1.685481,-3.705905,7.963665,-1.686316,0.073042,0.000835
72.855000,0.004280,0.046,4.984221,-0.039846,11.999212,0.048403,-0.938348,0.013554,0.626506,0.00000000,0.00000000,-3.751117,8.050641,-1.685152,-3.699464,7.998664,-1.686579,0.073278,0.001427
72.905000,0.004280,0.091,8.116869,-0.043203,11.913250,0.048203,-0.925706,0.015698,0.019811,0.00000000,0.00000000,-3.745770,8.096709,-1.685003,-3.694992,8.035534,-1.686771,0.079504,0.001768
72.935000,0.005696,0.025,4.142776,-0.043601,11.932469,0.045980,-0.929775,0.008949,0.028817,0.00000000,0.00000000,-3.742786,8.124414,-1.684613,-3.688576,8.067195,-1.686558,0.078821,0.001945
72.980000,0.004588,0.024,9.405642,-0.046654,12.008032,0.046067,-0.922643,-0.003114,0.253907,0.00000000,0.00000000,-3.737584,8.165614,-1.684895,-3.682038,8.106134,-1.686163,0.081384,0.001268
73.020000,0.004588,0.079,9.372270,-0.058812,12.090147,0.046006,-0.905924,-0.000084,0.299102,0.00000000,0.00000000,-3.732941,8.201965,-1.684702,-3.677349,8.142478,-1.685970,0.081419,0.001268
73.065000,0.007529,0.039,10.294619,0.009265,12.190524,0.046710,-0.920136,-0.004204,0.051498,0.00000000,0.00000000,-3.727844,8.243178,-1.684307,-3.672936,8.179068,-1.685853,0.084409,0.001546
73.095000,0.005649,0.003,2.642594,-0.029416,12.206346,0.046314,-0.922124,0.001522,0.262738,0.00000000,0.00000000,-3.724764,8.270974,-1.684032,-3.668537,8.216072,-1.685330,0.078586,0.001298
73.135000,0.005649,0.078,14.761785,-0.009887,12.268086,0.046416,-0.929105,-0.000890,0.363488,0.00000000,0.00000000,-3.719975,8.307586,-1.684408,-3.663657,8.252679,-1.685539,0.078654,0.001131
73.170000,0.006231,0.018,10.340727,-0.010093,12.215432,0.046874,-0.916693,0.011905,0.042977,0.00000000,0.00000000,-3.716071,8.339527,-1.683652,-3.661533,8.290448,-1.683239,0.073370,0.000413
73.220000,0.006231,0.094,9.491868,-0.033879,12.254254,0.046323,-0.927049,-0.006842,0.530117,0.00000000,0.00000000,-3.710978,8.385374,-1.684167,-3.657634,8.327475,-1.683441,0.078727,0.000726
73.265000,0.005153,0.049,9.715982,-0.038020,12.183766,0.046290,-0.922044,0.000381,0.641098,0.00000000,0.00000000,-3.705769,8.426509,-1.684336,-3.652991,8.364008,-1.683670,0.081804,0.000666
73.290000,0.006131,0.004,0.066006,-0.102264,12.182929,0.046498,-0.912860,0.000075,0.432407,0.00000000,0.00000000,-3.703349,8.449237,-1.683634,-3.649183,8.400090,-1.683630,0.073139,0.000003
73.340000,0.006131,0.055,5.709344,-0.039667,12.208753,0.046257,-0.902226,0.018582,0.417140,0.00000000,0.00000000,-3.697889,8.494466,-1.683049,-3.644624,8.436576,-1.682323,0.078666,0.000726
73.375000,0.006151,0.036,9.618962,-0.050426,12.210821,0.043666,-0.905797,0.009111,0.140994,0.00000000,0.00000000,-3.693287,8.525883,-1.683101,-3.639275,8.472658,-1.682000,0.075830,0.001101
73.420000,0.006151,0.088,7.578023,-0.073124,11.050677,0.043635,-0.935271,0.033512,0.332778,0.00000000,0.00000000,-3.688553,8.567662,-1.682075,-3.635341,8.509779,-1.681349,0.078626,0.000726
73.460000,0.005388,0.058,21.375958,-0.000423,11.387993,0.044062,-0.925594,-0.005647,0.101241,0.00000000,0.00000000,-3.684677,8.604038,-1.682428,-3.631491,8.546158,-1.681702,0.078606,0.000726
73.505000,0.005506,0.020,21.004492,-0.013709,11.583129,0.044080,-0.825185,0.009340,2.805626,0.00000000,0.00000000,-3.680280,8.639865,-1.682189,-3.629169,8.585138,-1.681031,0.074883,0.001158
73.545000,0.005506,0.088,7.129719,-0.029404,11.473934,0.043634,-0.708471,0.010766,3.390610,0.00000000,0.00000000,-3.676979,8.666569,-1.682136,-3.625844,8.612484,-1.680868,0.074431,0.001268
73.580000,0.005232,0.026,2.306911,-0.051235,11.340752,0.042284,-0.586805,-0.006234,2.735509,0.00000000,0.00000000,-3.675167,8.686091,-1.682500,-3.623725,8.635103,-1.681142,0.072430,0.001358
73.635000,0.005222,0.037,0.923622,-0.050528,11.160452,0.038255,-0.402336,0.004470,3.197301,0.00000000,0.00000000,-3.672784,8.709363,-1.682308,-3.621062,8.660043,-1.680915,0.071468,0.001393
74.720000,0.007269,0.062,0.157630,-0.035767,6.007665,0.018349,0.175153,-0.003962,0.306926,0.00000000,0.00000000,-3.673643,8.689911,-1.681917,-3.622205,8.638925,-1.680559,0.072425,0.001358
74.815000,0.011059,0.101,2.643669,-0.030917,5.610816,0.017345,0.261983,-0.003657,1.096761,0.00000000,0.00000000,-3.676452,8.667792,-1.681837,-3.625119,8.615427,-1.680497,0.073328,0.001340
74.900000,0.007226,0.018,5.590883,-0.032882,5.176521,0.017519,0.303123,-0.003208,0.347634,0.00000000,0.00000000,-3.679349,8.642832,-1.682190,-3.623935,8.645063,-1.680656,0.055459,0.001535
74.975000,0.005270,0.085,1.100704,-0.024476,5.219880,0.015395,0.336223,0.000630,0.436957,0.00000000,0.00000000,-3.682992,8.618424,-1.682331,-3.627817,8.618975,-1.680773,0.055178,0.001558
75.045000,0.005265,0.047,10.965042,-0.058582,5.074285,0.015508,0.364540,0.004343,0.597022,0.00000000,0.00000000,-3.685151,8.593059,-1.682519,-3.626707,8.626113,-1.681169,0.067143,0.001349
75.105000,0.005218,0.037,7.295766,-0.029072,5.178384,0.014873,0.391547,-0.007146,1.001416,0.00000000,0.00000000,-3.687184,8.570012,-1.682578,-3.628483,8.603202,-1.681266,0.067434,0.001312
75.160000,0.005353,0.017,4.137662,-0.028755,3.432442,0.013494,0.422491,-0.003247,1.323122,0.00000000,0.00000000,-3.689692,8.547518,-1.682541,-3.631242,8.578775,-1.681226,0.066283,0.001315
75.225000,0.005320,0.018,5.878919,-0.029340,3.401236,0.013989,0.427023,-0.006087,0.593237,0.00000000,0.00000000,-3.692682,8.520018,-1.682643,-3.632005,8.573658,-1.681646,0.080987,0.000996
75.275000,0.005354,0.026,6.850772,-0.061574,3.787196,0.014073,0.429236,0.003969,0.403814,0.00000000,0.00000000,-3.695496,8.498850,-1.682618,-3.633709,8.559059,-1.681667,0.086271,0.000951
75.340000,0.005356,0.038,2.697416,-0.029145,3.758622,0.014009,0.441866,0.002729,0.474182,0.00000000,0.00000000,-3.698744,8.469885,-1.682823,-3.635627,8.540216,-1.681897,0.094500,0.000926
75.405000,0.005356,0.100,2.360625,-0.070253,3.802991,0.015488,0.457964,-0.009877,1.184814,0.00000000,0.00000000,-3.702423,8.440474,-1.683192,-3.639023,8.513118,-1.682234,0.096419,0.000958
75.465000,0.005348,0.089,2.351483,-0.057710,3.823696,0.015556,0.475774,-0.005292,0.248729,0.00000000,0.00000000,-3.705923,8.412586,-1.683595,-3.642416,8.485214,-1.682652,0.096478,0.000943
75.510000,0.005314,0.088,11.877718,-0.042074,4.285504,0.015520,0.488375,0.004627,0.583343,0.00000000,0.00000000,-3.708459,8.390898,-1.683415,-3.645781,8.456311,-1.682561,0.090594,0.000854
75.580000,0.004173,0.081,2.746056,-0.052535,4.326544,0.015702,0.505204,-0.006063,0.470940,0.00000000,0.00000000,-3.712612,8.356186,-1.683810,-3.649389,8.426504,-1.682884,0.094561,0.000926
75.615000,0.004174,0.011,4.427556,-0.006603,4.362502,0.015779,0.500354,0.005959,0.089609,0.00000000,0.00000000,-3.714768,8.338475,-1.683461,-3.650918,8.417738,-1.682428,0.101781,0.001033
75.660000,0.004174,0.057,5.638588,-0.033404,4.420617,0.015797,0.516271,-0.007379,0.111252,0.00000000,0.00000000,-3.717426,8.315309,-1.683680,-3.653263,8.397118,-1.682617,0.103969,0.001062
75.695000,0.006147,0.037,6.093997,-0.034509,4.496835,0.015775,0.525018,0.008056,0.200603,0.00000000,0.00000000,-3.719390,8.296990,-1.683516,-3.655478,8.376132,-1.682432,0.101726,0.001084
75.740000,0.006158,0.035,9.658159,-0.039395,4.807953,0.015550,0.542388,0.005306,0.096019,0.00000000,0.00000000,-3.721900,8.272730,-1.683453,-3.657692,8.354534,-1.682391,0.103993,0.001062
75.775000,0.006158,0.060,9.658159,-0.039395,4.807953,0.015550,0.544206,-0.013535,0.090894,0.00000000,0.00000000,-3.724025,8.253771,-1.683562,-3.660073,8.332885,-1.682464,0.101729,0.001098
75.820000,0.006227,0.005,7.840668,-0.050079,4.955704,0.015274,0.570684,0.001622,1.489644,0.00000000,0.00000000,-3.726766,8.228913,-1.683290,-3.662512,8.310712,-1.682228,0.104017,0.001062
75.860000,0.006192,0.012,0.604771,-0.053570,4.992383,0.015369,0.549265,-0.004864,0.632643,0.00000000,0.00000000,-3.729001,8.206759,-1.683494,-3.663458,8.297784,-1.682893,0.112167,0.000602
75.895000,0.006192,0.071,4.003416,-0.045445,4.929609,0.015337,0.566079,-0.004356,0.047939,0.00000000,0.00000000,-3.731249,8.186919,-1.683489,-3.666006,8.275064,-1.682862,0.109664,0.000626
75.940000,0.006192,0.125,5.701929,-0.041525,4.987999,0.015093,0.574868,0.009471,0.185791,0.00000000,0.00000000,-3.734096,8.160960,-1.683335,-3.668525,8.251982,-1.682733,0.112181,0.000602
75.975000,0.006238,0.049,3.177690,-0.031653,5.012654,0.015064,0.584896,-0.003264,0.566255,0.00000000,0.00000000,-3.736474,8.140463,-1.683509,-3.671225,8.228547,-1.682936,0.109618,0.000573
76.010000,0.006400,0.020,3.970140,-0.018328,5.048310,0.015370,0.597107,0.007010,0.200898,0.00000000,0.00000000,-3.738723,8.119650,-1.683243,-3.668851,8.214337,-1.683384,0.117676,0.000142
76.055000,0.006400,0.094,4.312372,-0.047018,5.092683,0.015148,0.600639,-0.005948,0.359996,0.00000000,0.00000000,-3.741765,8.092489,-1.683366,-3.671658,8.190215,-1.683596,0.120272,0.000230
76.100000,0.006464,0.042,5.727094,-0.020035,5.158885,0.015325,0.618664,0.005732,0.321326,0.00000000,0.00000000,-3.744838,8.064931,-1.683203,-3.674385,8.165650,-1.683393,0.122915,0.000190
76.130000,0.005375,0.024,3.196565,-0.056377,5.177769,0.015498,0.626485,0.005242,0.467099,0.00000000,0.00000000,-3.746940,8.046406,-1.683366,-3.674788,8.145816,-1.683505,0.122835,0.000139
76.170000,0.005375,0.081,1.804367,-0.028451,5.182343,0.015580,0.625206,-0.003250,0.146053,0.00000000,0.00000000,-3.749656,8.021371,-1.683253,-3.677554,8.120663,-1.683285,0.122710,0.000032
76.225000,0.006518,0.019,0.964186,-0.056116,5.174518,0.015633,0.634460,0.001041,0.303235,0.00000000,0.00000000,-3.753601,7.986490,-1.683283,-3.677776,8.101533,-1.683665,0.137783,0.000382
76.255000,0.006518,0.077,7.206670,-0.044537,5.269681,0.015182,0.652225,0.005955,0.795520,0.00000000,0.00000000,-3.755768,7.967216,-1.683327,-3.680649,8.075799,-1.683696,0.132034,0.000369
76.300000,0.006446,0.018,8.193668,-0.049725,5.399843,0.015078,0.647756,-0.002997,0.304143,0.00000000,0.00000000,-3.758831,7.937993,-1.683279,-3.681835,8.057865,-1.683751,0.142471,0.000473
76.335000,0.005437,0.022,11.483206,-0.023525,5.590522,0.014951,0.662659,-0.004343,0.374811,0.00000000,0.00000000,-3.761484,7.914832,-1.683498,-3.684604,8.031337,-1.683915,0.139585,0.000417
76.385000,0.005437,0.088,1.980825,-0.030711,5.595816,0.014992,0.672781,-0.000902,0.215352,0.00000000,0.00000000,-3.765038,7.881632,-1.683514,-3.687483,8.004765,-1.683860,0.145521,0.000346
76.420000,0.006414,0.025,7.028230,-0.040894,5.650496,0.015000,0.673508,-0.008529,0.178403,0.00000000,0.00000000,-3.767840,7.858112,-1.683891,-3.689495,7.981066,-1.684182,0.145793,0.000291
76.455000,0.006414,0.083,5.770211,-0.040291,5.703337,0.014947,0.681584,-0.004823,0.032358,0.00000000,0.00000000,-3.770549,7.834018,-1.684010,-3.692586,7.953520,-1.684335,0.142684,0.000325
76.505000,0.006338,0.039,8.262005,-0.047965,5.780423,0.014626,0.705568,-0.007408,0.512218,0.00000000,0.00000000,-3.774602,7.799401,-1.684486,-3.695935,7.925739,-1.684731,0.148829,0.000245
76.540000,0.003930,0.015,5.907333,-0.013186,5.750060,0.015068,0.700608,0.001337,0.074551,0.00000000,0.00000000,-3.777262,7.774656,-1.684270,-3.698655,7.898943,-1.684562,0.147059,0.000292
76.585000,0.003930,0.062,5.818234,-0.055343,5.734869,0.015214,0.717450,-0.010743,0.369733,0.00000000,0.00000000,-3.781501,7.743050,-1.684982,-3.702418,7.870866,-1.685147,0.150304,0.000166
76.625000,0.006011,0.031,7.967639,-0.016792,5.786701,0.015515,0.708436,-0.010182,0.235362,0.00000000,0.00000000,-3.784876,7.714528,-1.685013,-3.705850,7.842458,-1.685231,0.150370,0.000218
76.660000,0.007127,0.031,6.080685,-0.024506,5.829724,0.015475,0.723601,-0.001990,0.434351,0.00000000,0.00000000,-3.787785,7.689184,-1.685372,-3.711347,7.812493,-1.684611,0.145079,0.000761
76.700000,0.007127,0.100,17.528780,-0.053981,6.156486,0.015370,0.733902,0.001186,0.363809,0.00000000,0.00000000,-3.790940,7.659945,-1.685271,-3.714480,7.783252,-1.684511,0.145089,0.000761
76.735000,0.006169,0.030,3.735871,-0.062475,6.110257,0.015668,0.736530,-0.009575,0.255436,0.00000000,0.00000000,-3.794004,7.633980,-1.685502,-3.718019,7.753675,-1.684774,0.141777,0.000729
76.780000,0.006169,0.087,4.361620,-0.014030,6.142390,0.015963,0.746130,-0.001450,0.105526,0.00000000,0.00000000,-3.797732,7.600839,-1.685724,-3.721227,7.724141,-1.684964,0.145108,0.000761
76.815000,0.008111,0.046,0.365667,-0.034548,6.127834,0.015433,0.739488,-0.001047,0.488609,0.00000000,0.00000000,-3.800583,7.575012,-1.685621,-3.724504,7.694628,-1.684844,0.141760,0.000777
76.865000,0.006074,0.019,15.457567,-0.061079,6.456252,0.015686,0.722092,-0.000132,0.786779,0.00000000,0.00000000,-3.804271,7.539253,-1.685392,-3.730788,7.665854,-1.685054,0.146382,0.000337
76.900000,0.006074,0.075,7.863279,-0.061554,6.412574,0.015967,0.643365,-0.012203,2.503858,0.00000000,0.00000000,-3.806359,7.517515,-1.685720,-3.733213,7.640742,-1.685401,0.143301,0.000319
76.945000,0.006074,0.126,12.221612,-0.147163,6.569333,0.021744,0.535443,-0.016832,2.934186,0.00000000,0.00000000,-3.807836,7.494430,-1.686580,-3.734480,7.619778,-1.686272,0.145235,0.000307
77.005000,0.006159,0.016,3.042778,-0.040824,6.568921,0.021711,0.320943,0.003548,3.478768,0.00000000,0.00000000,-3.810057,7.475165,-1.686931,-3.739065,7.591543,-1.685787,0.136322,0.001144
77.945000,0.004855,0.036,0.437135,0.104675,5.481010,0.038644,-0.002919,0.142913,0.026549,0.00000000,0.00000000,-3.810092,7.465631,-1.663288,-3.739203,7.580780,-1.662897,0.135220,0.000390
78.050000,0.007141,0.002,0.069715,0.153862,5.155376,0.058712,-0.005685,0.186543,0.656365,0.00000000,0.00000000,-3.810248,7.465885,-1.644182,-3.739359,7.581064,-1.640912,0.135246,0.003271
78.150000,0.005097,0.067,2.667626,0.198484,4.846599,0.075077,0.002747,0.238548,0.462363,0.00000000,0.00000000,-3.809567,7.466375,-1.622457,-3.738654,7.581516,-1.618882,0.135227,0.003575
78.255000,0.005204,0.107,0.589338,0.220570,4.661004,0.090475,-0.010550,0.245125,1.218244,0.00000000,0.00000000,-3.809283,7.466509,-1.596515,-3.738378,7.581685,-1.594193,0.135251,0.002322
78.350000,0.003892,0.078,0.480190,0.212215,3.675650,0.099786,0.003737,0.248817,0.488684,0.00000000,0.00000000,-3.809058,7.466586,-1.573284,-3.738050,7.581681,-1.569580,0.135237,0.003704
78.480000,0.006357,0.044,0.223010,0.010703,3.911416,0.103227,-0.005659,0.079502,0.710924,0.00000000,0.00000000,-3.809448,7.467161,-1.550557,-3.738535,7.582321,-1.549435,0.135242,0.001122
79.540000,0.003211,0.058,0.288731,-0.060746,2.179118,0.104093,0.073758,0.001414,0.101593,0.00000000,0.00000000,-3.807761,7.446989,-1.550643,-3.736825,7.562151,-1.549521,0.135256,0.001122
79.800000,0.003137,0.067,0.118325,-0.029439,2.232448,0.091373,0.089391,0.001374,0.318313,0.00000000,0.00000000,-3.804183,7.426945,-1.550374,-3.733225,7.542110,-1.549252,0.135271,0.001122
79.975000,0.006216,0.014,0.069182,-0.054681,1.996884,0.060862,0.157034,-0.003843,0.518196,0.00000000,0.00000000,-3.803855,7.404539,-1.550230,-3.739786,7.500728,-1.549453,0.115573,0.000777
80.100000,0.007159,0.137,0.077000,-0.022574,1.544684,0.013127,0.229095,0.000113,1.039579,0.00000000,0.00000000,-3.803631,7.379296,-1.550223,-3.739568,7.476351,-1.549438,0.116291,0.000785
80.180000,0.007250,0.027,1.244560,-0.066899,1.671340,0.011478,0.274654,-0.012411,0.334717,0.00000000,0.00000000,-3.802988,7.357538,-1.550103,-3.738908,7.454593,-1.549318,0.116301,0.000785
80.255000,0.007258,0.065,8.835136,-0.040876,2.055292,0.011670,0.336914,-0.007129,1.011217,0.00000000,0.00000000,-3.802591,7.333687,-1.550265,-3.738512,7.428983,-1.549473,0.114836,0.000791
80.320000,0.006295,0.040,1.857793,-0.045562,2.085135,0.011405,0.367058,-0.008300,0.387987,0.00000000,0.00000000,-3.802118,7.309916,-1.550126,-3.742534,7.405008,-1.549306,0.112218,0.000821
80.375000,0.006295,0.031,1.615088,-0.037689,2.106810,0.011085,0.417964,0.005787,0.586808,0.00000000,0.00000000,-3.801437,7.287484,-1.550253,-3.741850,7.380483,-1.549403,0.110451,0.000850
80.430000,0.006262,0.035,7.007538,-0.002243,2.375334,0.012192,0.446942,0.004635,0.515878,0.00000000,0.00000000,-3.800945,7.263313,-1.549927,-3.741047,7.353912,-1.549057,0.108609,0.000870
80.505000,0.006143,0.039,5.637446,-0.046150,2.522712,0.012036,0.476309,-0.008700,0.573709,0.00000000,0.00000000,-3.799943,7.227925,-1.549959,-3.740321,7.325510,-1.549149,0.114357,0.000811
80.565000,0.006168,0.009,7.422881,-0.037033,2.780996,0.011560,0.499019,0.006980,0.317020,0.00000000,0.00000000,-3.799330,7.197968,-1.549830,-3.744062,7.298960,-1.548307,0.115125,0.001523
80.595000,0.006168,0.075,2.971450,-0.032720,2.815437,0.011539,0.510536,0.000722,0.149080,0.00000000,0.00000000,-3.798897,7.182472,-1.549848,-3.743487,7.278331,-1.548336,0.110722,0.001512
80.630000,0.006051,0.036,3.021509,-0.055074,2.849239,0.011670,0.519923,-0.001092,0.148064,0.00000000,0.00000000,-3.798855,7.164492,-1.550045,-3.743288,7.257729,-1.548487,0.108540,0.001558
80.675000,0.006051,0.098,3.148606,-0.037521,2.945728,0.011523,0.515451,0.005706,0.788736,0.00000000,0.00000000,-3.797843,7.141175,-1.549601,-3.742352,7.236968,-1.548079,0.110705,0.001522
80.725000,0.005117,0.008,2.414964,-0.012258,2.962544,0.012159,0.536030,0.005022,0.398215,0.00000000,0.00000000,-3.797531,7.114260,-1.549589,-3.745677,7.222063,-1.547743,0.119626,0.001847
80.765000,0.005081,0.024,3.424478,-0.055415,2.996445,0.012357,0.545683,-0.005989,0.068586,0.00000000,0.00000000,-3.797088,7.092730,-1.549596,-3.746781,7.201869,-1.548023,0.120175,0.001573
80.790000,0.005081,0.094,10.371862,-0.051734,3.344825,0.012406,0.553036,0.000685,0.418210,0.00000000,0.00000000,-3.796761,7.079090,-1.549522,-3.746158,7.179824,-1.547891,0.112730,0.001631
80.840000,0.005099,0.024,2.535928,-0.013439,3.396833,0.012873,0.558556,0.001563,0.145164,0.00000000,0.00000000,-3.796173,7.051208,-1.549564,-3.747690,7.159976,-1.547213,0.119084,0.002351
80.880000,0.005026,0.006,7.728917,-0.009836,3.556814,0.013362,0.548351,0.011436,0.279734,0.00000000,0.00000000,-3.794802,7.029142,-1.548968,-3.748191,7.136826,-1.546633,0.117339,0.002335
80.915000,0.005026,0.077,3.477280,-0.061729,3.581495,0.013719,0.560671,0.012882,0.401246,0.00000000,0.00000000,-3.794299,7.008985,-1.548908,-3.747685,7.113822,-1.546597,0.114733,0.002311
80.955000,0.005026,0.122,2.821304,-0.032705,3.608944,0.013748,0.565079,0.006998,0.941283,0.00000000,0.00000000,-3.793883,6.986012,-1.548964,-3.747009,7.090835,-1.546595,0.114826,0.002369
80.990000,0.005086,0.048,6.027184,-0.051626,3.713291,0.013851,0.584535,-0.005918,0.478964,0.00000000,0.00000000,-3.792782,6.965749,-1.548892,-3.745888,7.067365,-1.546549,0.111915,0.002342
81.045000,0.003873,0.036,0.732236,-0.025474,3.712226,0.013930,0.597642,0.004314,0.110080,0.00000000,0.00000000,-3.792450,6.933140,-1.548918,-3.745774,7.043759,-1.546627,0.120064,0.002292
81.075000,0.003878,0.004,4.502127,-0.045213,3.757865,0.013952,0.600288,0.007443,0.005764,0.00000000,0.00000000,-3.791706,6.914759,-1.548476,-3.744769,7.019354,-1.546096,0.114644,0.002380
81.120000,0.003878,0.081,4.700422,-0.035653,3.805411,0.013959,0.626379,0.007706,0.653122,0.00000000,0.00000000,-3.791657,6.886637,-1.548479,-3.744713,6.994329,-1.546144,0.117479,0.002335
81.160000,0.003940,0.042,6.412717,-0.023935,3.925149,0.014066,0.635163,-0.004173,0.262661,0.00000000,0.00000000,-3.790900,6.860883,-1.548672,-3.743896,6.968576,-1.546336,0.117504,0.002335
81.190000,0.003940,0.097,1.916737,-0.030474,3.937101,0.013772,0.651971,-0.007314,0.363652,0.00000000,0.00000000,-3.790528,6.841302,-1.548817,-3.743473,6.942618,-1.546526,0.111710,0.002291
81.240000,0.003987,0.036,17.034850,-0.029752,4.626976,0.013826,0.658358,-0.002401,0.881668,0.00000000,0.00000000,-3.789553,6.808661,-1.548973,-3.742427,6.916358,-1.546638,0.117556,0.002335
81.275000,0.003960,0.007,0.641441,-0.019409,4.514979,0.014106,0.668085,-0.001230,0.774104,0.00000000,0.00000000,-3.789184,6.785480,-1.549068,-3.747108,6.891999,-1.545817,0.114528,0.003250
81.320000,0.003960,0.066,1.439398,-0.009412,4.517349,0.014547,0.670813,0.005712,0.037202,0.00000000,0.00000000,-3.788387,6.755486,-1.548360,-3.746185,6.865388,-1.545211,0.117727,0.003150
81.350000,0.005135,0.008,0.693358,-0.025395,4.517220,0.014638,0.685098,-0.003948,0.963190,0.00000000,0.00000000,-3.787406,6.735112,-1.548740,-3.747940,6.842669,-1.545116,0.114569,0.003624
81.405000,0.005135,0.065,12.150408,-0.048033,4.844487,0.014713,0.678708,0.007849,0.503072,0.00000000,0.00000000,-3.786079,6.697691,-1.548555,-3.746828,6.815443,-1.544933,0.124122,0.003622
81.440000,0.003929,0.064,1.392708,-0.078059,4.849869,0.017112,0.687183,0.006737,0.266776,0.00000000,0.00000000,-3.785575,6.673357,-1.548685,-3.746027,6.787738,-1.545026,0.121025,0.003659
81.470000,0.003929,0.111,10.722341,0.020925,5.080964,0.019036,0.703197,0.011062,0.343872,0.00000000,0.00000000,-3.785071,6.652358,-1.548651,-3.745059,6.759645,-1.544705,0.114505,0.003947
81.520000,0.003988,0.062,5.587089,-0.051349,5.143380,0.019120,0.733151,0.017897,1.138514,0.00000000,0.00000000,-3.784158,6.615955,-1.547863,-3.744400,6.730341,-1.544204,0.121099,0.003659
81.555000,0.003210,0.033,8.606421,-0.023728,5.281940,0.019211,0.745251,0.004962,0.767116,0.00000000,0.00000000,-3.783219,6.589895,-1.547650,-3.743160,6.700433,-1.543893,0.117573,0.003757
81.600000,0.003210,0.097,2.642303,-0.032699,5.293091,0.019207,0.791312,0.009930,1.578876,0.00000000,0.00000000,-3.782345,6.554272,-1.547327,-3.742362,6.668665,-1.543668,0.121180,0.003659
81.640000,0.003144,0.034,6.825768,-0.026384,7.167490,0.019136,0.806546,-0.001738,0.431017,0.00000000,0.00000000,-3.780633,6.522260,-1.547088,-3.740533,6.636660,-1.543428,0.121224,0.003659
81.680000,0.005203,0.014,5.897085,-0.063842,7.226357,0.019475,0.836776,0.008717,1.076143,0.00000000,0.00000000,-3.779843,6.488675,-1.546824,-3.744045,6.609402,-1.543834,0.125923,0.002990
81.720000,0.005203,0.073,9.388590,0.049058,7.354907,0.022587,0.832630,0.041972,0.064666,0.00000000,0.00000000,-3.778590,6.455275,-1.545086,-3.742693,6.576006,-1.542096,0.125955,0.002990
81.750000,0.003706,0.031,6.202236,-0.017390,7.399913,0.022658,0.869155,0.003738,1.192827,0.00000000,0.00000000,-3.777766,6.429510,-1.544867,-3.741329,6.541418,-1.541791,0.117690,0.003077
81.805000,0.005211,0.017,3.683645,-0.032997,7.781457,0.023836,0.895960,-0.018271,0.834221,0.00000000,0.00000000,-3.775869,6.380312,-1.545670,-3.742278,6.507070,-1.541209,0.131133,0.004461
81.840000,0.005211,0.062,9.409448,-0.025449,7.908945,0.023878,0.900580,0.007426,0.106353,0.00000000,0.00000000,-3.774845,6.348557,-1.545664,-3.740991,6.470857,-1.541213,0.126899,0.004451
81.875000,0.005373,0.020,9.600663,-0.017401,8.037040,0.023793,0.923753,0.011376,0.495636,0.00000000,0.00000000,-3.774550,6.316257,-1.545195,-3.741677,6.439959,-1.540710,0.127996,0.004485
81.920000,0.005373,0.063,1.027440,-0.048808,7.949218,0.023860,0.916317,-0.012564,0.360270,0.00000000,0.00000000,-3.773282,6.275448,-1.545473,-3.740563,6.403569,-1.541072,0.132233,0.004401
81.955000,0.005360,0.009,1.693551,0.001196,7.952452,0.024355,0.908297,-0.002827,0.713003,0.00000000,0.00000000,-3.772152,6.243786,-1.545005,-3.740717,6.374352,-1.541430,0.134297,0.003575
82.000000,0.005360,0.069,0.860613,-0.010509,8.058886,0.025000,0.930371,-0.014778,0.153980,0.00000000,0.00000000,-3.770407,6.201877,-1.545662,-3.739175,6.337143,-1.541689,0.138825,0.003974
82.040000,0.005219,0.056,2.524287,-0.054598,8.062747,0.025163,0.930615,-0.014498,0.333974,0.00000000,0.00000000,-3.769397,6.164796,-1.546562,-3.738017,6.300067,-1.542588,0.138863,0.003974
82.075000,0.003787,0.016,9.345820,-0.046861,8.110114,0.024794,0.926041,-0.003889,0.024811,0.00000000,0.00000000,-3.768370,6.132884,-1.546371,-3.737535,6.266184,-1.542270,0.136820,0.004100
82.110000,0.003787,0.078,2.158487,-0.022194,8.107994,0.024862,0.920284,-0.010523,0.090066,0.00000000,0.00000000,-3.767247,6.100199,-1.546854,-3.735990,6.229155,-1.542096,0.132689,0.004758
82.165000,0.005279,0.034,9.803522,-0.038269,8.186548,0.024816,0.927244,0.022394,0.639566,0.00000000,0.00000000,-3.765343,6.049013,-1.545915,-3.734510,6.191733,-1.541400,0.146013,0.004515
82.200000,0.005279,0.090,4.503957,-0.035213,9.321960,0.024846,0.922693,-0.007175,0.481023,0.00000000,0.00000000,-3.763858,6.016982,-1.545941,-3.732837,6.154968,-1.541448,0.141430,0.004492
82.235000,0.003794,0.051,9.624930,-0.053867,9.422500,0.024977,0.924759,-0.018352,0.286409,0.00000000,0.00000000,-3.763093,5.984430,-1.546151,-3.733320,6.128084,-1.542484,0.146708,0.003667
82.280000,0.005332,0.020,9.571007,-0.015743,9.518590,0.024977,0.933047,0.000644,0.669240,0.00000000,0.00000000,-3.761965,5.942364,-1.545915,-3.732461,6.090134,-1.542082,0.150687,0.003833
82.325000,0.005332,0.081,9.768082,-0.035609,9.563187,0.025087,0.922090,0.008991,0.562947,0.00000000,0.00000000,-3.760701,5.901179,-1.545349,-3.731168,6.053601,-1.541511,0.155257,0.003838
82.360000,0.002523,0.025,1.548311,-0.000419,9.557919,0.025357,0.928374,0.014302,0.240807,0.00000000,0.00000000,-3.759888,5.868763,-1.545296,-3.730439,6.018906,-1.541900,0.153004,0.003396
82.395000,0.002523,0.073,9.463248,-0.047239,9.649922,0.025251,0.929976,0.006477,0.551134,0.00000000,0.00000000,-3.758852,5.836432,-1.544931,-3.729219,5.981874,-1.541544,0.148430,0.003387
82.440000,0.003851,0.059,3.836266,-0.094742,9.563417,0.026513,0.928703,-0.003937,0.003415,0.00000000,0.00000000,-3.757068,5.794790,-1.544645,-3.727368,5.944943,-1.541250,0.153062,0.003396
82.480000,0.003818,0.002,22.940873,-0.075663,10.036229,0.027097,0.931929,-0.007771,0.210391,0.00000000,0.00000000,-3.756419,5.757172,-1.544859,-3.726591,5.907327,-1.541463,0.153090,0.003396
82.515000,0.003818,0.047,0.679932,-0.036868,10.025727,0.026897,0.935079,0.006950,0.050369,0.00000000,0.00000000,-3.755455,5.724404,-1.544727,-3.725443,5.869905,-1.541267,0.148564,0.003461
82.565000,0.003822,0.028,4.147081,-0.053930,9.973989,0.026715,0.907649,0.008290,1.775115,0.00000000,0.00000000,-3.754227,5.678792,-1.544243,-3.724308,5.833601,-1.540783,0.157674,0.003460
82.595000,0.003791,0.008,5.404785,-0.022122,9.964366,0.026582,0.917660,-0.001188,0.105898,0.00000000,0.00000000,-3.753377,5.651119,-1.544549,-3.723331,5.793050,-1.541135,0.145077,0.003415
82.640000,0.003791,0.072,9.571537,-0.064954,10.060349,0.026791,0.909083,0.015203,0.092131,0.00000000,0.00000000,-3.751551,5.609944,-1.543948,-3.721699,5.756334,-1.540586,0.149403,0.003363
82.675000,0.003757,0.019,9.445996,-0.025812,10.168495,0.026809,0.923924,-0.010237,0.319851,0.00000000,0.00000000,-3.750571,5.577807,-1.543983,-3.721045,5.721071,-1.540786,0.146275,0.003197
82.725000,0.003757,0.094,9.739418,-0.079396,10.276120,0.027398,0.935319,-0.022433,0.429614,0.00000000,0.00000000,-3.749030,5.531228,-1.545089,-3.720124,5.683622,-1.541864,0.155111,0.003225
82.760000,0.003808,0.032,9.503414,-0.079498,10.349807,0.032846,0.916946,-0.073556,0.223513,0.00000000,0.00000000,-3.746584,5.498889,-1.548276,-3.717126,5.646953,-1.544993,0.150966,0.003283
82.800000,0.003767,0.004,9.505484,-0.038789,10.419875,0.032754,0.917279,-0.021319,0.653256,0.00000000,0.00000000,-3.744159,5.463097,-1.548459,-3.714583,5.611169,-1.545176,0.150997,0.003282
82.845000,0.003767,0.052,1.165454,-0.044098,10.418478,0.032716,0.934016,-0.019018,1.705444,0.00000000,0.00000000,-3.742628,5.421317,-1.549301,-3.713110,5.573954,-1.546084,0.155465,0.003217
82.880000,0.003874,0.007,9.558779,-0.021612,10.233033,0.032797,0.919867,0.016438,0.311678,0.00000000,0.00000000,-3.741903,5.388997,-1.548713,-3.713484,5.541091,-1.545277,0.154726,0.003436
82.915000,0.003803,0.003,9.522052,0.003964,12.094831,0.033487,0.928094,0.026685,0.011806,0.00000000,0.00000000,-3.741660,5.356626,-1.547544,-3.713056,5.504201,-1.543908,0.150321,0.003635
82.955000,0.003803,0.061,9.402130,-0.020321,12.181393,0.033321,0.921579,0.028662,0.078465,0.00000000,0.00000000,-3.741214,5.319883,-1.546701,-3.712351,5.467359,-1.543100,0.150274,0.003601
83.000000,0.003762,0.034,9.531613,-0.028363,12.269898,0.033296,0.930229,0.019533,0.118220,0.00000000,0.00000000,-3.739841,5.277804,-1.545988,-3.710367,5.428960,-1.543987,0.154002,0.002001
83.040000,0.003762,0.109,5.289303,-0.032533,12.181586,0.033297,0.942812,0.007478,0.005766,0.00000000,0.00000000,-3.738845,5.240388,-1.546043,-3.709296,5.391546,-1.544042,0.154019,0.002001
83.075000,0.003778,0.002,5.749063,-0.121815,12.199099,0.034609,0.946205,-0.037684,0.070811,0.00000000,0.00000000,-3.737759,5.207040,-1.547963,-3.707905,5.353678,-1.545919,0.149647,0.002044
83.110000,0.003778,0.043,12.880840,-0.052278,12.313602,0.034242,0.911331,-0.007871,0.962247,0.00000000,0.00000000,-3.736410,5.175032,-1.548024,-3.706661,5.316901,-1.546057,0.144954,0.001967
83.165000,0.003765,0.073,9.356358,-0.034816,12.482392,0.033111,0.917159,0.005719,0.157889,0.00000000,0.00000000,-3.735362,5.124853,-1.547953,-3.705809,5.280504,-1.545834,0.158432,0.002119
83.190000,0.003752,0.008,17.645117,-0.014900,12.610978,0.033229,0.920551,-0.036516,0.221715,0.00000000,0.00000000,-3.734570,5.101347,-1.549491,-3.703468,5.244435,-1.544578,0.146429,0.004913
83.245000,0.003752,0.052,5.564501,-0.064812,12.606682,0.033366,0.918750,0.006247,0.241121,0.00000000,0.00000000,-3.732614,5.050424,-1.548795,-3.701892,5.207257,-1.544083,0.159814,0.004712
83.280000,0.003734,0.015,25.951292,-0.015476,12.219466,0.033480,0.934480,0.012334,0.562987,0.00000000,0.00000000,-3.731469,5.018122,-1.548216,-3.700524,5.172578,-1.544055,0.157526,0.004162
83.320000,0.003802,0.004,9.640810,-0.022914,12.276464,0.035866,0.940701,-0.026656,0.061885,0.00000000,0.00000000,-3.730445,4.980344,-1.549630,-3.699342,5.134805,-1.545468,0.157561,0.004162
83.355000,0.003802,0.058,9.566900,-0.117481,12.279689,0.034866,0.930702,-0.005228,0.174517,0.00000000,0.00000000,-3.729414,4.947577,-1.549981,-3.698072,5.097211,-1.546157,0.152880,0.003823
83.405000,0.004176,0.009,9.594570,-0.033120,12.360775,0.034673,0.919082,-0.028692,1.235971,0.00000000,0.00000000,-3.727564,4.901856,-1.551352,-3.696289,5.059975,-1.545496,0.161183,0.005856
83.445000,0.004176,0.076,7.871715,-0.054856,12.169465,0.033952,0.904140,-0.003510,0.142137,0.00000000,0.00000000,-3.726986,4.865138,-1.551547,-3.695511,5.023331,-1.545615,0.161294,0.005931
83.485000,0.004711,0.012,17.163322,-0.050558,12.374180,0.033951,0.916071,0.018612,0.059373,0.00000000,0.00000000,-3.725866,4.828554,-1.550746,-3.694394,4.988217,-1.546197,0.162734,0.004550
83.515000,0.004711,0.074,0.943566,-0.008010,12.279624,0.034135,0.912415,-0.004319,0.023847,0.00000000,0.00000000,-3.725073,4.801538,-1.550804,-3.693147,4.952041,-1.546207,0.153853,0.004597
83.560000,0.004175,0.073,25.676474,-0.067377,12.728574,0.034264,0.920935,-0.009279,0.823492,0.00000000,0.00000000,-3.724191,4.759936,-1.551105,-3.692327,4.914963,-1.546567,0.158267,0.004537
83.600000,0.003735,0.040,4.845673,-0.045021,12.722718,0.033583,0.936482,0.010189,0.258428,0.00000000,0.00000000,-3.723620,4.722525,-1.550647,-3.691730,4.876460,-1.547041,0.157203,0.003606
83.640000,0.003735,0.082,3.301379,-0.012491,12.614147,0.033793,0.922520,0.003951,0.444191,0.00000000,0.00000000,-3.722811,4.685793,-1.550469,-3.690788,4.839731,-1.546863,0.157233,0.003606
83.685000,0.003764,0.033,2.724425,-0.032367,12.626670,0.033468,0.918367,-0.000415,0.176282,0.00000000,0.00000000,-3.722087,4.644353,-1.550761,-3.690124,4.802847,-1.547216,0.161685,0.003545
83.725000,0.003686,0.009,13.909244,-0.063795,12.709548,0.034023,0.920780,0.012188,0.082266,0.00000000,0.00000000,-3.720797,4.607638,-1.550591,-3.688270,4.763726,-1.546862,0.159441,0.003729
83.760000,0.003686,0.075,8.876520,-0.026402,12.718123,0.033969,0.936367,0.003768,0.793988,0.00000000,0.00000000,-3.720372,4.574947,-1.550090,-3.687673,4.726419,-1.546415,0.154961,0.003675
83.795000,0.003709,0.019,4.935960,-0.033052,12.684068,0.034001,0.925885,0.002078,0.211324,0.00000000,0.00000000,-3.719997,4.542574,-1.549844,-3.687197,4.692137,-1.546821,0.153117,0.003022
83.830000,0.003709,0.076,1.347031,-0.058513,11.955679,0.034043,0.913563,-0.009559,0.099084,0.00000000,0.00000000,-3.719072,4.510318,-1.550102,-3.686106,4.655138,-1.547082,0.148525,0.003020
83.885000,0.003706,0.027,2.485480,-0.078801,11.915051,0.034342,0.924083,-0.019076,0.362263,0.00000000,0.00000000,-3.718013,4.459141,-1.550829,-3.685296,4.618023,-1.547623,0.162215,0.003206
83.925000,0.003706,0.089,3.476385,-0.032884,11.793626,0.034111,0.936355,-0.013122,0.087567,0.00000000,0.00000000,-3.716964,4.421913,-1.551215,-3.684035,4.580681,-1.548268,0.162148,0.002947
83.955000,0.003754,0.032,12.227738,-0.049158,11.859575,0.034105,0.903402,-0.002709,0.754110,0.00000000,0.00000000,-3.715549,4.394694,-1.551422,-3.683191,4.555160,-1.546887,0.163696,0.004535
84.005000,0.003689,0.001,30.096272,-0.027127,12.424442,0.034185,0.930891,-0.003518,0.317006,0.00000000,0.00000000,-3.714812,4.348170,-1.551862,-3.682491,4.517964,-1.547206,0.172844,0.004655
84.045000,0.003689,0.060,5.319649,-0.099916,12.408415,0.034293,0.941220,-0.031085,0.531136,0.00000000,0.00000000,-3.714350,4.310445,-1.553444,-3.681660,4.480386,-1.548878,0.173056,0.004566
84.080000,0.003681,0.063,3.172794,-0.088448,12.271754,0.034166,0.920969,-0.003968,1.335358,0.00000000,0.00000000,-3.713727,4.278118,-1.552984,-3.680884,4.443329,-1.548335,0.168444,0.004649
84.125000,0.003681,0.113,7.406014,-0.022229,12.050950,0.034151,0.923516,-0.019031,0.423322,0.00000000,0.00000000,-3.712573,4.236593,-1.553328,-3.679609,4.406309,-1.548988,0.172887,0.004340
84.160000,0.003656,0.047,3.399471,-0.036297,12.039295,0.034155,0.911877,0.017806,0.163807,0.00000000,0.00000000,-3.712131,4.204318,-1.553064,-3.678945,4.369537,-1.548415,0.168519,0.004649
84.200000,0.003739,0.022,2.977387,0.013370,11.994505,0.035202,0.924107,0.019852,0.283668,0.00000000,0.00000000,-3.711715,4.167516,-1.551952,-3.678519,4.336167,-1.549382,0.171887,0.002570
84.230000,0.003739,0.089,9.575259,0.002621,12.123412,0.035989,0.926306,0.010157,0.061189,0.00000000,0.00000000,-3.711373,4.139949,-1.552156,-3.677696,4.299516,-1.549498,0.163082,0.002658
84.285000,0.003759,0.037,0.108957,-0.108758,11.998296,0.036941,0.939092,-0.010785,0.544034,0.00000000,0.00000000,-3.709978,4.088093,-1.552696,-3.676590,4.261441,-1.549869,0.176534,0.002827
84.315000,0.003725,0.012,9.417430,0.024381,11.997696,0.038183,0.922431,0.015047,1.039818,0.00000000,0.00000000,-3.709112,4.060763,-1.551736,-3.675859,4.223112,-1.548376,0.165720,0.003360
84.355000,0.003725,0.065,7.282224,0.001155,11.867631,0.038467,0.908436,0.020110,0.101796,0.00000000,0.00000000,-3.708234,4.024371,-1.551043,-3.674731,4.186773,-1.547924,0.165822,0.003119
84.395000,0.003754,0.030,9.699589,-0.042826,12.003508,0.034670,0.923865,-0.008079,0.859505,0.00000000,0.00000000,-3.707000,3.987433,-1.551259,-3.673624,4.149668,-1.548108,0.165633,0.003152
84.440000,0.003754,0.098,9.690942,-0.051648,12.010112,0.034312,0.918845,0.027381,0.220826,0.00000000,0.00000000,-3.705593,3.945894,-1.550212,-3.672107,4.112817,-1.547136,0.170248,0.003076
84.475000,0.003731,0.021,9.438545,-0.029320,12.136723,0.034357,0.923816,0.014311,0.432427,0.00000000,0.00000000,-3.704840,3.913310,-1.550236,-3.671615,4.083185,-1.547410,0.173093,0.002826
84.510000,0.003731,0.060,9.282887,-0.053783,12.218382,0.034275,0.936062,0.002716,0.426227,0.00000000,0.00000000,-3.704154,3.880699,-1.550160,-3.670765,4.045953,-1.547420,0.168593,0.002740
84.555000,0.003737,0.042,9.583269,-0.035650,10.672502,0.033932,0.919542,0.000990,0.115172,0.00000000,0.00000000,-3.702520,3.839574,-1.549990,-3.669597,4.017159,-1.546998,0.180612,0.002993
84.590000,0.003750,0.029,0.484368,-0.055978,10.560527,0.033306,0.936757,-0.009908,0.609669,0.00000000,0.00000000,-3.701624,3.806566,-1.549805,-3.668383,3.979646,-1.546945,0.176243,0.002860
84.640000,0.003750,0.108,2.150117,-0.092994,10.439862,0.033728,0.933165,-0.004937,0.162616,0.00000000,0.00000000,-3.700471,3.760136,-1.550260,-3.667487,3.942463,-1.547328,0.185287,0.002932
84.685000,0.003805,0.060,9.733644,-0.056741,10.487182,0.033706,0.919012,0.006817,0.311172,0.00000000,0.00000000,-3.699114,3.718817,-1.549820,-3.666063,3.905958,-1.546670,0.190036,0.003150
84.725000,0.003934,0.001,9.602456,-0.039206,10.596653,0.031947,0.933761,-0.007804,0.121446,0.00000000,0.00000000,-3.698386,3.681839,-1.550051,-3.665329,3.868746,-1.547163,0.189808,0.002887
84.750000,0.003934,0.061,9.390502,-0.023899,10.584481,0.032060,0.929924,0.005763,0.718404,0.00000000,0.00000000,-3.697815,3.658683,-1.550022,-3.664706,3.831416,-1.547021,0.175877,0.003000
84.800000,0.004104,0.015,9.556416,-0.049974,10.460375,0.032058,0.928496,0.014314,0.904187,0.00000000,0.00000000,-3.696887,3.612218,-1.549538,-3.662801,3.794927,-1.545648,0.185861,0.003890
84.835000,0.004245,0.011,2.065752,-0.008822,10.235998,0.033672,0.924560,-0.018930,0.181432,0.00000000,0.00000000,-3.695716,3.579620,-1.550642,-3.661482,3.751215,-1.546365,0.174977,0.004276
84.885000,0.004245,0.073,9.393526,-0.063481,10.309599,0.033658,0.918073,-0.012260,0.063641,0.00000000,0.00000000,-3.693946,3.533349,-1.551728,-3.659807,3.714150,-1.547452,0.183996,0.004276
84.915000,0.004360,0.015,13.872016,-0.042409,9.840354,0.033385,0.927393,0.006180,0.319902,0.00000000,0.00000000,-3.693153,3.505591,-1.551549,-3.659442,3.674269,-1.546876,0.172014,0.004673
84.950000,0.004360,0.080,9.540400,-0.021037,9.888451,0.031037,0.930315,-0.006099,0.081639,0.00000000,0.00000000,-3.692872,3.472917,-1.551596,-3.658863,3.636946,-1.546907,0.167517,0.004689
85.005000,0.004379,0.027,9.705045,-0.020129,9.889694,0.031077,0.946273,-0.007528,0.969921,0.00000000,0.00000000,-3.692138,3.421276,-1.551970,-3.658358,3.601158,-1.548011,0.183026,0.003959
85.045000,0.004518,0.012,9.525746,-0.023357,10.167978,0.029450,0.940412,-0.001893,0.067597,0.00000000,0.00000000,-3.691077,3.384236,-1.551589,-3.657581,3.560464,-1.548020,0.179383,0.003569
85.080000,0.004518,0.077,21.914312,-0.058273,10.554878,0.029484,0.945893,-0.010295,0.449436,0.00000000,0.00000000,-3.690425,3.351228,-1.552456,-3.656658,3.522773,-1.548814,0.174837,0.003642
85.125000,0.004493,0.014,9.449467,-0.042927,10.552349,0.029350,0.921489,0.010370,0.605631,0.00000000,0.00000000,-3.689556,3.309542,-1.552072,-3.656450,3.486023,-1.548343,0.179559,0.003729
85.155000,0.004493,0.065,9.543152,-0.008537,10.383199,0.029700,0.910423,0.025841,0.912862,0.00000000,0.00000000,-3.688655,3.282207,-1.551546,-3.655250,3.449508,-1.547508,0.170603,0.004037
85.200000,0.004824,0.036,9.547572,-0.028725,10.472107,0.029374,0.915840,0.003478,0.042891,0.00000000,0.00000000,-3.687893,3.240281,-1.551520,-3.654445,3.412078,-1.547873,0.175022,0.003647
85.235000,0.005692,0.017,4.015771,-0.054642,9.872901,0.029615,0.925097,0.004402,0.145435,0.00000000,0.00000000,-3.686730,3.207847,-1.551333,-3.654098,3.371467,-1.548241,0.166842,0.003093
85.280000,0.005692,0.072,9.696637,-0.035480,9.931761,0.029350,0.932200,0.007247,0.001403,0.00000000,0.00000000,-3.685827,3.165994,-1.551091,-3.653183,3.334282,-1.547911,0.171425,0.003180
85.320000,0.007508,0.016,1.040170,-0.116897,9.929001,0.031168,0.932323,-0.024179,0.084401,0.00000000,0.00000000,-3.684924,3.128585,-1.552175,-3.653131,3.298798,-1.547653,0.173156,0.004522
85.365000,0.007508,0.089,9.497809,0.043475,9.929405,0.033051,0.916255,0.002833,0.228831,0.00000000,0.00000000,-3.683738,3.087194,-1.551604,-3.651835,3.262087,-1.547037,0.177779,0.004567
85.395000,0.005502,0.036,9.501121,-0.027790,9.713338,0.033159,0.906031,-0.005057,1.005718,0.00000000,0.00000000,-3.682713,3.060372,-1.551502,-3.650322,3.226188,-1.546892,0.168950,0.004609
85.440000,0.005502,0.080,25.179046,-0.016793,10.387916,0.033326,0.912086,-0.014299,0.711224,0.00000000,0.00000000,-3.681584,3.019199,-1.552012,-3.649296,3.189428,-1.547490,0.173264,0.004522
85.480000,0.007445,0.060,9.720460,-0.036404,10.505773,0.033248,0.934292,0.008018,0.858396,0.00000000,0.00000000,-3.680840,2.982035,-1.551357,-3.648384,3.152267,-1.546835,0.173299,0.004522
85.525000,0.005243,0.022,9.506942,-0.033464,10.505704,0.033159,0.934454,0.010089,0.049504,0.00000000,0.00000000,-3.680340,2.940031,-1.550783,-3.648901,3.116316,-1.547335,0.179067,0.003448
85.565000,0.005243,0.068,9.444423,-0.026624,10.631060,0.032908,0.931967,-0.011804,0.170436,0.00000000,0.00000000,-3.680070,2.902658,-1.551631,-3.648520,3.078919,-1.548192,0.179062,0.003439
85.605000,0.007418,0.011,9.482961,-0.095929,10.508438,0.033797,0.928589,-0.025330,0.069172,0.00000000,0.00000000,-3.678832,2.865177,-1.552873,-3.648144,3.045575,-1.547975,0.182990,0.004898
85.645000,0.007448,0.019,1.281466,-0.035579,9.468592,0.033746,0.921564,-0.036754,0.598015,0.00000000,0.00000000,-3.677189,2.828886,-1.553797,-3.647152,3.006269,-1.547682,0.179908,0.006115
85.675000,0.007448,0.069,9.106589,-0.055546,9.545330,0.032768,0.913944,-0.014138,0.369027,0.00000000,0.00000000,-3.676819,2.800908,-1.553797,-3.645992,2.969226,-1.547958,0.171118,0.005839
85.720000,0.007397,0.027,9.347236,-0.098015,9.653354,0.033737,0.904676,0.004791,0.390289,0.00000000,0.00000000,-3.674515,2.760064,-1.553705,-3.644898,2.934036,-1.548958,0.176475,0.004747
85.760000,0.007397,0.093,34.385050,-0.035890,10.911780,0.033079,0.913740,0.001905,0.422532,0.00000000,0.00000000,-3.673832,2.723175,-1.553677,-3.644040,2.897151,-1.548929,0.176508,0.004747
85.795000,0.008392,0.053,42.574428,-0.045547,12.497795,0.033873,0.931537,-0.041507,0.364485,0.00000000,0.00000000,-3.673257,2.690271,-1.555818,-3.643185,2.859636,-1.551005,0.172014,0.004812
85.845000,0.008392,0.103,0.607517,-0.054738,12.486798,0.032960,0.925905,0.000446,0.352566,0.00000000,0.00000000,-3.672460,2.643990,-1.555522,-3.642281,2.822614,-1.550604,0.181156,0.004917
85.875000,0.008137,0.047,9.413058,-0.031113,12.541502,0.032630,0.921922,-0.018558,0.061160,0.00000000,0.00000000,-3.671912,2.616648,-1.555748,-3.641456,2.786027,-1.551165,0.172096,0.004583
85.915000,0.008505,0.028,9.486007,-0.039576,12.540285,0.031983,0.933073,-0.005659,0.708463,0.00000000,0.00000000,-3.671898,2.579301,-1.556080,-3.641240,2.748905,-1.551558,0.172353,0.004522
85.960000,0.008505,0.094,9.514598,-0.117449,12.542413,0.030916,0.926922,-0.054155,0.283285,0.00000000,0.00000000,-3.670613,2.537619,-1.557747,-3.639941,2.711612,-1.553000,0.176676,0.004747
86.000000,0.009695,0.052,1.133510,-0.041676,12.490914,0.030212,0.943775,-0.036923,0.461229,0.00000000,0.00000000,-3.670203,2.499877,-1.558694,-3.639352,2.673873,-1.553947,0.176709,0.004747
86.040000,0.008324,0.018,0.950280,-0.086798,12.430288,0.030747,0.934117,-0.001182,0.137944,0.00000000,0.00000000,-3.670253,2.462526,-1.558955,-3.639300,2.635888,-1.552901,0.176104,0.006055
86.070000,0.008324,0.077,0.037729,-0.094086,12.368363,0.031394,0.928739,-0.027841,0.200318,0.00000000,0.00000000,-3.669307,2.434805,-1.559099,-3.637848,2.598643,-1.553834,0.166831,0.005266
86.125000,0.010544,0.028,0.661757,-0.084830,12.344738,0.034849,0.939651,-0.044264,0.284500,0.00000000,0.00000000,-3.668240,2.383218,-1.561366,-3.637911,2.566081,-1.555601,0.185361,0.005765
86.155000,0.010544,0.080,20.932900,-0.022926,12.618505,0.035067,0.944406,-0.057456,0.371318,0.00000000,0.00000000,-3.667696,2.354335,-1.563790,-3.637036,2.527894,-1.558403,0.176246,0.005387
86.195000,0.007319,0.067,15.529935,-0.032866,12.707726,0.035093,0.926326,-0.021575,1.398777,0.00000000,0.00000000,-3.667055,2.317268,-1.564276,-3.636141,2.490785,-1.558638,0.176249,0.005638
86.235000,0.009196,0.009,1.482756,-0.039131,12.710788,0.035118,0.911980,0.038597,0.946875,0.00000000,0.00000000,-3.666282,2.280979,-1.563549,-3.635878,2.453306,-1.558652,0.174989,0.004897
86.270000,0.009196,0.061,0.970208,-0.020588,12.623568,0.035350,0.896863,0.062088,0.065039,0.00000000,0.00000000,-3.665765,2.249419,-1.560943,-3.635358,2.416934,-1.556788,0.170253,0.004155
86.320000,0.008644,0.026,9.551300,-0.028991,12.711269,0.034910,0.922676,-0.011268,0.513748,0.00000000,0.00000000,-3.664491,2.203449,-1.561663,-3.633957,2.380200,-1.557430,0.179369,0.004233
86.355000,0.011272,0.006,9.446708,-0.065168,12.646747,0.034997,0.920459,-0.024012,0.031137,0.00000000,0.00000000,-3.664334,2.171216,-1.561842,-3.634336,2.338618,-1.558179,0.170068,0.003663
86.400000,0.011272,0.078,0.721046,-0.103641,12.565855,0.035657,0.924014,-0.049035,0.030190,0.00000000,0.00000000,-3.663957,2.129339,-1.563880,-3.633896,2.301299,-1.560076,0.174568,0.003804
86.440000,0.010882,0.014,9.422592,-0.030335,12.563639,0.035763,0.934047,0.009787,0.097645,0.00000000,0.00000000,-3.663011,2.092087,-1.563331,-3.632933,2.265285,-1.559730,0.175790,0.003601
86.470000,0.010882,0.100,9.680252,-0.038228,12.530679,0.034522,0.929313,-0.005977,0.364294,0.00000000,0.00000000,-3.663021,2.063902,-1.563620,-3.632697,2.227871,-1.559916,0.166749,0.003704
86.525000,0.014783,0.028,1.487122,-0.096621,12.531382,0.035009,0.945821,0.007042,0.537321,0.00000000,0.00000000,-3.663337,2.011893,-1.564094,-3.632845,2.189698,-1.560146,0.180401,0.003948
86.555000,0.014783,0.096,9.669274,-0.064585,12.461105,0.035066,0.933214,-0.014788,0.772568,0.00000000,0.00000000,-3.662975,1.984065,-1.564544,-3.632366,2.152623,-1.561101,0.171314,0.003443
86.600000,0.015052,0.053,3.674804,-0.032031,12.395911,0.034923,0.933876,-0.023169,0.255016,0.00000000,0.00000000,-3.662763,1.942013,-1.565409,-3.632145,2.115213,-1.561808,0.175885,0.003601
86.630000,0.013481,0.005,3.233101,-0.057339,12.324712,0.034686,0.938319,-0.007454,0.539260,0.00000000,0.00000000,-3.662531,1.914009,-1.565954,-3.632437,2.078088,-1.562780,0.166815,0.003173
86.685000,0.013481,0.062,3.369275,0.130689,12.025788,0.042822,0.885354,0.095925,1.275841,0.00000000,0.00000000,-3.661270,1.864911,-1.561505,-3.630962,2.043161,-1.558275,0.180807,0.003230
86.720000,0.015602,0.051,9.570748,-0.031586,12.473569,0.042745,0.912947,0.021860,1.352460,0.00000000,0.00000000,-3.660665,1.832747,-1.561654,-3.630127,2.006323,-1.558599,0.176242,0.003054
86.760000,0.015602,0.101,6.507577,-0.062387,12.434443,0.042792,0.927026,-0.019850,0.125529,0.00000000,0.00000000,-3.659562,1.795435,-1.562732,-3.628910,1.969015,-1.559678,0.176265,0.003054
86.800000,0.013965,0.044,0.175715,-0.069243,12.354549,0.042525,0.929196,-0.021212,0.041988,0.00000000,0.00000000,-3.659046,1.758435,-1.563157,-3.628281,1.932017,-1.560102,0.176287,0.003054
86.845000,0.013887,0.013,9.495797,-0.018739,12.331834,0.042642,0.944069,-0.004922,0.209086,0.00000000,0.00000000,-3.659506,1.716263,-1.563085,-3.629615,1.896056,-1.560147,0.182261,0.002938
86.885000,0.013887,0.076,1.427525,-0.037224,12.314993,0.042256,0.920263,-0.031522,0.591221,0.00000000,0.00000000,-3.658581,1.679459,-1.564497,-3.628808,1.859194,-1.561511,0.182185,0.002986
86.920000,0.018748,0.052,2.365719,-0.059538,12.221778,0.042232,0.905308,0.017241,0.594625,0.00000000,0.00000000,-3.657608,1.647934,-1.563070,-3.627564,1.823186,-1.560087,0.177808,0.002983
86.965000,0.018748,0.098,8.337709,-0.041291,12.257934,0.041143,0.922439,-0.007997,0.040903,0.00000000,0.00000000,-3.657758,1.606245,-1.564188,-3.627699,1.786004,-1.561063,0.182254,0.003125
86.995000,0.017215,0.086,9.491777,-0.090589,12.257827,0.039405,0.928996,-0.040569,0.671119,0.00000000,0.00000000,-3.657133,1.578288,-1.565685,-3.626830,1.748823,-1.562874,0.173206,0.002812
87.045000,0.019407,0.003,9.664830,-0.015837,12.257981,0.039595,0.939228,-0.011707,0.235663,0.00000000,0.00000000,-3.656064,1.531546,-1.566280,-3.625884,1.711574,-1.563182,0.182540,0.003099
87.075000,0.019407,0.069,9.560343,-0.045122,12.094786,0.039189,0.932537,-0.008542,0.446543,0.00000000,0.00000000,-3.655575,1.503472,-1.566540,-3.624982,1.674148,-1.563492,0.173396,0.003048
87.120000,0.018828,0.041,20.346574,-0.073089,12.332103,0.039252,0.918950,-0.009757,0.425250,0.00000000,0.00000000,-3.654691,1.462073,-1.566897,-3.624093,1.637333,-1.563913,0.177912,0.002983
87.155000,0.016184,0.023,9.635405,-0.113986,12.334409,0.040112,0.925518,-0.015812,0.450286,0.00000000,0.00000000,-3.653961,1.429861,-1.567049,-3.625668,1.597347,-1.566020,0.169858,0.001029
87.195000,0.016184,0.073,13.358476,-0.028084,12.403719,0.040243,0.911509,-0.015104,0.830518,0.00000000,0.00000000,-3.653439,1.392888,-1.567634,-3.625171,1.560557,-1.566272,0.170035,0.001363
87.240000,0.022239,0.021,7.518304,-0.102180,12.329071,0.040653,0.923518,0.001406,0.554665,0.00000000,0.00000000,-3.652849,1.351077,-1.567914,-3.625012,1.524025,-1.566208,0.175175,0.001705
87.280000,0.022239,0.091,6.824989,-0.056753,12.341311,0.040459,0.940228,-0.000433,0.573400,0.00000000,0.00000000,-3.652716,1.313841,-1.567735,-3.624815,1.486790,-1.566029,0.175185,0.001705
87.315000,0.020284,0.060,0.046447,-0.043716,12.303376,0.040479,0.936094,-0.020359,0.162795,0.00000000,0.00000000,-3.652763,1.280639,-1.568570,-3.624788,1.449028,-1.567018,0.170697,0.001552
87.355000,0.021771,0.026,9.583379,-0.030177,12.359714,0.040074,0.919371,-0.006847,0.495791,0.00000000,0.00000000,-3.652966,1.243644,-1.568806,-3.624990,1.411878,-1.567140,0.170544,0.001665
87.390000,0.021771,0.073,1.815126,-0.030541,11.439824,0.040123,0.919130,0.008236,0.479304,0.00000000,0.00000000,-3.652543,1.211715,-1.568795,-3.624159,1.375605,-1.567114,0.166330,0.001681
87.445000,0.021669,0.039,9.549077,-0.071079,9.857303,0.039732,0.933996,-0.004907,1.434195,0.00000000,0.00000000,-3.651886,1.160865,-1.569504,-3.623831,1.338477,-1.567681,0.179814,0.001823
87.480000,0.021669,0.091,9.562858,-0.034395,9.944063,0.039797,0.938298,-0.012695,0.565598,0.00000000,0.00000000,-3.651197,1.127810,-1.570349,-3.622979,1.300761,-1.568644,0.175239,0.001705
87.515000,0.025697,0.046,9.520191,-0.035685,9.946021,0.039757,0.935051,0.003014,0.293061,0.00000000,0.00000000,-3.651118,1.095345,-1.570063,-3.623760,1.273669,-1.567797,0.180410,0.002267
87.565000,0.021211,0.002,0.896376,-0.062279,9.861090,0.039755,0.942128,-0.009151,0.577051,0.00000000,0.00000000,-3.650846,1.048201,-1.570104,-3.623428,1.235832,-1.567994,0.189623,0.002110
87.590000,0.021211,0.059,9.587777,-0.044791,9.947325,0.039665,0.935257,-0.000967,0.013811,0.00000000,0.00000000,-3.650609,1.024823,-1.570208,-3.623193,1.198264,-1.568380,0.175595,0.001827
87.645000,0.025508,0.030,13.063873,-0.018480,10.035901,0.038787,0.905715,0.008617,1.116084,0.00000000,0.00000000,-3.649642,0.974495,-1.570292,-3.622157,1.162230,-1.568014,0.189736,0.002278
87.675000,0.024656,0.009,9.664043,-0.025893,10.134136,0.038602,0.937217,0.008059,1.263138,0.00000000,0.00000000,-3.649611,0.946215,-1.570763,-3.622359,1.114566,-1.569111,0.170542,0.001653
87.720000,0.024656,0.065,9.513066,-0.045527,10.217142,0.038042,0.923066,0.007073,0.780877,0.00000000,0.00000000,-3.649257,0.904398,-1.570949,-3.621994,1.077359,-1.569365,0.175097,0.001583
87.750000,0.024656,0.111,10.839292,-0.008235,10.206659,0.035325,0.929140,0.012158,0.023416,0.00000000,0.00000000,-3.649147,0.876727,-1.570539,-3.621777,1.040368,-1.568865,0.165914,0.001674
87.805000,0.022756,0.053,9.477202,-0.074139,10.285139,0.035111,0.940790,0.003096,0.224360,0.00000000,0.00000000,-3.648962,0.825062,-1.570672,-3.621637,1.002627,-1.569163,0.179655,0.001508
87.840000,0.023979,0.024,4.218516,-0.057334,9.559666,0.035317,0.935974,0.005563,0.302931,0.00000000,0.00000000,-3.648717,0.792389,-1.570389,-3.621755,0.967641,-1.570046,0.177314,0.000343
87.885000,0.023979,0.079,12.342007,-0.046254,9.755284,0.035310,0.924082,0.002640,0.022201,0.00000000,0.00000000,-3.648322,0.751291,-1.569669,-3.621335,0.931191,-1.569377,0.181913,0.000292
87.920000,0.025922,0.068,6.273619,-0.103098,9.807699,0.036073,0.924732,-0.015666,0.668948,0.00000000,0.00000000,-3.648541,0.718958,-1.570110,-3.621555,0.894210,-1.569768,0.177318,0.000343
87.955000,0.027661,0.010,1.899105,-0.065934,9.734976,0.036092,0.929821,-0.015213,0.008323,0.00000000,0.00000000,-3.648089,0.686279,-1.570811,-3.621132,0.853547,-1.570159,0.169427,0.000652
88.005000,0.027661,0.079,0.152111,-0.037807,9.734587,0.036076,0.929806,-0.006042,0.464267,0.00000000,0.00000000,-3.647443,0.640148,-1.570389,-3.620505,0.816697,-1.569919,0.178592,0.000470
88.040000,0.027527,0.060,9.532605,-0.026103,9.807280,0.035334,0.916356,0.009529,0.423682,0.00000000,0.00000000,-3.647312,0.607513,-1.570942,-3.620680,0.780407,-1.569291,0.174934,0.001652
88.085000,0.023331,0.012,9.472228,-0.042522,9.808116,0.035270,0.930580,0.012229,0.010150,0.00000000,0.00000000,-3.647208,0.565777,-1.570731,-3.619860,0.737578,-1.569580,0.173965,0.001151
88.120000,0.023331,0.065,4.306092,-0.035712,9.743686,0.035282,0.938875,0.001591,0.488732,0.00000000,0.00000000,-3.646947,0.533287,-1.570643,-3.619573,0.700347,-1.569681,0.169289,0.000962
88.155000,0.025181,0.021,15.757023,-0.062868,9.945395,0.035072,0.920342,-0.006443,0.145899,0.00000000,0.00000000,-3.647070,0.500506,-1.571136,-3.619496,0.662669,-1.569890,0.164490,0.001246
88.205000,0.025181,0.084,9.554127,-0.052270,10.023108,0.034249,0.904912,-0.008635,0.428157,0.00000000,0.00000000,-3.645958,0.455139,-1.571230,-3.618491,0.626362,-1.569882,0.173412,0.001349
88.235000,0.021182,0.053,1.082365,-0.082405,10.003374,0.034581,0.917998,0.000209,0.105520,0.00000000,0.00000000,-3.645816,0.427626,-1.571214,-3.618180,0.589662,-1.569884,0.164376,0.001331
88.285000,0.022449,0.009,2.181912,-0.037118,10.006064,0.034569,0.937407,-0.009434,0.579306,0.00000000,0.00000000,-3.645039,0.381115,-1.571411,-3.618293,0.548315,-1.570292,0.169326,0.001119
88.315000,0.022449,0.064,3.198751,-0.134342,10.004699,0.026440,0.906361,-0.031965,0.424184,0.00000000,0.00000000,-3.643184,0.354230,-1.572997,-3.615541,0.512345,-1.571784,0.160514,0.001213
88.360000,0.021633,0.018,18.827529,-0.027056,9.279040,0.026636,0.921269,-0.024295,1.022181,0.00000000,0.00000000,-3.642392,0.312917,-1.573777,-3.615761,0.475950,-1.571040,0.165194,0.002737
88.395000,0.021633,0.082,5.778707,-0.020777,9.223923,0.026833,0.931161,0.007303,0.422486,0.00000000,0.00000000,-3.642886,0.280255,-1.573645,-3.616200,0.438602,-1.570876,0.160580,0.002770
88.430000,0.022909,0.052,9.592987,-0.066257,9.272033,0.026777,0.926965,-0.001002,0.583558,0.00000000,0.00000000,-3.642768,0.247642,-1.573351,-3.615849,0.401375,-1.570795,0.156073,0.002556
88.470000,0.021273,0.007,1.572477,-0.022634,9.149786,0.026691,0.912522,-0.019851,1.366218,0.00000000,0.00000000,-3.642487,0.210731,-1.574086,-3.615194,0.362887,-1.572797,0.154585,0.001289
88.515000,0.021273,0.080,4.948023,-0.033814,9.113210,0.026761,0.931377,-0.038687,0.704479,0.00000000,0.00000000,-3.641418,0.168860,-1.576139,-3.614629,0.325368,-1.574465,0.158784,0.001674
88.550000,0.021864,0.021,2.632935,-0.035722,9.126654,0.026776,0.926230,-0.009794,0.401646,0.00000000,0.00000000,-3.641544,0.136559,-1.576212,-3.614866,0.289105,-1.573427,0.154861,0.002786
88.595000,0.021864,0.080,9.214471,0.000434,9.161601,0.027620,0.938490,0.000758,0.036459,0.00000000,0.00000000,-3.641559,0.094492,-1.576300,-3.614998,0.252016,-1.572984,0.159748,0.003316
88.645000,0.023117,0.019,7.011156,-0.004383,9.163393,0.027632,0.920653,0.026787,0.559170,0.00000000,0.00000000,-3.641893,0.047949,-1.575114,-3.615347,0.219973,-1.574663,0.174060,0.000451
88.685000,0.025046,0.016,8.806388,-0.040161,9.183974,0.027294,0.930209,0.028901,0.046280,0.00000000,0.00000000,-3.641381,0.010400,-1.574322,-3.614688,0.180980,-1.575166,0.172655,0.000844
88.710000,0.025046,0.092,18.888441,-0.026004,9.110363,0.027433,0.936164,-0.008590,0.162708,0.00000000,0.00000000,-3.641496,-0.012816,-1.574655,-3.614792,0.143780,-1.575588,0.158856,0.000932
88.765000,0.024704,0.026,24.676777,0.008630,9.698677,0.028378,0.927890,0.048918,0.131021,0.00000000,0.00000000,-3.642078,-0.063707,-1.572630,-3.615484,0.106740,-1.573778,0.172509,0.001148
88.800000,0.024704,0.088,13.109198,-0.019303,9.773928,0.026806,0.913873,0.022000,0.256445,0.00000000,0.00000000,-3.640784,-0.095507,-1.571775,-3.614257,0.070264,-1.572885,0.167880,0.001111
88.835000,0.021539,0.088,9.497889,0.045357,9.689133,0.029452,0.924742,0.040124,0.562910,0.00000000,0.00000000,-3.640883,-0.127912,-1.570258,-3.614306,0.033308,-1.570952,0.163396,0.000693
88.880000,0.024444,0.002,6.633727,0.013063,9.669037,0.029106,0.921634,0.060931,0.358901,0.00000000,0.00000000,-3.640431,-0.169662,-1.567994,-3.613986,-0.003891,-1.569105,0.167867,0.001111
88.910000,0.024444,0.083,2.873268,-0.017176,9.586345,0.029107,0.921156,0.069368,0.224180,0.00000000,0.00000000,-3.639978,-0.197230,-1.565522,-3.613425,-0.040838,-1.566019,0.158630,0.000497
88.965000,0.023278,0.028,3.616844,0.010258,9.546894,0.029883,0.930704,0.049645,0.469565,0.00000000,0.00000000,-3.639595,-0.248261,-1.562265,-3.613993,-0.076524,-1.568757,0.173635,0.006492
88.995000,0.023278,0.085,3.070667,0.004417,9.465247,0.030433,0.922756,0.052898,0.075928,0.00000000,0.00000000,-3.639029,-0.275974,-1.560863,-3.613836,-0.113367,-1.566845,0.164547,0.005983
89.045000,0.025296,0.022,27.463054,-0.015808,10.228474,0.030560,0.921652,0.046757,0.108938,0.00000000,0.00000000,-3.638603,-0.322188,-1.558364,-3.614030,-0.145530,-1.565492,0.178359,0.007128
89.080000,0.025296,0.066,0.582300,0.049884,10.224224,0.032591,0.924767,0.064942,0.029256,0.00000000,0.00000000,-3.638471,-0.354541,-1.555842,-3.614077,-0.182549,-1.562653,0.173714,0.006811
89.110000,0.025304,0.064,19.627748,0.059622,10.479406,0.034682,0.920658,0.083267,0.030149,0.00000000,0.00000000,-3.637744,-0.382207,-1.552781,-3.613317,-0.219502,-1.558569,0.164529,0.005788
89.165000,0.023923,0.022,9.011747,0.150427,10.434446,0.043007,0.915178,0.167663,0.909178,0.00000000,0.00000000,-3.636398,-0.432951,-1.543359,-3.613154,-0.255796,-1.557160,0.178673,0.013801
89.195000,0.023923,0.105,9.391940,0.211089,10.433731,0.060742,0.916760,0.243959,0.150646,0.00000000,0.00000000,-3.635256,-0.460388,-1.536081,-3.612266,-0.292506,-1.547554,0.169449,0.011473
89.240000,0.021606,0.016,10.542912,0.294408,10.395251,0.074703,0.931257,0.288559,0.732395,0.00000000,0.00000000,-3.633646,-0.501785,-1.523130,-3.611225,-0.329308,-1.535889,0.173928,0.012759
89.275000,0.021580,0.001,6.919864,0.252970,10.295727,0.083339,0.937339,0.325003,0.418966,0.00000000,0.00000000,-3.631718,-0.534482,-1.511838,-3.609535,-0.366637,-1.522764,0.169304,0.010925
89.320000,0.021580,0.075,9.375020,0.314744,10.388643,0.094530,0.910694,0.376709,0.569543,0.00000000,0.00000000,-3.628370,-0.575589,-1.495353,-3.606892,-0.403173,-1.508112,0.173748,0.012759
89.365000,0.022883,0.047,29.691838,0.429782,10.991556,0.120879,0.913215,0.424609,0.147778,0.00000000,0.00000000,-3.624698,-0.616414,-1.475857,-3.604107,-0.439419,-1.490942,0.178189,0.015085
89.405000,0.022883,0.090,16.072433,0.440674,11.097581,0.134492,0.923553,0.477323,0.181763,0.00000000,0.00000000,-3.620786,-0.653429,-1.456199,-3.600713,-0.476361,-1.471483,0.178203,0.015284
89.440000,0.022784,0.076,4.669766,0.585193,10.972844,0.154721,0.930060,0.542353,0.474140,0.00000000,0.00000000,-3.616964,-0.685815,-1.436435,-3.596893,-0.513536,-1.449194,0.173444,0.012759
89.480000,0.022784,0.119,14.458774,0.593841,11.016768,0.172827,0.919998,0.601087,0.366826,0.00000000,0.00000000,-3.612717,-0.722288,-1.412033,-3.593112,-0.550060,-1.424793,0.173340,0.012759
89.520000,0.026204,0.066,9.555631,0.667925,11.162825,0.202949,0.943118,0.615029,0.924866,0.00000000,0.00000000,-3.606401,-0.759656,-1.387530,-3.587273,-0.587506,-1.400289,0.173210,0.012759
89.550000,0.023724,0.033,9.609167,0.743949,11.275715,0.221564,0.927246,0.687846,1.179534,0.00000000,0.00000000,-3.601376,-0.787452,-1.366591,-3.580852,-0.624096,-1.372209,0.164640,0.005618
89.605000,0.023724,0.079,11.909060,0.753482,11.341805,0.238651,0.923014,0.759884,0.274540,0.00000000,0.00000000,-3.590993,-0.836986,-1.324760,-3.573745,-0.660583,-1.341507,0.177244,0.016747
89.635000,0.028215,0.060,30.258336,0.727186,11.983883,0.252663,0.930050,0.782674,0.931229,0.00000000,0.00000000,-3.584576,-0.864292,-1.301300,-3.565635,-0.697193,-1.310481,0.168169,0.009181
89.685000,0.026135,0.010,0.286895,0.806527,11.860878,0.268277,0.931074,0.821417,0.383248,0.00000000,0.00000000,-3.572521,-0.909147,-1.258860,-3.556543,-0.732956,-1.276213,0.176914,0.017353
89.715000,0.026135,0.075,9.609696,0.890881,11.864586,0.302090,0.927169,0.922924,0.494091,0.00000000,0.00000000,-3.564209,-0.935983,-1.230837,-3.546021,-0.768684,-1.238988,0.168285,0.008150
89.765000,0.027413,0.031,23.933143,0.970496,12.161084,0.319927,0.908113,0.930222,0.757974,0.00000000,0.00000000,-3.549440,-0.978735,-1.183652,-3.534676,-0.802953,-1.201490,0.176402,0.017838
89.785000,0.027413,0.051,23.933143,0.970496,12.161084,0.319927,0.908510,0.993867,0.019874,0.00000000,0.00000000,-3.543460,-0.996077,-1.162998,-3.528587,-0.820432,-1.180269,0.176274,0.017271
89.820000,0.027413,0.095,9.401154,0.848885,12.175968,0.330142,0.887474,0.978020,0.273331,0.00000000,0.00000000,-3.531213,-1.024351,-1.129986,-3.515468,-0.853138,-1.142745,0.171935,0.012759
89.835000,0.023830,0.048,9.353734,1.081602,12.170447,0.349220,0.920315,1.011069,1.642012,0.00000000,0.00000000,-3.525223,-1.037653,-1.113347,-3.507626,-0.870791,-1.120577,0.167787,0.007231
89.850000,0.023830,0.066,5.187223,1.054832,12.093374,0.364586,0.951168,1.090483,1.542676,0.00000000,0.00000000,-3.518984,-1.050395,-1.096761,-3.499448,-0.887791,-1.098473,0.163773,0.001711
89.870000,0.024823,0.001,5.187223,1.054832,12.093374,0.364586,0.956499,1.080013,0.266541,0.00000000,0.00000000,-3.510581,-1.067532,-1.075172,-3.491317,-0.905360,-1.077394,0.163312,0.002222
89.900000,0.024823,0.055,21.766045,1.092127,12.345224,0.379020,0.953667,1.094935,0.141617,0.00000000,0.00000000,-3.498142,-1.093562,-1.041830,-3.483283,-0.922766,-1.054589,0.171441,0.012759
89.920000,0.024823,0.073,4.915626,1.268229,12.404091,0.400087,0.926487,1.158128,1.358984,0.00000000,0.00000000,-3.488709,-1.108758,-1.017652,-3.474044,-0.938081,-1.030411,0.171306,0.012759
89.935000,0.024823,0.095,4.915626,1.268229,12.404091,0.400087,0.910711,1.245909,0.788775,0.00000000,0.00000000,-3.481923,-1.120401,-0.998064,-3.465261,-0.953938,-1.004249,0.167295,0.006185
89.955000,0.023829,0.036,9.329180,1.297249,12.537377,0.417792,0.912187,1.305724,0.073783,0.00000000,0.00000000,-3.473041,-1.136738,-0.971637,-3.456511,-0.970327,-0.977697,0.167230,0.006060
89.980000,0.023829,0.057,9.329180,1.297249,12.537377,0.417792,0.929580,1.289698,0.869660,0.00000000,0.00000000,-3.460918,-1.156612,-0.940578,-3.446866,-0.986285,-0.953337,0.170905,0.012759
90.000000,0.023829,0.077,9.621751,1.105157,12.471671,0.427693,0.922157,1.221983,0.371146,0.00000000,0.00000000,-3.450725,-1.172218,-0.917392,-3.436873,-1.002021,-0.930151,0.170760,0.012759
90.020000,0.023426,0.038,12.032485,1.186623,12.473795,0.439132,0.924420,1.181972,0.113122,0.00000000,0.00000000,-3.439835,-1.187167,-0.893095,-3.426175,-1.017107,-0.905854,0.170608,0.012759
90.030000,0.023426,0.056,12.032485,1.186623,12.473795,0.439132,0.926346,1.217125,0.096329,0.00000000,0.00000000,-3.434194,-1.194324,-0.880946,-3.415232,-1.032302,-0.881387,0.163128,0.000441
90.050000,0.023426,0.078,9.623108,1.184491,12.581759,0.448529,0.936837,1.201748,0.524546,0.00000000,0.00000000,-3.422737,-1.209532,-0.856605,-3.403397,-1.047135,-0.857233,0.163545,0.000628
90.085000,0.023426,0.102,9.569196,1.220596,12.581280,0.457062,0.958019,1.228115,1.059097,0.00000000,0.00000000,-3.400944,-1.234587,-0.813142,-3.391014,-1.061643,-0.832181,0.173229,0.019039
90.100000,0.023416,0.002,9.569196,1.220596,12.581280,0.457062,0.948323,1.251134,0.484822,0.00000000,0.00000000,-3.391178,-1.244606,-0.794566,-3.378254,-1.075163,-0.807324,0.169936,0.012758
90.115000,0.023416,0.030,9.353850,1.106800,12.685580,0.461532,0.932163,1.217760,0.807988,0.00000000,0.00000000,-3.381769,-1.255364,-0.776891,-3.365750,-1.089415,-0.783955,0.166720,0.007064
90.145000,0.023416,0.055,9.353850,1.106800,12.685580,0.461532,0.923709,1.185499,0.422719,0.00000000,0.00000000,-3.362382,-1.274625,-0.741905,-3.352992,-1.102326,-0.760559,0.172555,0.018654
90.165000,0.023416,0.080,6.152912,1.101152,12.745247,0.464464,0.907481,1.164218,0.811393,0.00000000,0.00000000,-3.349345,-1.287090,-0.718948,-3.340202,-1.115055,-0.737427,0.172278,0.018479
90.180000,0.023416,0.102,6.152912,1.101152,12.745247,0.464464,0.891261,1.188208,0.810990,0.00000000,0.00000000,-3.339461,-1.295743,-0.700841,-3.327195,-1.126955,-0.713601,0.169233,0.012760
90.200000,0.022495,0.012,19.917541,1.126477,12.971044,0.466888,0.886508,1.191053,0.237641,0.00000000,0.00000000,-3.326138,-1.307585,-0.676983,-3.314023,-1.138966,-0.689743,0.169054,0.012759
90.215000,0.022495,0.057,21.530615,1.181382,13.097234,0.469160,0.885983,1.191015,0.026265,0.00000000,0.00000000,-3.316015,-1.316353,-0.659189,-3.300582,-1.150919,-0.666087,0.166152,0.006898
90.230000,0.022495,0.077,21.530615,1.181382,13.097234,0.469160,0.897745,1.195408,0.588089,0.00000000,0.00000000,-3.305371,-1.325049,-0.641063,-3.286371,-1.162455,-0.641560,0.163701,0.000496
90.265000,0.022495,0.102,37.663922,1.159156,13.800342,0.470888,0.911838,1.209742,0.704695,0.00000000,0.00000000,-3.279674,-1.344977,-0.598416,-3.271715,-1.174103,-0.617134,0.171059,0.018718
90.280000,0.023126,0.009,9.396038,1.223731,13.933716,0.473026,0.929244,1.231650,0.870289,0.00000000,0.00000000,-3.268204,-1.352904,-0.579697,-3.256672,-1.185020,-0.592456,0.168279,0.012758
90.295000,0.023126,0.059,9.396038,1.223731,13.933716,0.473026,0.919502,1.226023,0.487127,0.00000000,0.00000000,-3.256448,-1.360629,-0.560913,-3.241139,-1.195435,-0.567548,0.165902,0.006635
90.315000,0.023126,0.082,9.482025,1.157651,14.049647,0.471295,0.936315,1.242154,0.840660,0.00000000,0.00000000,-3.240524,-1.370474,-0.536341,-3.225235,-1.205591,-0.543133,0.165590,0.006792
90.335000,0.023126,0.104,9.482025,1.157651,14.049647,0.471295,0.951086,1.219211,0.738554,0.00000000,0.00000000,-3.224247,-1.380591,-0.512618,-3.209035,-1.215692,-0.519362,0.165599,0.006744
90.360000,0.019440,0.031,9.453342,1.182166,14.005723,0.469299,0.952638,1.214666,0.077606,0.00000000,0.00000000,-3.203400,-1.392290,-0.481543,-3.192376,-1.225230,-0.494302,0.167423,0.012759
90.375000,0.019440,0.058,10.030403,1.160941,13.825483,0.465608,0.949429,1.228666,0.160445,0.00000000,0.00000000,-3.191013,-1.399138,-0.462381,-3.175860,-1.234436,-0.469526,0.165397,0.007145
90.405000,0.022133,0.009,10.030403,1.160941,13.825483,0.465608,0.949689,1.217503,0.012965,0.00000000,0.00000000,-3.165911,-1.412015,-0.426731,-3.159242,-1.243467,-0.445770,0.168681,0.019038
90.420000,0.022133,0.048,9.677723,1.229890,13.589657,0.463206,0.931681,1.213359,0.900371,0.00000000,0.00000000,-3.153528,-1.417724,-0.407906,-3.142832,-1.251298,-0.420665,0.166769,0.012760
90.445000,0.022133,0.069,9.677723,1.229890,13.589657,0.463206,0.921246,1.227827,0.521735,0.00000000,0.00000000,-3.132121,-1.426914,-0.377504,-3.125890,-1.258928,-0.396373,0.168101,0.018869
90.465000,0.022133,0.095,3.636734,1.235735,13.529080,0.458769,0.938622,1.240458,0.868766,0.00000000,0.00000000,-3.114177,-1.434863,-0.351745,-3.108228,-1.267017,-0.371243,0.167951,0.019498
90.480000,0.021513,0.017,3.636734,1.235735,13.529080,0.458769,0.965278,1.277037,1.332801,0.00000000,0.00000000,-3.100405,-1.440114,-0.331581,-3.090000,-1.274365,-0.344341,0.166076,0.012760
90.495000,0.021513,0.073,47.487672,1.057629,14.839493,0.451614,0.971251,1.279253,0.298660,0.00000000,0.00000000,-3.086988,-1.444805,-0.313549,-3.072236,-1.280679,-0.320235,0.164787,0.006686
90.515000,0.021513,0.092,9.468775,1.198056,14.882526,0.444805,0.953679,1.242014,0.878579,0.00000000,0.00000000,-3.069213,-1.450291,-0.289212,-3.054462,-1.286296,-0.295853,0.164657,0.006641
90.535000,0.021513,0.113,9.468775,1.198056,14.882526,0.444805,0.924619,1.204543,1.452997,0.00000000,0.00000000,-3.051272,-1.456027,-0.265498,-3.036697,-1.292061,-0.272402,0.164613,0.006904
90.560000,0.022360,0.041,33.189820,1.284792,15.434393,0.437402,0.937826,1.194315,0.660325,0.00000000,0.00000000,-3.028617,-1.462262,-0.235273,-3.018500,-1.297426,-0.248033,0.165146,0.012760
90.580000,0.022360,0.070,9.410480,1.164582,15.543544,0.425780,0.938052,1.207176,0.011318,0.00000000,0.00000000,-3.010200,-1.466628,-0.211289,-3.000140,-1.302027,-0.224049,0.164908,0.012760
90.595000,0.022360,0.089,9.410480,1.164582,15.543544,0.425780,0.958530,1.212564,1.023902,0.00000000,0.00000000,-2.996462,-1.469986,-0.193229,-2.981881,-1.306731,-0.199967,0.163905,0.006739
90.625000,0.022360,0.135,26.439936,1.201192,15.827405,0.414320,0.940834,1.211207,0.884822,0.00000000,0.00000000,-2.968867,-1.476466,-0.156269,-2.963634,-1.311271,-0.175309,0.165278,0.019040
90.640000,0.024188,0.024,26.439936,1.201192,15.827405,0.414320,0.940833,1.206691,0.000044,0.00000000,0.00000000,-2.955329,-1.478566,-0.138846,-2.945426,-1.314664,-0.151606,0.164201,0.012759
90.655000,0.024188,0.050,9.479914,1.148281,15.912349,0.400002,0.914583,1.198156,1.312491,0.00000000,0.00000000,-2.942143,-1.481108,-0.120952,-2.927836,-1.318161,-0.127678,0.163574,0.006726
90.685000,0.025899,0.005,9.431898,1.120072,15.669007,0.382475,0.912894,1.184635,0.084460,0.00000000,0.00000000,-2.915288,-1.485248,-0.085511,-2.909859,-1.321365,-0.103952,0.163972,0.018440
90.690000,0.025899,0.026,9.431898,1.120072,15.669007,0.382475,0.895402,1.172996,0.874606,0.00000000,0.00000000,-2.910932,-1.485633,-0.079788,-2.892424,-1.323165,-0.081103,0.163519,0.001315
90.710000,0.025899,0.052,9.643919,1.144101,15.766574,0.366147,0.888675,1.161391,0.336362,0.00000000,0.00000000,-2.893321,-1.487265,-0.056273,-2.874591,-1.324711,-0.057186,0.163630,0.000913
90.730000,0.025899,0.069,9.644071,1.120172,15.691145,0.347852,0.891287,1.173295,0.130598,0.00000000,0.00000000,-2.875426,-1.488065,-0.032648,-2.856741,-1.325493,-0.033739,0.163642,0.001091
90.760000,0.023849,0.019,9.644071,1.120172,15.691145,0.347852,0.895435,1.183114,0.207443,0.00000000,0.00000000,-2.848723,-1.488296,0.002821,-2.838953,-1.325753,-0.009938,0.162836,0.012759
90.780000,0.023849,0.047,8.516239,1.158498,15.741322,0.332196,0.900754,1.181009,0.265933,0.00000000,0.00000000,-2.830875,-1.487822,0.026401,-2.821100,-1.325508,0.013642,0.162609,0.012760
90.795000,0.023849,0.067,8.516239,1.158498,15.741322,0.332196,0.901853,1.185453,0.054932,0.00000000,0.00000000,-2.817449,-1.487451,0.044321,-2.803196,-1.325232,0.037530,0.162844,0.006791
90.825000,0.021379,0.006,9.509926,1.168424,15.826451,0.315823,0.904072,1.185194,0.110979,0.00000000,0.00000000,-2.790401,-1.486455,0.080400,-2.785171,-1.324862,0.061628,0.161677,0.018771
90.845000,0.021379,0.031,34.294156,1.165347,16.366960,0.299076,0.914637,1.194263,0.528233,0.00000000,0.00000000,-2.771782,-1.485790,0.104598,-2.766742,-1.324234,0.085740,0.161635,0.018858
90.860000,0.021379,0.048,34.294156,1.165347,16.366960,0.299076,0.904151,1.190511,0.524275,0.00000000,0.00000000,-2.758462,-1.484497,0.121790,-2.748650,-1.323106,0.109030,0.161689,0.012760
90.880000,0.021221,0.012,12.069220,1.163814,16.382546,0.284345,0.905825,1.170130,0.083676,0.00000000,0.00000000,-2.740664,-1.482429,0.144747,-2.730828,-1.321266,0.131987,0.161463,0.012760
90.905000,0.021221,0.039,12.069220,1.163814,16.382546,0.284345,0.891098,1.162293,0.736333,0.00000000,0.00000000,-2.718617,-1.480301,0.174553,-2.713178,-1.319839,0.155817,0.160554,0.018736
90.920000,0.021221,0.068,9.427834,1.191542,16.463198,0.265779,0.892351,1.185437,0.062625,0.00000000,0.00000000,-2.705291,-1.478413,0.192664,-2.695407,-1.317702,0.179905,0.161015,0.012759
90.935000,0.021221,0.087,18.447341,1.108091,16.518006,0.247206,0.891668,1.207185,0.034141,0.00000000,0.00000000,-2.691907,-1.476169,0.210916,-2.677518,-1.314875,0.204256,0.161935,0.006660
90.965000,0.021221,0.111,18.447341,1.108091,16.518006,0.247206,0.916447,1.199027,1.238947,0.00000000,0.00000000,-2.664418,-1.471734,0.246086,-2.659017,-1.312271,0.227546,0.159554,0.018540
90.985000,0.021527,0.021,2.580563,1.160646,16.418688,0.228270,0.932330,1.204830,0.794140,0.00000000,0.00000000,-2.646279,-1.467684,0.270867,-2.640828,-1.308816,0.252132,0.158962,0.018736
91.005000,0.021527,0.043,2.580563,1.160646,16.418688,0.228270,0.928847,1.179242,0.174156,0.00000000,0.00000000,-2.628193,-1.462959,0.293796,-2.622626,-1.304387,0.275309,0.158670,0.018487
91.020000,0.021527,0.113,3.710133,1.169321,15.984773,0.211889,0.947446,1.203160,0.929967,0.00000000,0.00000000,-2.614396,-1.458970,0.312338,-2.604271,-1.299420,0.299579,0.159871,0.012759
91.040000,0.021527,0.132,3.710133,1.169321,15.984773,0.211889,0.948396,1.185761,0.047488,0.00000000,0.00000000,-2.596791,-1.452625,0.336195,-2.586586,-1.293300,0.323436,0.159652,0.012759
91.060000,0.021527,0.161,37.689330,1.098986,16.614791,0.193203,0.941558,1.188653,0.341864,0.00000000,0.00000000,-2.579009,-1.446633,0.359957,-2.568729,-1.287535,0.347198,0.159430,0.012759
91.075000,0.021527,0.200,9.507480,1.153648,16.710452,0.181044,0.934610,1.182733,0.347401,0.00000000,0.00000000,-2.566014,-1.442134,0.377942,-2.551319,-1.281725,0.371117,0.161080,0.006825
91.105000,0.018524,0.017,9.507480,1.153648,16.710452,0.181044,0.914599,1.179012,1.000588,0.00000000,0.00000000,-2.540223,-1.433036,0.413053,-2.533991,-1.275964,0.394494,0.157196,0.018559
91.120000,0.018524,0.044,9.395342,1.156780,16.718747,0.167774,0.918231,1.175145,0.181634,0.00000000,0.00000000,-2.527726,-1.427899,0.430805,-2.517211,-1.269457,0.418046,0.158791,0.012760
91.135000,0.018524,0.071,5.551019,1.227714,16.633124,0.150050,0.898704,1.177910,0.976394,0.00000000,0.00000000,-2.515305,-1.422472,0.448517,-2.500561,-1.262393,0.441671,0.160756,0.006846
91.160000,0.019526,0.029,5.551019,1.227714,16.633124,0.150050,0.902436,1.207723,0.186608,0.00000000,0.00000000,-2.494641,-1.412810,0.478799,-2.483937,-1.254791,0.466040,0.158381,0.012759
91.180000,0.019526,0.048,9.341546,1.200718,16.629948,0.137360,0.913411,1.207585,0.548790,0.00000000,0.00000000,-2.478229,-1.404400,0.503375,-2.467418,-1.246592,0.490616,0.158179,0.012759
91.200000,0.019526,0.085,4.204700,1.173148,16.565796,0.127202,0.939631,1.233381,1.310958,0.00000000,0.00000000,-2.461369,-1.395194,0.528383,-2.450443,-1.237601,0.515624,0.157971,0.012759
91.220000,0.019526,0.114,4.204700,1.173148,16.565796,0.127202,0.949755,1.229909,0.506230,0.00000000,0.00000000,-2.445013,-1.385568,0.552697,-2.433965,-1.228185,0.539938,0.157771,0.012759
91.240000,0.017465,0.016,9.672144,1.120431,16.609089,0.115970,0.944218,1.194607,0.276875,0.00000000,0.00000000,-2.429336,-1.375720,0.575851,-2.418164,-1.218538,0.563092,0.157579,0.012759
91.255000,0.017465,0.039,9.672144,1.120431,16.609089,0.115970,0.927809,1.168009,0.820424,0.00000000,0.00000000,-2.417608,-1.368296,0.593218,-2.402398,-1.208745,0.586411,0.160274,0.006808
91.275000,0.019862,0.007,9.554532,1.255148,16.212010,0.102347,0.928706,1.229113,0.044821,0.00000000,0.00000000,-2.402363,-1.357809,0.619261,-2.387091,-1.198413,0.612973,0.160126,0.006288
91.305000,0.019862,0.026,9.554532,1.255148,16.212010,0.102347,0.944139,1.272321,0.771649,0.00000000,0.00000000,-2.378396,-1.341923,0.657169,-2.370754,-1.188016,0.638354,0.154097,0.018815
91.325000,0.019862,0.051,9.525188,1.166533,16.286872,0.090843,0.944913,1.251999,0.038738,0.00000000,0.00000000,-2.363119,-1.331092,0.681460,-2.355134,-1.177449,0.662612,0.153851,0.018848
91.340000,0.019782,0.030,3.239883,1.140957,16.209987,0.082598,0.931971,1.225240,0.647097,0.00000000,0.00000000,-2.352116,-1.322838,0.699342,-2.340276,-1.166645,0.686584,0.156641,0.012758
91.350000,0.019782,0.048,3.239883,1.140957,16.209987,0.082598,0.939136,1.204700,0.358237,0.00000000,0.00000000,-2.344683,-1.316890,0.711354,-2.325109,-1.154853,0.710958,0.163215,0.000396
91.385000,0.019782,0.074,15.544828,1.176160,16.237105,0.073921,0.969381,1.227009,1.512226,0.00000000,0.00000000,-2.317694,-1.295527,0.754957,-2.309156,-1.142819,0.736097,0.152947,0.018860
91.400000,0.019782,0.096,9.654987,1.145459,16.023446,0.069066,0.958871,1.224615,0.525512,0.00000000,0.00000000,-2.307367,-1.286650,0.772604,-2.295068,-1.131031,0.759844,0.156104,0.012760
91.420000,0.021035,0.025,9.654987,1.145459,16.023446,0.069066,0.918138,1.206986,2.036604,0.00000000,0.00000000,-2.293922,-1.274927,0.796472,-2.281474,-1.119480,0.783712,0.155944,0.012759
91.435000,0.021035,0.046,11.897400,1.183780,16.006484,0.053061,0.894296,1.167356,1.192105,0.00000000,0.00000000,-2.284411,-1.265523,0.813067,-2.268716,-1.107079,0.805834,0.159219,0.007232
91.455000,0.119288,0.011,11.897400,1.183780,16.006484,0.053061,0.915684,1.170195,1.069400,0.00000000,0.00000000,-2.271380,-1.252079,0.836680,-2.255061,-1.093486,0.830034,0.159431,0.006646
91.485000,0.119288,0.060,2.717329,1.076053,15.922741,0.053242,0.932504,1.160247,0.840991,0.00000000,0.00000000,-2.251822,-1.231000,0.871119,-2.241965,-1.079598,0.852746,0.151722,0.018373
91.500000,0.119288,0.078,2.717329,1.076053,15.922741,0.053242,0.951883,1.156878,0.968925,0.00000000,0.00000000,-2.242416,-1.220545,0.888303,-2.229279,-1.065759,0.875544,0.155341,0.012759
91.520000,0.119288,0.101,0.378549,1.138290,15.889147,0.051008,0.930953,1.145297,1.046496,0.00000000,0.00000000,-2.230972,-1.206805,0.911595,-2.217660,-1.052168,0.898835,0.155210,0.012760
91.535000,0.022947,0.018,9.265029,1.206223,15.727823,0.050145,0.895025,1.182468,1.796372,0.00000000,0.00000000,-2.222407,-1.196575,0.929373,-2.206013,-1.038712,0.922888,0.158712,0.006484
91.550000,0.022947,0.037,9.265029,1.206223,15.727823,0.050145,0.893886,1.212862,0.056981,0.00000000,0.00000000,-2.213667,-1.186396,0.948084,-2.194174,-1.025186,0.947648,0.162384,0.000437
91.585000,0.022947,0.065,9.749369,1.192807,15.783751,0.048249,0.890055,1.228923,0.191542,0.00000000,0.00000000,-2.193960,-1.161986,0.990812,-2.182725,-1.011338,0.972059,0.151066,0.018753
91.600000,0.022947,0.086,0.580497,1.288232,15.708449,0.047780,0.885968,1.216014,0.204349,0.00000000,0.00000000,-2.186178,-1.151338,1.008782,-2.172163,-0.997276,0.996024,0.154698,0.012758
91.615000,0.022947,0.126,0.580497,1.288232,15.708449,0.047780,0.911929,1.222400,1.298081,0.00000000,0.00000000,-2.177167,-1.140348,1.028230,-2.160250,-0.982484,1.021384,0.158767,0.006847
91.635000,0.022238,0.002,9.683515,1.074859,15.709358,0.048752,0.925638,1.212601,0.685405,0.00000000,0.00000000,-2.166900,-1.124522,1.051893,-2.149870,-0.967210,1.044687,0.158231,0.007206
91.665000,0.022238,0.027,9.683515,1.074859,15.709358,0.048752,0.904891,1.196961,1.037307,0.00000000,0.00000000,-2.152032,-1.102719,1.087347,-2.139764,-0.952790,1.068384,0.150430,0.018963
91.680000,0.022238,0.056,9.509844,1.364603,15.721181,0.056003,0.902131,1.239306,0.138045,0.00000000,0.00000000,-2.144575,-1.090704,1.107982,-2.129789,-0.937178,1.095223,0.154236,0.012759
91.695000,0.022238,0.083,17.581215,1.267432,15.798165,0.057593,0.890221,1.271704,0.595476,0.00000000,0.00000000,-2.138626,-1.079250,1.126482,-2.121667,-0.921889,1.119717,0.158272,0.006765
91.710000,0.022238,0.103,17.581215,1.267432,15.798165,0.057593,0.906644,1.280361,0.821141,0.00000000,0.00000000,-2.132510,-1.067263,1.145108,-2.113042,-0.905605,1.145535,0.162826,0.000427
91.730000,0.018854,0.004,6.932134,1.303781,15.724779,0.060108,0.911493,1.298820,0.242478,0.00000000,0.00000000,-2.124029,-1.050601,1.171661,-2.104525,-0.889009,1.172328,0.162766,0.000667
91.750000,0.018854,0.026,6.932134,1.303781,15.724779,0.060108,0.933586,1.290047,1.104627,0.00000000,0.00000000,-2.115985,-1.033821,1.197501,-2.096722,-0.872477,1.196643,0.162490,0.000858
91.770000,0.018854,0.051,1.533567,1.194401,15.636318,0.059396,0.925682,1.245249,0.395203,0.00000000,0.00000000,-2.108701,-1.017348,1.221300,-2.089272,-0.855717,1.221198,0.162795,0.000101
91.805000,0.018854,0.074,9.581047,1.183152,15.681861,0.058437,0.922957,1.249661,0.136221,0.00000000,0.00000000,-2.096208,-0.986702,1.265729,-2.081751,-0.838154,1.246937,0.149250,0.018791
91.815000,0.019234,0.018,9.581047,1.183152,15.681861,0.058437,0.940237,1.238452,0.863988,0.00000000,0.00000000,-2.093081,-0.978135,1.277829,-2.075146,-0.820973,1.271168,0.158182,0.006660
91.830000,0.019234,0.042,4.198087,1.144580,15.508657,0.058176,0.914791,1.204441,1.272302,0.00000000,0.00000000,-2.088660,-0.965175,1.295565,-2.069630,-0.803669,1.294712,0.162623,0.000853
91.865000,0.019234,0.063,4.198087,1.144580,15.508657,0.058176,0.913794,1.202116,0.049880,0.00000000,0.00000000,-2.080097,-0.934341,1.337897,-2.064547,-0.786100,1.318900,0.149055,0.018997
91.880000,0.022111,0.022,5.108794,1.179184,15.263908,0.058174,0.925812,1.221368,0.600940,0.00000000,0.00000000,-2.076566,-0.920494,1.356258,-2.059615,-0.767849,1.343499,0.153583,0.012759
91.895000,0.022111,0.047,9.523523,1.126746,14.447424,0.058557,0.941250,1.209435,0.771865,0.00000000,0.00000000,-2.072982,-0.906492,1.374085,-2.054660,-0.749295,1.367158,0.158262,0.006927
91.910000,0.022111,0.067,9.523523,1.126746,14.447424,0.058557,0.953283,1.213952,0.601684,0.00000000,0.00000000,-2.069768,-0.892815,1.392006,-2.050077,-0.730671,1.391636,0.163335,0.000370
91.945000,0.024674,0.017,9.603306,1.205125,14.450363,0.058318,0.945636,1.234315,0.382353,0.00000000,0.00000000,-2.062822,-0.860389,1.436188,-2.046094,-0.712440,1.417149,0.148891,0.019039
91.960000,0.024674,0.038,9.603306,1.205125,14.450363,0.058318,0.950010,1.277178,0.218672,0.00000000,0.00000000,-2.060149,-0.846258,1.455790,-2.042251,-0.693829,1.443030,0.153476,0.012759
91.980000,0.024674,0.064,9.584216,1.235023,14.451816,0.058815,0.941728,1.282971,0.414070,0.00000000,0.00000000,-2.056980,-0.827434,1.481762,-2.038843,-0.675047,1.469003,0.153463,0.012759
91.995000,0.024369,0.005,2.892274,1.233173,14.388315,0.059315,0.947023,1.282992,0.264758,0.00000000,0.00000000,-2.055284,-0.813380,1.500812,-2.036499,-0.656477,1.494212,0.158023,0.006600
92.025000,0.024369,0.030,2.892274,1.233173,14.388315,0.059315,0.934812,1.249933,0.610555,0.00000000,0.00000000,-2.053311,-0.785804,1.537488,-2.034941,-0.638087,1.518590,0.148856,0.018898
92.040000,0.024369,0.056,13.655782,1.086268,14.443319,0.060682,0.919043,1.200579,0.788469,0.00000000,0.00000000,-2.052992,-0.772113,1.554702,-2.034149,-0.619782,1.541943,0.153493,0.012759
92.055000,0.024369,0.075,9.626765,1.249330,14.442572,0.061076,0.930306,1.163482,0.563158,0.00000000,0.00000000,-2.053191,-0.758454,1.571596,-2.033982,-0.601188,1.564997,0.158434,0.006599
92.075000,0.024369,0.094,9.626765,1.249330,14.442572,0.061076,0.946536,1.209702,0.811469,0.00000000,0.00000000,-2.053346,-0.738703,1.597305,-2.034307,-0.581558,1.591294,0.158294,0.006011
92.095000,0.024369,0.115,3.766095,1.237608,14.443404,0.061111,0.952225,1.285626,0.284481,0.00000000,0.00000000,-2.054817,-0.719808,1.623825,-2.035688,-0.562884,1.617392,0.158086,0.006433
92.115000,0.022368,0.012,3.766095,1.237608,14.443404,0.061111,0.933728,1.284753,0.924856,0.00000000,0.00000000,-2.056881,-0.701706,1.649095,-2.037703,-0.544838,1.642589,0.158035,0.006505
92.135000,0.022368,0.072,9.481704,1.105846,12.890175,0.059562,0.919196,1.228601,0.726626,0.00000000,0.00000000,-2.059146,-0.683485,1.673051,-2.039452,-0.526403,1.666042,0.158312,0.007009
92.165000,0.022368,0.092,9.489289,1.343098,12.890470,0.063792,0.928985,1.235563,0.489461,0.00000000,0.00000000,-2.061834,-0.655358,1.711463,-2.041348,-0.507863,1.691839,0.148911,0.019624
92.185000,0.022368,0.120,9.489289,1.343098,12.890470,0.063792,0.956202,1.260913,1.360871,0.00000000,0.00000000,-2.064622,-0.636095,1.736387,-2.043243,-0.488432,1.717575,0.149203,0.018812
92.200000,0.022163,0.007,4.554168,1.306517,11.999712,0.064559,0.961766,1.272731,0.278204,0.00000000,0.00000000,-2.066950,-0.621471,1.754448,-2.046184,-0.468974,1.741689,0.153905,0.012759
92.210000,0.022163,0.028,4.554168,1.306517,11.999712,0.064559,0.961013,1.245034,0.037678,0.00000000,0.00000000,-2.068564,-0.612287,1.767557,-2.049162,-0.450563,1.767844,0.162883,0.000287
92.245000,0.022163,0.052,9.555795,1.249561,12.001822,0.065180,0.947446,1.260158,0.678336,0.00000000,0.00000000,-2.074462,-0.580320,1.811653,-2.052249,-0.432148,1.792858,0.149828,0.018795
92.260000,0.022163,0.078,2.972307,1.163630,11.357067,0.065197,0.915378,1.249768,1.603400,0.00000000,0.00000000,-2.077419,-0.567112,1.829772,-2.055959,-0.414485,1.817012,0.154128,0.012759
92.275000,0.025811,0.036,2.972307,1.163630,11.357067,0.065197,0.911750,1.222505,0.181380,0.00000000,0.00000000,-2.080587,-0.553420,1.848566,-2.059838,-0.396180,1.841774,0.158603,0.006792
92.305000,0.025811,0.068,16.199615,1.137709,11.557211,0.065328,0.919345,1.224832,0.379746,0.00000000,0.00000000,-2.087586,-0.526905,1.885218,-2.064710,-0.378426,1.866547,0.150231,0.018671
92.320000,0.025811,0.083,16.199615,1.137709,11.557211,0.065328,0.908754,1.205746,0.529578,0.00000000,0.00000000,-2.091640,-0.514274,1.901990,-2.069504,-0.361471,1.889231,0.154399,0.012759
92.335000,0.025811,0.108,9.665540,1.209301,11.560728,0.064794,0.906564,1.191321,0.109491,0.00000000,0.00000000,-2.096055,-0.501110,1.920665,-2.075329,-0.343919,1.913967,0.158551,0.006699
92.350000,0.112854,0.015,10.310894,1.078533,11.594742,0.066256,0.900166,1.200342,0.319894,0.00000000,0.00000000,-2.100976,-0.488389,1.938601,-2.081559,-0.327059,1.937543,0.162494,0.001058
92.385000,0.112854,0.036,10.310894,1.078533,11.594742,0.066256,0.908655,1.163795,0.424437,0.00000000,0.00000000,-2.113251,-0.459162,1.978734,-2.088639,-0.310391,1.960176,0.150793,0.018558
92.405000,0.112854,0.089,4.624751,1.151500,11.540502,0.065799,0.907596,1.148580,0.052931,0.00000000,0.00000000,-2.121308,-0.442648,2.002591,-2.096209,-0.293605,1.983877,0.151142,0.018715
92.425000,0.112854,0.112,4.624751,1.151500,11.540502,0.065799,0.915629,1.182673,0.401633,0.00000000,0.00000000,-2.128575,-0.426348,2.026911,-2.103549,-0.277215,2.007985,0.151218,0.018926
92.440000,0.112854,0.141,9.324266,1.151700,11.552739,0.065859,0.900903,1.210003,0.736301,0.00000000,0.00000000,-2.134446,-0.414255,2.044776,-2.111030,-0.260914,2.032017,0.155119,0.012759
92.455000,0.148023,0.010,9.474500,1.127316,11.552169,0.066306,0.891415,1.193162,0.474403,0.00000000,0.00000000,-2.140675,-0.402470,2.062344,-2.119278,-0.244932,2.055247,0.158985,0.007097
92.475000,0.148023,0.031,9.474500,1.127316,11.552169,0.066306,0.902985,1.181665,0.578532,0.00000000,0.00000000,-2.149379,-0.386341,2.085703,-2.127544,-0.228715,2.078781,0.159131,0.006921
92.495000,0.148023,0.057,9.617741,1.105422,10.520774,0.067158,0.908351,1.157922,0.268299,0.00000000,0.00000000,-2.157545,-0.370276,2.108963,-2.135700,-0.212762,2.101922,0.159021,0.007041
92.515000,0.148023,0.084,9.617741,1.105422,10.520774,0.067158,0.893352,1.163695,0.749980,0.00000000,0.00000000,-2.166477,-0.355247,2.131811,-2.144658,-0.197539,2.125392,0.159210,0.006420
92.540000,0.022497,0.018,0.147260,1.109585,10.354250,0.067880,0.895421,1.150865,0.103449,0.00000000,0.00000000,-2.179217,-0.336327,2.160873,-2.154803,-0.182421,2.148114,0.155831,0.012759
92.555000,0.022497,0.045,0.284673,1.290219,10.289636,0.069568,0.895583,1.160460,0.008096,0.00000000,0.00000000,-2.187046,-0.325119,2.178293,-2.165097,-0.167467,2.171487,0.159173,0.006806
92.585000,0.165344,0.002,0.284673,1.290219,10.289636,0.069568,0.909286,1.190336,0.685176,0.00000000,0.00000000,-2.203002,-0.302230,2.215524,-2.175488,-0.151933,2.196342,0.152794,0.019182
92.605000,0.165344,0.028,9.495026,1.253068,9.965549,0.069403,0.934650,1.244377,1.268205,0.00000000,0.00000000,-2.214083,-0.286843,2.240824,-2.186172,-0.136309,2.222060,0.153099,0.018764
92.625000,0.165344,0.046,9.495026,1.253068,9.965549,0.069403,0.955920,1.254747,1.063469,0.00000000,0.00000000,-2.225512,-0.272417,2.264600,-2.197743,-0.121479,2.246195,0.153471,0.018406
92.640000,0.165344,0.087,9.456235,1.084003,10.005112,0.070778,0.888609,1.183296,1.223615,0.00000000,0.00000000,-2.233390,-0.261940,2.281696,-2.208023,-0.107349,2.268936,0.156659,0.012760
92.655000,0.019997,0.003,9.563256,1.213105,10.028345,0.070856,0.888609,1.183296,1.223615,0.00000000,0.00000000,-2.241573,-0.251304,2.299496,-2.218786,-0.092790,2.292983,0.160143,0.006512
92.685000,0.019997,0.029,9.563256,1.213105,10.028345,0.070856,0.907696,1.212268,0.954382,0.00000000,0.00000000,-2.258705,-0.228952,2.337664,-2.229941,-0.077694,2.318345,0.153969,0.019319
92.700000,0.019997,0.055,3.963034,1.179466,8.310992,0.069783,0.928721,1.241357,1.051254,0.00000000,0.00000000,-2.267629,-0.218670,2.355189,-2.241708,-0.063645,2.342430,0.157177,0.012759
92.715000,0.019997,0.078,11.882765,1.153497,8.505902,0.069784,0.922890,1.234099,0.291570,0.00000000,0.00000000,-2.276819,-0.208701,2.373321,-2.253859,-0.049696,2.367413,0.160655,0.005908
92.745000,0.019997,0.101,11.882765,1.153497,8.505902,0.069784,0.927470,1.228993,0.229006,0.00000000,0.00000000,-2.296373,-0.187343,2.411086,-2.266756,-0.035415,2.392280,0.154788,0.018806
92.765000,0.019997,0.124,37.067639,1.075750,10.085467,0.071388,0.947938,1.235469,1.023387,0.00000000,0.00000000,-2.309796,-0.174295,2.434571,-2.280092,-0.021935,2.416258,0.155228,0.018313
92.785000,0.018793,0.014,37.067639,1.075750,10.085467,0.071388,0.948590,1.189667,0.032630,0.00000000,0.00000000,-2.323892,-0.162614,2.458430,-2.293683,-0.009800,2.439687,0.155771,0.018743
92.800000,0.018793,0.055,9.349182,1.261423,10.092850,0.071942,0.941113,1.208348,0.373875,0.00000000,0.00000000,-2.335083,-0.152692,2.477585,-2.308314,0.003189,2.464825,0.158162,0.012760
92.820000,0.018793,0.082,9.349182,1.261423,10.092850,0.071942,0.974281,1.247537,1.658388,0.00000000,0.00000000,-2.350472,-0.140479,2.502944,-2.323546,0.015597,2.490185,0.158381,0.012759
92.835000,0.018793,0.111,0.492489,1.170867,10.039613,0.071941,0.976044,1.239617,0.088142,0.00000000,0.00000000,-2.362030,-0.131937,2.520853,-2.338779,0.026989,2.513836,0.160618,0.007017
92.850000,0.018793,0.132,12.977253,1.115246,10.236746,0.072592,0.944507,1.178175,1.576806,0.00000000,0.00000000,-2.373495,-0.123977,2.538083,-2.353943,0.037784,2.536819,0.162939,0.001264
92.885000,0.021138,0.002,12.977253,1.115246,10.236746,0.072592,0.947291,1.173903,0.139191,0.00000000,0.00000000,-2.401262,-0.105297,2.579486,-2.369991,0.048917,2.560602,0.157352,0.018884
92.900000,0.021138,0.030,13.091160,1.240224,10.357873,0.072424,0.940619,1.204543,0.333609,0.00000000,0.00000000,-2.412906,-0.097835,2.597995,-2.385431,0.059033,2.585237,0.159257,0.012758
92.915000,0.021138,0.054,13.091160,1.240224,10.357873,0.072424,0.932352,1.196117,0.413354,0.00000000,0.00000000,-2.424395,-0.090243,2.615512,-2.400723,0.069237,2.608730,0.161228,0.006782
92.945000,0.103520,0.021,5.687239,1.200321,10.320030,0.071790,0.916237,1.203862,0.805773,0.00000000,0.00000000,-2.447977,-0.076198,2.651712,-2.416425,0.078773,2.633140,0.158150,0.018572
92.960000,0.103520,0.050,11.396933,1.216119,10.369555,0.071863,0.916748,1.189944,0.025552,0.00000000,0.00000000,-2.460134,-0.069829,2.669494,-2.432298,0.087640,2.656734,0.159911,0.012759
92.975000,0.103520,0.067,11.396933,1.216119,10.369555,0.071863,0.921959,1.192932,0.260559,0.00000000,0.00000000,-2.472488,-0.062979,2.687435,-2.448573,0.096921,2.680452,0.161678,0.006983
93.000000,0.021933,0.014,9.485404,1.190512,10.440884,0.071569,0.922962,1.191871,0.050166,0.00000000,0.00000000,-2.492838,-0.052452,2.717459,-2.464777,0.105433,2.704700,0.160359,0.012759
93.015000,0.021933,0.042,3.521995,1.227673,10.208280,0.071769,0.920409,1.208229,0.127651,0.00000000,0.00000000,-2.505246,-0.046553,2.735750,-2.481225,0.113476,2.729242,0.161822,0.006508
93.045000,0.021933,0.067,3.521995,1.227673,10.208280,0.071769,0.916585,1.236802,0.191221,0.00000000,0.00000000,-2.530235,-0.034263,2.771989,-2.497718,0.122064,2.753771,0.159673,0.018218
93.065000,0.021933,0.101,9.498400,1.109823,10.205517,0.072368,0.906376,1.177573,0.510440,0.00000000,0.00000000,-2.546852,-0.027222,2.794519,-2.514353,0.129536,2.776069,0.160092,0.018450
93.070000,0.021503,0.013,9.498400,1.109823,10.205517,0.072368,0.902078,1.127302,0.214909,0.00000000,0.00000000,-2.550777,-0.025255,2.800276,-2.530411,0.137167,2.798451,0.163694,0.001825
93.105000,0.021503,0.036,2.363629,1.165019,10.051181,0.072436,0.892110,1.152668,0.498366,0.00000000,0.00000000,-2.579811,-0.013215,2.841536,-2.546987,0.143700,2.822749,0.160311,0.018788
93.125000,0.021503,0.058,9.438045,1.009385,10.108641,0.075041,0.912157,1.139705,1.002333,0.00000000,0.00000000,-2.597904,-0.006494,2.862457,-2.564710,0.151001,2.844520,0.160955,0.017938
93.135000,0.023614,0.012,9.438045,1.009385,10.108641,0.075041,0.945524,1.096899,1.668345,0.00000000,0.00000000,-2.607028,-0.003166,2.872824,-2.582873,0.157888,2.865252,0.162856,0.007572
93.155000,0.023614,0.044,9.361099,1.209890,10.171927,0.074798,0.948128,1.130500,0.130215,0.00000000,0.00000000,-2.624751,0.002558,2.896609,-2.600196,0.163644,2.890099,0.162946,0.006509
93.175000,0.023614,0.060,9.361099,1.209890,10.171927,0.074798,0.938639,1.208392,0.474464,0.00000000,0.00000000,-2.642143,0.008410,2.921891,-2.617635,0.170096,2.915462,0.163533,0.006429
93.200000,0.019099,0.035,9.441833,1.073467,10.174728,0.076426,0.916024,1.197916,1.130764,0.00000000,0.00000000,-2.664149,0.015459,2.950283,-2.635207,0.175524,2.937525,0.162660,0.012759
93.220000,0.019099,0.064,0.562707,1.268735,10.103145,0.077318,0.927243,1.148023,0.560960,0.00000000,0.00000000,-2.681685,0.020112,2.972978,-2.652683,0.180400,2.960219,0.162891,0.012759
93.235000,0.021196,0.004,0.562707,1.268735,10.103145,0.077318,0.921537,1.160254,0.285311,0.00000000,0.00000000,-2.695403,0.022697,2.991422,-2.671108,0.184083,2.984805,0.163204,0.006618
93.265000,0.021196,0.036,13.948830,1.115274,10.320911,0.076550,0.934310,1.203005,0.638647,0.00000000,0.00000000,-2.723563,0.027322,3.027155,-2.689843,0.187403,3.008603,0.163595,0.018552
93.285000,0.021196,0.054,13.948830,1.115274,10.320911,0.076550,0.943151,1.197743,0.442049,0.00000000,0.00000000,-2.742202,0.029897,3.050911,-2.708339,0.190146,3.032119,0.163788,0.018792
93.300000,0.021196,0.087,4.650330,1.194543,10.269773,0.074988,0.941004,1.187777,0.107341,0.00000000,0.00000000,-2.756390,0.031484,3.068968,-2.727237,0.192725,3.056209,0.163855,0.012759
93.315000,0.019453,0.001,9.487286,1.212105,10.269379,0.070609,0.958194,1.216691,0.859492,0.00000000,0.00000000,-2.770643,0.033243,3.087438,-2.746037,0.195138,3.080949,0.163754,0.006490
93.330000,0.019453,0.019,9.487286,1.212105,10.269379,0.070609,0.932254,1.223315,1.296974,0.00000000,0.00000000,-2.784283,0.034430,3.105913,-2.764057,0.196859,3.105036,0.163683,0.000877
93.350000,0.019453,0.044,9.348778,1.256908,10.007915,0.070370,0.919735,1.234694,0.625938,0.00000000,0.00000000,-2.802271,0.035738,3.129737,-2.782512,0.198166,3.129940,0.163625,0.000203
93.385000,0.019453,0.063,9.459149,1.086967,10.008723,0.069412,0.911637,1.203532,0.404906,0.00000000,0.00000000,-2.834097,0.036584,-3.111262,-2.800357,0.198801,-3.129727,0.165689,0.018466
93.400000,0.017202,0.025,9.459149,1.086967,10.008723,0.069412,0.902601,1.199082,0.451835,0.00000000,0.00000000,-2.847361,0.037021,-3.093932,-2.818130,0.199421,-3.106692,0.165011,0.012760
93.420000,0.017202,0.047,5.794364,1.351265,10.018301,0.073517,0.886137,1.212565,0.823168,0.00000000,0.00000000,-2.865742,0.037644,-3.068479,-2.836501,0.200279,-3.081238,0.165243,0.012759
93.435000,0.017202,0.071,5.794364,1.351265,10.018301,0.073517,0.923312,1.246457,1.858731,0.00000000,0.00000000,-2.880195,0.037195,-3.049077,-2.855669,0.199771,-3.055890,0.164415,0.006813
93.455000,0.017202,0.096,8.100345,1.131351,10.040589,0.073842,0.958933,1.265000,1.781066,0.00000000,0.00000000,-2.899108,0.035726,-3.024823,-2.874552,0.198435,-3.031700,0.164551,0.006877
93.485000,0.021692,0.024,8.100345,1.131351,10.040589,0.073842,0.938562,1.191136,1.018565,0.00000000,0.00000000,-2.926849,0.032541,-2.989344,-2.892909,0.196526,-3.008189,0.167461,0.018845
93.500000,0.021692,0.049,0.156172,1.225839,10.032358,0.073942,0.939447,1.219403,0.044273,0.00000000,0.00000000,-2.941177,0.030737,-2.970046,-2.912019,0.194336,-2.982804,0.166177,0.012758
93.515000,0.021692,0.068,5.424305,1.095524,10.010025,0.074915,0.934909,1.222862,0.226912,0.00000000,0.00000000,-2.954729,0.028966,-2.951889,-2.930116,0.192196,-2.958589,0.165076,0.006700
93.530000,0.021692,0.090,5.424305,1.095524,10.010025,0.074915,0.928136,1.209779,0.338637,0.00000000,0.00000000,-2.968214,0.026652,-2.934629,-2.948355,0.188778,-2.935629,0.163339,0.001001
93.565000,0.018805,0.018,9.593474,1.155314,10.011176,0.074616,0.948067,1.181428,0.996529,0.00000000,0.00000000,-3.001550,0.020170,-2.892485,-2.967354,0.185243,-2.911582,0.168577,0.019096
93.585000,0.018805,0.040,2.178785,1.207220,9.952081,0.074631,0.959919,1.216351,0.592599,0.00000000,0.00000000,-3.019614,0.016035,-2.867725,-2.986157,0.181604,-2.886531,0.168916,0.018806
93.595000,0.019063,0.011,2.178785,1.207220,9.952081,0.074631,0.958896,1.243748,0.051165,0.00000000,0.00000000,-3.028563,0.013623,-2.855368,-3.004648,0.177357,-2.861425,0.165471,0.006057
93.615000,0.019063,0.034,1.934367,1.201511,9.885915,0.074287,0.934359,1.222671,1.226847,0.00000000,0.00000000,-3.047010,0.008892,-2.830820,-3.022603,0.172600,-2.837545,0.165517,0.006725
93.645000,0.019063,0.059,1.934367,1.201511,9.885915,0.074287,0.955560,1.223749,1.060071,0.00000000,0.00000000,-3.073598,0.000278,-2.794279,-3.040496,0.166984,-2.813011,0.169961,0.018732
93.660000,0.019063,0.085,2.509309,1.179736,9.884487,0.073894,0.923195,1.204062,1.618235,0.00000000,0.00000000,-3.086554,-0.004462,-2.776321,-3.057833,0.160994,-2.789081,0.167930,0.012759
93.675000,0.018134,0.010,9.456138,1.143906,9.734444,0.072886,0.934438,1.209917,0.562124,0.00000000,0.00000000,-3.099653,-0.009148,-2.758109,-3.075199,0.154787,-2.764890,0.165749,0.006781
93.690000,0.018134,0.035,9.456138,1.143906,9.734444,0.072886,0.914224,1.198252,1.010702,0.00000000,0.00000000,-3.112209,-0.014387,-2.740170,-3.092006,0.147897,-2.741026,0.163537,0.000856
93.725000,0.018134,0.057,9.637105,1.207668,9.734621,0.072323,0.932674,1.210195,0.922516,0.00000000,0.00000000,-3.142300,-0.027407,-2.697561,-3.109446,0.140635,-2.716557,0.171224,0.018996
93.745000,0.018134,0.079,9.637105,1.207668,9.734621,0.072323,0.938088,1.241903,0.270706,0.00000000,0.00000000,-3.160035,-0.034907,-2.672059,-3.127370,0.133279,-2.690630,0.171329,0.018571
93.765000,0.018134,0.099,9.561300,1.166403,9.797404,0.071855,0.952852,1.249425,0.738207,0.00000000,0.00000000,-3.176557,-0.042481,-2.648191,-3.144162,0.125972,-2.666919,0.171540,0.018728
93.780000,0.018134,0.124,9.561300,1.166403,9.797404,0.071855,0.944312,1.226745,0.427024,0.00000000,0.00000000,-3.189830,-0.049279,-2.629721,-3.161672,0.117498,-2.642480,0.169138,0.012759
93.795000,0.014760,0.052,9.557155,1.240836,9.798650,0.071644,0.953596,1.248886,0.464192,0.00000000,0.00000000,-3.202421,-0.056164,-2.610303,-3.178431,0.108497,-2.616496,0.166399,0.006194
93.815000,0.014760,0.076,12.262567,1.184647,9.913508,0.067772,0.962641,1.266252,0.452279,0.00000000,0.00000000,-3.218792,-0.065450,-2.585028,-3.194830,0.099306,-2.591641,0.166489,0.006614
93.830000,0.014760,0.099,12.262567,1.184647,9.913508,0.067772,0.939662,1.247235,1.148957,0.00000000,0.00000000,-3.230669,-0.072794,-2.566585,-3.210707,0.089628,-2.567038,0.163644,0.000452
93.860000,0.015779,0.041,9.601419,1.128178,9.952955,0.065523,0.923484,1.205408,0.808930,0.00000000,0.00000000,-3.253800,-0.087406,-2.530611,-3.226123,0.080191,-2.543370,0.169867,0.012759
93.880000,0.015779,0.064,5.203081,1.189027,9.921980,0.064661,0.911946,1.191469,0.576893,0.00000000,0.00000000,-3.268807,-0.097672,-2.506907,-3.241260,0.070117,-2.519667,0.170035,0.012760
93.925000,0.013958,0.014,30.355850,1.210464,10.842908,0.064867,0.926864,1.214817,0.832454,0.00000000,0.00000000,-3.302797,-0.122483,-2.452318,-3.271758,0.048630,-2.471245,0.173905,0.018926
93.945000,0.013958,0.035,30.355850,1.210464,10.842908,0.064867,0.944263,1.223711,0.869937,0.00000000,0.00000000,-3.317788,-0.134510,-2.426972,-3.286754,0.036822,-2.446062,0.174120,0.019090
93.960000,0.013958,0.071,5.838401,1.172009,10.621983,0.064669,0.963514,1.240225,0.962578,0.00000000,0.00000000,-3.328949,-0.143771,-2.408579,-3.301985,0.024789,-2.421338,0.170703,0.012759
93.975000,0.015160,0.011,2.017774,1.214952,10.546612,0.064735,0.949931,1.259923,0.679163,0.00000000,0.00000000,-3.339451,-0.152684,-2.389572,-3.316024,0.012936,-2.395779,0.167268,0.006208
93.990000,0.015160,0.031,2.017774,1.214952,10.546612,0.064735,0.931061,1.261145,0.943493,0.00000000,0.00000000,-3.350040,-0.161683,-2.370391,-3.330402,0.001286,-2.370110,0.164148,0.000281
94.025000,0.015160,0.057,41.577684,1.079995,11.985581,0.064692,0.918589,1.265878,0.623591,0.00000000,0.00000000,-3.373946,-0.182888,-2.326648,-3.344225,-0.010646,-2.345407,0.174787,0.018759
94.040000,0.015160,0.082,9.586667,1.144408,12.048761,0.064749,0.916764,1.233297,0.091255,0.00000000,0.00000000,-3.383546,-0.192596,-2.308771,-3.357201,-0.023335,-2.321531,0.171299,0.012760
94.055000,0.015160,0.099,9.586667,1.144408,12.048761,0.064749,0.912801,1.204402,0.198154,0.00000000,0.00000000,-3.393321,-0.202297,-2.290711,-3.370403,-0.036169,-2.297032,0.167702,0.006321
94.075000,0.015160,0.120,31.981386,1.201207,12.772156,0.064780,0.908685,1.187750,0.205787,0.00000000,0.00000000,-3.405402,-0.215290,-2.267118,-3.382240,-0.048973,-2.274200,0.167922,0.007082
94.095000,0.015955,0.018,31.981386,1.201207,12.772156,0.064780,0.881653,1.193235,1.351609,0.00000000,0.00000000,-3.416826,-0.228719,-2.243356,-3.393827,-0.062427,-2.249956,0.167875,0.006600
94.115000,0.015955,0.092,16.334868,1.149883,12.864688,0.064525,0.895633,1.181911,0.698991,0.00000000,0.00000000,-3.428104,-0.242970,-2.219182,-3.405654,-0.076662,-2.225994,0.167816,0.006811
94.145000,0.090245,0.003,0.873389,1.181028,12.768630,0.063748,0.922668,1.196902,1.351768,0.00000000,0.00000000,-3.445366,-0.264808,-2.183542,-3.417086,-0.091137,-2.202220,0.175958,0.018679
94.160000,0.090245,0.037,0.873389,1.181028,12.768630,0.063748,0.925917,1.201562,0.162437,0.00000000,0.00000000,-3.453351,-0.276165,-2.165068,-3.428066,-0.106007,-2.177828,0.172026,0.012760
94.175000,0.090245,0.059,6.688878,1.205598,12.786573,0.063134,0.921145,1.212988,0.238615,0.00000000,0.00000000,-3.461142,-0.287598,-2.146418,-3.438558,-0.121237,-2.153165,0.167886,0.006747
94.190000,0.090245,0.080,6.688878,1.205598,12.786573,0.063134,0.917478,1.259183,0.183359,0.00000000,0.00000000,-3.468932,-0.299453,-2.127541,-3.449192,-0.136875,-2.127000,0.163772,0.000541
94.225000,0.090245,0.105,9.425457,1.309370,12.879097,0.063863,0.936385,-122.617443,0.945346,0.00000000,0.00000000,-3.486644,-0.327015,-2.082360,-3.459481,-0.152612,-2.100872,0.176505,0.018511
94.240000,0.090245,0.131,9.484810,1.118479,12.878922,0.063529,0.926530,-122.662486,0.492726,0.00000000,0.00000000,-3.493855,-0.338627,-2.065312,-3.469364,-0.167947,-2.078071,0.172428,0.012759
94.255000,0.018800,0.031,9.484810,1.118479,12.878922,0.063529,0.921982,-122.695965,0.227401,0.00000000,0.00000000,-3.500708,-0.350668,-2.047156,-3.478991,-0.184035,-2.053547,0.168043,0.006392
94.275000,0.090764,0.009,9.529004,1.203101,12.880169,0.062235,0.931182,1.201799,0.459988,0.00000000,0.00000000,-3.510498,-0.367135,-2.022968,-3.488478,-0.200301,-2.029584,0.168282,0.006616
94.295000,0.090764,0.038,9.586304,1.176829,12.880567,0.062043,0.940559,1.222424,0.468848,0.00000000,0.00000000,-3.518695,-0.383566,-1.998535,-3.496862,-0.216707,-2.005294,0.168281,0.006759
94.320000,0.090764,0.076,9.586304,1.176829,12.880567,0.062043,0.906908,1.209979,1.682518,0.00000000,0.00000000,-3.528426,-0.403858,-1.968627,-3.504764,-0.232732,-1.981387,0.172754,0.012760
94.335000,0.090764,0.109,9.638322,1.257414,12.969976,0.063027,0.907249,1.218722,0.017021,0.00000000,0.00000000,-3.534220,-0.416015,-1.950243,-3.512724,-0.248878,-1.956581,0.168514,0.006337
94.365000,0.090764,0.133,9.638322,1.257414,12.969976,0.063027,0.894913,1.235512,0.616815,0.00000000,0.00000000,-3.545261,-0.441029,-1.912723,-3.520299,-0.265399,-1.931322,0.177395,0.018599
94.380000,0.020418,0.001,9.529585,1.134655,12.966139,0.063239,0.922160,1.236566,1.362380,0.00000000,0.00000000,-3.549898,-0.454041,-1.894974,-3.526875,-0.282636,-1.907734,0.172944,0.012759
94.395000,0.020418,0.022,9.529585,1.134655,12.966139,0.063239,0.921008,1.200784,0.057627,0.00000000,0.00000000,-3.554081,-0.467264,-1.877025,-3.532604,-0.300229,-1.883722,0.168410,0.006697
94.415000,0.020418,0.049,5.630968,1.154693,11.915993,0.061597,0.924577,1.176342,0.178478,0.00000000,0.00000000,-3.559854,-0.484994,-1.853369,-3.538481,-0.317851,-1.860416,0.168504,0.007047
94.445000,0.020418,0.069,9.448211,1.144042,11.917554,0.060715,0.935106,1.193185,0.526454,0.00000000,0.00000000,-3.567737,-0.511898,-1.817794,-3.544061,-0.335925,-1.836399,0.177559,0.018605
94.455000,0.024149,0.020,9.448211,1.144042,11.917554,0.060715,0.932496,1.192597,0.130538,0.00000000,0.00000000,-3.570199,-0.520641,-1.805721,-3.549233,-0.353467,-1.812606,0.168484,0.006885
94.475000,0.024149,0.053,8.038010,1.154945,11.970613,0.060797,0.914509,1.195999,0.899307,0.00000000,0.00000000,-3.575140,-0.538790,-1.781939,-3.554418,-0.371601,-1.788741,0.168468,0.006803
94.495000,0.024149,0.070,8.038010,1.154945,11.970613,0.060797,0.924916,1.210138,0.520314,0.00000000,0.00000000,-3.579420,-0.556819,-1.757281,-3.558778,-0.389565,-1.763930,0.168522,0.006649
94.520000,0.022175,0.031,11.184200,1.167903,11.934737,0.060148,0.926654,1.193111,0.086921,0.00000000,0.00000000,-3.584444,-0.579606,-1.728160,-3.563020,-0.407751,-1.740919,0.173186,0.012759
94.540000,0.022175,0.049,17.611636,1.176762,12.049338,0.059516,0.931515,1.175708,0.243064,0.00000000,0.00000000,-3.587521,-0.597556,-1.703930,-3.566326,-0.425660,-1.716689,0.173198,0.012759
94.555000,0.022175,0.079,17.611636,1.176762,12.049338,0.059516,0.910866,1.211360,1.032462,0.00000000,0.00000000,-3.589588,-0.611046,-1.685747,-3.569298,-0.443608,-1.692430,0.168663,0.006683
94.585000,0.023186,0.030,33.265928,1.119135,12.889991,0.059992,0.920629,1.219484,0.488157,0.00000000,0.00000000,-3.593420,-0.638580,-1.649479,-3.572060,-0.462020,-1.667956,0.177847,0.018477
94.605000,0.023186,0.056,3.663400,1.158909,12.807410,0.059769,0.923499,1.191646,0.143487,0.00000000,0.00000000,-3.595163,-0.656857,-1.625960,-3.574340,-0.480299,-1.644801,0.177781,0.018840
94.620000,0.023186,0.074,3.663400,1.158909,12.807410,0.059769,0.922924,1.190842,0.028728,0.00000000,0.00000000,-3.595829,-0.670612,-1.607907,-3.575566,-0.498604,-1.620666,0.173198,0.012759
94.635000,0.026504,0.016,9.437400,1.249076,12.806656,0.060624,0.924618,1.218790,0.084696,0.00000000,0.00000000,-3.596484,-0.684341,-1.589086,-3.576729,-0.517006,-1.595470,0.168497,0.006384
94.650000,0.026504,0.036,9.437400,1.249076,12.806656,0.060624,0.925997,1.247955,0.068953,0.00000000,0.00000000,-3.597080,-0.698309,-1.570058,-3.577328,-0.535535,-1.570389,0.163968,0.000331
94.685000,0.026504,0.069,26.440218,1.155031,13.303748,0.060249,0.924790,1.251951,0.060355,0.00000000,0.00000000,-3.597712,-0.730635,-1.527391,-3.578123,-0.553993,-1.545984,0.177725,0.018593
94.700000,0.026504,0.087,9.449087,1.085759,13.302968,0.060860,0.919429,1.195044,0.268073,0.00000000,0.00000000,-3.597734,-0.744436,-1.510140,-3.578413,-0.572398,-1.522899,0.173120,0.012759
94.715000,0.025959,0.021,9.449087,1.085759,13.302968,0.060860,0.907414,1.159980,0.600746,0.00000000,0.00000000,-3.597541,-0.758104,-1.492971,-3.578511,-0.590459,-1.499885,0.168721,0.006914
94.745000,0.025959,0.044,2.733260,1.125544,13.304967,0.061233,0.902619,1.163696,0.239756,0.00000000,0.00000000,-3.596365,-0.784829,-1.457626,-3.577883,-0.608287,-1.476286,0.177508,0.018660
94.760000,0.025959,0.073,2.733260,1.125544,13.304967,0.061233,0.902731,1.183276,0.005595,0.00000000,0.00000000,-3.594958,-0.798565,-1.439484,-3.576327,-0.626558,-1.452243,0.173013,0.012759
94.775000,0.025926,0.011,9.580286,1.166209,13.307223,0.056574,0.908248,1.209449,0.275853,0.00000000,0.00000000,-3.593202,-0.812176,-1.421442,-3.574143,-0.644671,-1.428144,0.168586,0.006702
94.805000,0.025926,0.039,5.930909,1.180900,13.262176,0.056381,0.917978,1.212391,0.486507,0.00000000,0.00000000,-3.589422,-0.839249,-1.385446,-3.571955,-0.662763,-1.404032,0.177348,0.018587
94.820000,0.025926,0.058,5.930909,1.180900,13.262176,0.056381,0.903074,1.199387,0.745214,0.00000000,0.00000000,-3.586942,-0.852730,-1.367265,-3.569003,-0.680820,-1.380024,0.172843,0.012759
94.840000,0.027722,0.018,14.748426,1.195784,13.309516,0.054488,0.928762,1.191965,1.284428,0.00000000,0.00000000,-3.583427,-0.871145,-1.343599,-3.565723,-0.699278,-1.356358,0.172776,0.012759
94.850000,0.027722,0.039,14.748426,1.195784,13.309516,0.054488,0.942543,1.185416,0.689033,0.00000000,0.00000000,-3.581380,-0.880513,-1.331245,-3.562110,-0.717970,-1.332897,0.163681,0.001653
94.870000,0.027722,0.058,4.147717,1.087119,13.330588,0.054421,0.943405,1.144281,0.043102,0.00000000,0.00000000,-3.577753,-0.899062,-1.309015,-3.558535,-0.736468,-1.310753,0.163725,0.001738
94.890000,0.024305,0.007,4.095594,1.219273,13.217801,0.054081,0.941443,1.119714,0.098103,0.00000000,0.00000000,-3.573712,-0.917174,-1.286627,-3.554528,-0.754793,-1.287758,0.163510,0.001131
94.915000,0.024305,0.057,4.095594,1.219273,13.217801,0.054081,0.923121,1.162398,0.916113,0.00000000,0.00000000,-3.567962,-0.939758,-1.256884,-3.549897,-0.772695,-1.263288,0.168036,0.006404
94.935000,0.024305,0.078,7.903401,1.155126,13.271400,0.054109,0.943211,1.201932,1.004535,0.00000000,0.00000000,-3.563308,-0.958340,-1.232497,-3.545493,-0.791200,-1.239267,0.168087,0.006770
94.955000,0.024305,0.103,7.903401,1.155126,13.271400,0.054109,0.940080,1.197198,0.156584,0.00000000,0.00000000,-3.558270,-0.976037,-1.208359,-3.540600,-0.808895,-1.215429,0.168073,0.007070
94.980000,0.025791,0.013,9.497708,1.096502,13.271566,0.054997,0.912988,1.166598,1.354604,0.00000000,0.00000000,-3.551194,-0.997805,-1.180042,-3.535108,-0.826340,-1.192801,0.172218,0.012760
94.995000,0.025791,0.035,9.497708,1.096502,13.271566,0.054997,0.901872,1.149987,0.555789,0.00000000,0.00000000,-3.546548,-1.010328,-1.163030,-3.529250,-0.843258,-1.170186,0.167964,0.007156
95.010000,0.025791,0.062,30.017910,1.202899,13.787498,0.053879,0.901324,1.175584,0.027382,0.00000000,0.00000000,-3.542058,-1.023091,-1.145638,-3.523124,-0.860355,-1.145505,0.163834,0.000133
95.030000,0.025791,0.086,11.009612,1.109625,13.749084,0.053245,0.907260,1.232204,0.296803,0.00000000,0.00000000,-3.535521,-1.040584,-1.119419,-3.516878,-0.878028,-1.119862,0.163621,0.000442
95.050000,0.026597,0.015,11.009612,1.109625,13.749084,0.053245,0.902870,1.215534,0.219495,0.00000000,0.00000000,-3.528573,-1.057234,-1.096252,-3.509425,-0.893978,-1.097856,0.164375,0.001604
95.070000,0.026597,0.044,9.648132,1.128924,13.804775,0.047144,0.894197,1.153327,0.433646,0.00000000,0.00000000,-3.520464,-1.073306,-1.073459,-3.501130,-0.910333,-1.074639,0.164116,0.001180
95.090000,0.026597,0.064,8.894011,1.243639,13.812011,0.047964,0.911284,1.193954,0.854342,0.00000000,0.00000000,-3.511745,-1.089169,-1.050139,-3.492506,-0.926494,-1.049726,0.163809,0.000413
95.115000,0.024670,0.011,8.894011,1.243639,13.812011,0.047964,0.904062,1.248930,0.361097,0.00000000,0.00000000,-3.500556,-1.108783,-1.017671,-3.483692,-0.941741,-1.024108,0.167890,0.006437
95.145000,0.024670,0.037,9.485687,1.227046,13.905426,0.047992,0.886527,1.279565,0.876789,0.00000000,0.00000000,-3.486976,-1.131517,-0.979808,-3.474863,-0.956869,-0.998807,0.175068,0.018999
95.165000,0.024670,0.056,9.485687,1.227046,13.905426,0.047992,0.890124,1.260826,0.179891,0.00000000,0.00000000,-3.477441,-1.146969,-0.954334,-3.465623,-0.972537,-0.973521,0.174831,0.019187
95.180000,0.025253,0.018,1.720484,1.163290,13.864802,0.046775,0.899466,1.254894,0.467068,0.00000000,0.00000000,-3.469766,-1.158323,-0.935901,-3.455735,-0.987884,-0.948661,0.171016,0.012759
95.195000,0.025253,0.043,1.441823,1.214657,13.773180,0.047072,0.918180,1.252426,0.935714,0.00000000,0.00000000,-3.461858,-1.169691,-0.917390,-3.445378,-1.003168,-0.923978,0.167336,0.006588
95.210000,0.025253,0.065,1.441823,1.214657,13.773180,0.047072,0.914847,1.206447,0.166643,0.00000000,0.00000000,-3.453931,-1.180910,-0.899211,-3.434924,-1.018028,-0.900480,0.163987,0.001269
95.245000,0.022075,0.052,0.581462,1.172500,13.775346,0.046830,0.900935,1.174406,0.695616,0.00000000,0.00000000,-3.434867,-1.206516,-0.858306,-3.424197,-1.032603,-0.877210,0.174240,0.018904
95.265000,0.022075,0.073,0.581462,1.172500,13.775346,0.046830,0.916060,1.193515,0.756268,0.00000000,0.00000000,-3.423121,-1.220904,-0.833593,-3.412856,-1.047524,-0.852547,0.173683,0.018953
95.285000,0.022075,0.095,9.557996,1.109804,13.875013,0.047474,0.917597,1.197392,0.076859,0.00000000,0.00000000,-3.411394,-1.235592,-0.811335,-3.401213,-1.062185,-0.829532,0.173705,0.018197
95.300000,0.022075,0.143,9.494526,1.057620,13.955333,0.050048,0.921118,1.142503,0.176012,0.00000000,0.00000000,-3.402458,-1.246087,-0.795131,-3.389553,-1.076500,-0.807891,0.170078,0.012760
95.310000,0.022075,0.165,9.494526,1.057620,13.955333,0.050048,0.918949,1.101499,0.108442,0.00000000,0.00000000,-3.396456,-1.252965,-0.784323,-3.377731,-1.090025,-0.786009,0.164013,0.001685
95.345000,0.022337,0.021,18.791835,1.279079,14.054444,0.052231,0.904833,1.147164,0.705791,0.00000000,0.00000000,-3.375016,-1.275844,-0.742484,-3.365521,-1.103491,-0.761607,0.172614,0.019123
95.365000,0.022337,0.037,9.449220,1.207552,14.051225,0.052229,0.889548,1.220717,0.764234,0.00000000,0.00000000,-3.362662,-1.288016,-0.717294,-3.353353,-1.115864,-0.736328,0.172404,0.019034
95.380000,0.024972,0.001,9.449220,1.207552,14.051225,0.052229,0.868650,1.267697,1.044887,0.00000000,0.00000000,-3.353698,-1.297100,-0.698833,-3.341447,-1.128131,-0.711593,0.169413,0.012759
95.400000,0.024972,0.022,11.401362,1.262477,13.997810,0.053749,0.861503,1.196870,0.357366,0.00000000,0.00000000,-3.340641,-1.308516,-0.676485,-3.328537,-1.139712,-0.689243,0.169238,0.012758
95.415000,0.024972,0.045,11.401362,1.262477,13.997810,0.053749,0.869997,1.186298,0.424691,0.00000000,0.00000000,-3.330111,-1.317415,-0.657519,-3.314931,-1.151830,-0.664519,0.166278,0.006999
95.435000,0.133841,0.036,1.327028,1.037187,13.898198,0.056153,0.891765,1.167790,1.088406,0.00000000,0.00000000,-3.316992,-1.328626,-0.634870,-3.301720,-1.162722,-0.642235,0.166605,0.007365
95.465000,0.133841,0.056,1.327028,1.037187,13.898198,0.056153,0.874597,1.153074,0.858419,0.00000000,0.00000000,-3.295521,-1.344546,-0.600031,-3.287521,-1.173489,-0.619019,0.171244,0.018988
95.485000,0.133841,0.083,16.154572,1.194230,13.960164,0.056221,0.883811,1.168140,0.460699,0.00000000,0.00000000,-3.280621,-1.355011,-0.576358,-3.272826,-1.184201,-0.594890,0.170988,0.018532
95.500000,0.021762,0.037,5.534900,1.126079,13.897291,0.056253,0.919073,1.199781,1.763130,0.00000000,0.00000000,-3.269314,-1.362654,-0.558814,-3.257907,-1.194755,-0.571573,0.168286,0.012759
95.510000,0.021762,0.061,5.534900,1.126079,13.897291,0.056253,0.920592,1.162977,0.075960,0.00000000,0.00000000,-3.261607,-1.367486,-0.547122,-3.242427,-1.205537,-0.548539,0.163081,0.001417
95.530000,0.021762,0.083,5.767437,1.073415,13.951067,0.057761,0.939653,1.135486,0.953038,0.00000000,0.00000000,-3.245768,-1.378652,-0.524461,-3.226767,-1.216368,-0.526237,0.163392,0.001776
95.565000,0.020941,0.006,23.654088,1.232284,13.718049,0.058167,0.941487,1.101420,0.091683,0.00000000,0.00000000,-3.218566,-1.396966,-0.486755,-3.211460,-1.227019,-0.504768,0.170095,0.018014
95.575000,0.020941,0.044,23.654088,1.232284,13.718049,0.058167,0.932534,1.149129,0.447667,0.00000000,0.00000000,-3.210470,-1.401632,-0.473974,-3.195566,-1.236956,-0.479962,0.165349,0.005988
95.595000,0.020941,0.069,9.493486,1.234461,13.819624,0.058912,0.947627,1.246849,0.754680,0.00000000,0.00000000,-3.194102,-1.411800,-0.446498,-3.179121,-1.247076,-0.452862,0.165404,0.006364
95.610000,0.020941,0.092,9.493486,1.234461,13.819624,0.058912,0.944335,1.318988,0.164595,0.00000000,0.00000000,-3.181490,-1.418053,-0.427179,-3.162816,-1.255468,-0.427594,0.163654,0.000414
95.640000,0.021117,0.024,10.512958,1.201910,13.863816,0.058736,0.917749,1.259218,1.329291,0.00000000,0.00000000,-3.156990,-1.429968,-0.390467,-3.146451,-1.263498,-0.403226,0.166804,0.012759
95.660000,0.021117,0.046,8.598059,1.077668,12.791492,0.058807,0.919180,1.209425,0.071532,0.00000000,0.00000000,-3.139841,-1.437425,-0.366718,-3.129398,-1.271172,-0.379478,0.166580,0.012760
95.675000,0.021117,0.069,8.598059,1.077668,12.791492,0.058807,0.921560,1.175366,0.118992,0.00000000,0.00000000,-3.127444,-1.442772,-0.349776,-3.112948,-1.278179,-0.356977,0.165230,0.007201
95.695000,0.019411,0.026,9.411472,1.183473,12.788410,0.058740,0.914073,1.168233,0.374328,0.00000000,0.00000000,-3.110672,-1.448840,-0.326991,-3.096049,-1.284740,-0.333623,0.164750,0.006632
95.725000,0.019411,0.045,9.411472,1.183473,12.788410,0.058740,0.902323,1.173765,0.587514,0.00000000,0.00000000,-3.084814,-1.457987,-0.291109,-3.079025,-1.290688,-0.309805,0.167399,0.018696
95.740000,0.019411,0.076,1.673050,1.131041,12.043507,0.058801,0.925131,1.182295,1.140412,0.00000000,0.00000000,-3.071572,-1.462260,-0.273709,-3.061452,-1.296876,-0.286469,0.165693,0.012760
95.755000,0.019411,0.093,9.385667,1.196929,11.929572,0.058880,0.918690,1.166421,0.322042,0.00000000,0.00000000,-3.058328,-1.466439,-0.256364,-3.043863,-1.302665,-0.263340,0.164411,0.006976
95.775000,0.020997,0.038,9.385667,1.196929,11.929572,0.058880,0.905145,1.195617,0.677277,0.00000000,0.00000000,-3.041003,-1.471621,-0.231874,-3.026716,-1.307939,-0.238395,0.164304,0.006520
95.795000,0.020997,0.063,8.547070,1.228021,11.981830,0.059438,0.912569,1.234032,0.371209,0.00000000,0.00000000,-3.023691,-1.476521,-0.206922,-3.009217,-1.313285,-0.213367,0.163877,0.006445
95.825000,0.020997,0.086,8.547070,1.228021,11.981830,0.059438,0.917917,1.191629,0.267418,0.00000000,0.00000000,-2.996942,-1.483635,-0.172499,-2.991411,-1.318172,-0.191328,0.165555,0.018828
95.840000,0.022365,0.028,9.599558,1.201378,12.036314,0.059390,0.925690,1.177132,0.388629,0.00000000,0.00000000,-2.983157,-1.487221,-0.154344,-2.973363,-1.322964,-0.167104,0.164549,0.012760
95.855000,0.022365,0.049,0.302459,1.123909,11.955007,0.056267,0.922409,1.194872,0.164030,0.00000000,0.00000000,-2.969607,-1.490147,-0.136480,-2.955346,-1.327086,-0.143286,0.163683,0.006806
95.875000,0.022365,0.070,0.302459,1.123909,11.955007,0.056267,0.921773,1.178523,0.031813,0.00000000,0.00000000,-2.951699,-1.493632,-0.113245,-2.937566,-1.330559,-0.120155,0.163684,0.006910
95.895000,0.023274,0.037,9.438421,1.139524,11.954228,0.055987,0.905607,1.171261,0.808326,0.00000000,0.00000000,-2.933935,-1.496391,-0.089709,-2.919800,-1.333403,-0.096481,0.163600,0.006772
95.925000,0.023274,0.058,9.438421,1.139524,11.954228,0.055987,0.908593,1.179444,0.149299,0.00000000,0.00000000,-2.906805,-1.499082,-0.053962,-2.901718,-1.335399,-0.072711,0.163762,0.018749
95.945000,0.023274,0.082,0.709843,1.170331,11.868620,0.055746,0.902675,1.193684,0.295860,0.00000000,0.00000000,-2.888601,-1.499931,-0.030027,-2.883499,-1.336692,-0.048749,0.163319,0.018722
95.960000,0.022723,0.022,32.179873,1.181404,12.561302,0.055768,0.914629,1.208238,0.597696,0.00000000,0.00000000,-2.874739,-1.500269,-0.011781,-2.865119,-1.337393,-0.024540,0.163159,0.012758
95.970000,0.022723,0.044,32.179873,1.181404,12.561302,0.055768,0.923771,1.202337,0.457097,0.00000000,0.00000000,-2.865250,-1.500562,0.000407,-2.846458,-1.338304,-0.000575,0.163342,0.000982
95.990000,0.022723,0.068,9.484865,1.058417,12.558577,0.056197,0.921029,1.167788,0.137127,0.00000000,0.00000000,-2.847064,-1.501168,0.023358,-2.828475,-1.338760,0.021494,0.163468,0.001864
96.010000,0.022723,0.092,0.372268,1.216282,12.461501,0.056564,0.901836,1.145265,0.959659,0.00000000,0.00000000,-2.829107,-1.500947,0.045452,-2.810332,-1.338401,0.044579,0.163627,0.000873
96.040000,0.021771,0.038,0.372268,1.216282,12.461501,0.056564,0.904687,1.173100,0.142566,0.00000000,0.00000000,-2.801569,-1.499769,0.082016,-2.791949,-1.337827,0.069256,0.162227,0.012759
96.060000,0.021771,0.062,4.641566,1.127472,12.450512,0.056778,0.925704,1.195383,1.050848,0.00000000,0.00000000,-2.782754,-1.498272,0.105068,-2.773117,-1.336570,0.092308,0.161989,0.012760
96.075000,0.021771,0.077,4.641566,1.127472,12.450512,0.056778,0.926023,1.191028,0.015947,0.00000000,0.00000000,-2.769239,-1.496777,0.123320,-2.755090,-1.335034,0.116304,0.162360,0.007017
96.095000,0.020645,0.018,9.485209,1.138168,12.451181,0.056823,0.917809,1.185336,0.410712,0.00000000,0.00000000,-2.751348,-1.495310,0.146726,-2.737205,-1.333658,0.139857,0.162270,0.006869
96.120000,0.020645,0.043,9.393079,1.134585,12.515241,0.056952,0.889855,1.180928,1.397690,0.00000000,0.00000000,-2.729094,-1.492934,0.175634,-2.719392,-1.331917,0.162875,0.161309,0.012759
96.140000,0.020645,0.067,9.393079,1.134585,12.515241,0.056952,0.894787,1.160126,0.246617,0.00000000,0.00000000,-2.711298,-1.490763,0.199116,-2.701570,-1.329973,0.186358,0.161083,0.012758
96.155000,0.019632,0.017,9.633171,1.191669,12.530478,0.057094,0.909764,1.225334,0.748835,0.00000000,0.00000000,-2.697222,-1.488553,0.219077,-2.682950,-1.327089,0.212494,0.162094,0.006583
96.170000,0.019632,0.036,9.633171,1.191669,12.530478,0.057094,0.917013,1.246208,0.362466,0.00000000,0.00000000,-2.683731,-1.485684,0.237450,-2.665133,-1.323090,0.236721,0.163654,0.000729
96.190000,0.019632,0.063,6.338636,1.228179,12.343669,0.057791,0.927889,1.236727,0.543784,0.00000000,0.00000000,-2.665692,-1.481350,0.261608,-2.646758,-1.318790,0.261333,0.163659,0.000275
96.210000,0.019632,0.082,9.518883,1.219351,11.499965,0.057937,0.947469,1.264302,0.979011,0.00000000,0.00000000,-2.647585,-1.476443,0.286768,-2.627972,-1.314412,0.287399,0.163214,0.000631
96.235000,0.021079,0.008,9.518883,1.219351,11.499965,0.057937,0.964221,1.274013,0.837603,0.00000000,0.00000000,-2.623915,-1.469872,0.318891,-2.609350,-1.308666,0.312298,0.161863,0.006593
96.265000,0.021079,0.038,5.351240,1.151133,11.514045,0.057966,0.961857,1.243651,0.118184,0.00000000,0.00000000,-2.597582,-1.460900,0.355078,-2.591756,-1.303023,0.336307,0.157984,0.018772
96.280000,0.021079,0.059,5.351240,1.151133,11.514045,0.057966,0.930977,1.214222,1.543997,0.00000000,0.00000000,-2.584477,-1.456455,0.373692,-2.574323,-1.297286,0.360932,0.159492,0.012759
96.300000,0.021079,0.097,2.759890,1.159057,11.446357,0.056739,0.917303,1.227107,0.683746,0.00000000,0.00000000,-2.567170,-1.449904,0.398296,-2.556933,-1.290957,0.385536,0.159276,0.012761
96.320000,0.018658,0.016,24.540560,1.112161,11.361265,0.057192,0.923483,1.194732,0.309002,0.00000000,0.00000000,-2.550547,-1.442615,0.420565,-2.540218,-1.283880,0.407805,0.159070,0.012760
96.335000,0.018658,0.040,24.540560,1.112161,11.361265,0.057192,0.897511,1.134786,1.298596,0.00000000,0.00000000,-2.538070,-1.437549,0.437653,-2.523521,-1.277247,0.430671,0.160961,0.006983
96.365000,0.018658,0.061,2.381284,1.206325,11.286403,0.056411,0.916738,1.161942,0.961350,0.00000000,0.00000000,-2.512847,-1.426161,0.474004,-2.506587,-1.269835,0.454859,0.156452,0.019145
96.385000,0.017294,0.022,2.381284,1.206325,11.286403,0.056411,0.909592,1.199177,0.357270,0.00000000,0.00000000,-2.496907,-1.417972,0.497749,-2.490228,-1.261955,0.479060,0.156159,0.018689
96.400000,0.017294,0.044,18.786693,1.170999,11.574241,0.056123,0.916489,1.219234,0.344838,0.00000000,0.00000000,-2.484819,-1.411442,0.515825,-2.474098,-1.253549,0.503066,0.158257,0.012759
96.420000,0.017294,0.066,2.902973,1.160004,11.486305,0.056131,0.920832,1.220331,0.217147,0.00000000,0.00000000,-2.468296,-1.402358,0.541001,-2.457461,-1.244676,0.528242,0.158054,0.012759
96.435000,0.018650,0.021,2.902973,1.160004,11.486305,0.056131,0.931323,1.239746,0.524566,0.00000000,0.00000000,-2.456215,-1.395411,0.559726,-2.441358,-1.235491,0.553163,0.160608,0.006564
96.465000,0.018650,0.042,26.788254,1.184274,12.001948,0.056150,0.929287,1.233992,0.101829,0.00000000,0.00000000,-2.432414,-1.381134,0.596639,-2.425298,-1.226216,0.577809,0.155080,0.018830
96.485000,0.018650,0.066,26.788254,1.184274,12.001948,0.056150,0.918896,1.235678,0.519519,0.00000000,0.00000000,-2.416618,-1.371670,0.620907,-2.409368,-1.216971,0.602084,0.154868,0.018823
96.500000,0.019832,0.014,44.247955,1.166287,13.294134,0.055994,0.916067,1.196385,0.141443,0.00000000,0.00000000,-2.404971,-1.364605,0.638607,-2.393659,-1.207734,0.625849,0.157278,0.012759
96.520000,0.019832,0.036,9.516613,1.210324,13.365587,0.055178,0.909504,1.205701,0.328191,0.00000000,0.00000000,-2.389785,-1.354632,0.663481,-2.378347,-1.197956,0.650722,0.157093,0.012759
96.540000,0.132039,0.001,9.516613,1.210324,13.365587,0.055178,0.913149,1.246246,0.182281,0.00000000,0.00000000,-2.374805,-1.344243,0.689002,-2.363236,-1.187759,0.676243,0.156911,0.012760
96.555000,0.132039,0.049,1.889661,1.176614,13.372942,0.054712,0.900390,1.251171,0.637985,0.00000000,0.00000000,-2.363871,-1.335637,0.707417,-2.348598,-1.176404,0.700790,0.159964,0.006627
96.585000,0.132039,0.076,0.257208,1.176866,13.302344,0.054698,0.926343,1.218943,1.297653,0.00000000,0.00000000,-2.342868,-1.318037,0.743394,-2.334442,-1.164899,0.724648,0.153369,0.018746
96.600000,0.132039,0.103,0.257208,1.176866,13.302344,0.054698,0.922551,1.202073,0.189579,0.00000000,0.00000000,-2.332678,-1.308856,0.761437,-2.320660,-1.152912,0.748678,0.156406,0.012760
96.615000,0.021416,0.012,9.586079,1.169030,13.303881,0.053738,0.909977,1.198738,0.628689,0.00000000,0.00000000,-2.322832,-1.299402,0.779456,-2.307472,-1.140438,0.772699,0.159704,0.006757
96.645000,0.021416,0.031,9.586079,1.169030,13.303881,0.053738,0.907787,1.198243,0.109492,0.00000000,0.00000000,-2.303799,-1.280141,0.815505,-2.294668,-1.127779,0.796831,0.152635,0.018674
96.660000,0.021416,0.067,3.813766,1.215170,12.692975,0.053918,0.908570,1.251974,0.269971,0.00000000,0.00000000,-2.294152,-1.270329,0.833758,-2.281646,-1.114880,0.820999,0.155951,0.012759
96.680000,0.021416,0.078,9.538118,1.304133,12.711117,0.056407,0.908570,1.251974,0.269971,0.00000000,0.00000000,-2.281411,-1.256950,0.860582,-2.268735,-1.101664,0.847822,0.155802,0.012760
96.695000,0.021416,0.103,9.538118,1.304133,12.711117,0.056407,0.905157,1.307974,0.170659,0.00000000,0.00000000,-2.272352,-1.247332,0.880592,-2.256501,-1.088991,0.874506,0.159132,0.006086
96.710000,0.021949,0.012,9.504287,1.230181,12.708702,0.056587,0.896046,1.310412,0.455531,0.00000000,0.00000000,-2.263029,-1.237714,0.900648,-2.244104,-1.075396,0.899960,0.163417,0.000688
96.730000,0.021949,0.032,9.504287,1.230181,12.708702,0.056587,0.922822,1.289203,1.338814,0.00000000,0.00000000,-2.251295,-1.223085,0.925331,-2.232192,-1.060992,0.925263,0.163215,0.000068
96.765000,0.024861,0.031,9.584217,1.127364,12.745122,0.056129,0.934363,1.228231,0.577047,0.00000000,0.00000000,-2.231257,-1.197488,0.967734,-2.220565,-1.046564,0.948959,0.151303,0.018774
96.785000,0.024861,0.057,3.926716,1.184762,12.679650,0.055628,0.933164,1.207904,0.059948,0.00000000,0.00000000,-2.220205,-1.182438,0.991671,-2.209249,-1.031664,0.972896,0.151172,0.018775
96.805000,0.024861,0.075,3.926716,1.184762,12.679650,0.055628,0.915587,1.186060,0.878859,0.00000000,0.00000000,-2.210024,-1.167364,1.015749,-2.198798,-1.016736,0.996968,0.151046,0.018780
96.820000,0.024861,0.121,9.574777,1.199227,12.762222,0.055737,0.917223,1.197114,0.081791,0.00000000,0.00000000,-2.202842,-1.155866,1.033788,-2.188883,-1.001591,1.021028,0.154905,0.012759
96.830000,0.025058,0.015,9.574777,1.199227,12.762222,0.055737,0.912671,1.215316,0.227580,0.00000000,0.00000000,-2.197994,-1.148020,1.046088,-2.179081,-0.985887,1.045666,0.163233,0.000422
96.865000,0.025058,0.038,3.018685,1.069757,12.769199,0.057248,0.927907,1.187176,0.761785,0.00000000,0.00000000,-2.181104,-1.120535,1.086860,-2.169100,-0.970419,1.068525,0.150595,0.018335
96.885000,0.025058,0.060,9.480727,1.145262,12.846615,0.057353,0.917335,1.149128,0.528606,0.00000000,0.00000000,-2.172248,-1.104603,1.109589,-2.159697,-0.954823,1.090876,0.150305,0.018713
96.895000,0.025058,0.100,9.480727,1.145262,12.846615,0.057353,0.909762,1.141746,0.378620,0.00000000,0.00000000,-2.168249,-1.096348,1.121481,-2.151489,-0.938416,1.114661,0.158819,0.006821
96.910000,0.020896,0.001,9.539358,0.976941,12.846327,0.062876,0.912438,1.124204,0.133788,0.00000000,0.00000000,-2.162065,-1.084038,1.138502,-2.142596,-0.922240,1.136091,0.162965,0.002412
96.930000,0.020896,0.023,9.539358,0.976941,12.846327,0.062876,0.921173,1.074786,0.436765,0.00000000,0.00000000,-2.153295,-1.067792,1.159094,-2.134176,-0.906048,1.156418,0.162870,0.002676
96.960000,0.020896,0.073,15.135997,1.088510,12.930309,0.061943,0.903673,1.055511,0.875016,0.00000000,0.00000000,-2.141667,-1.043513,1.190934,-2.126280,-0.890027,1.178175,0.154255,0.012759
96.980000,0.020896,0.095,9.380766,1.347732,12.749624,0.065080,0.902258,1.153027,0.070758,0.00000000,0.00000000,-2.133407,-1.026794,1.216693,-2.117807,-0.873416,1.203934,0.154170,0.012759
97.000000,0.020896,0.123,9.380766,1.347732,12.749624,0.065080,0.919932,1.257485,0.883710,0.00000000,0.00000000,-2.126097,-1.009793,1.242298,-2.110280,-0.856509,1.229539,0.154098,0.012759
97.020000,0.018922,0.031,1.647021,1.138803,12.676807,0.064977,0.919289,1.262993,0.032144,0.00000000,0.00000000,-2.120102,-0.992864,1.265933,-2.104070,-0.839659,1.253174,0.154042,0.012759
97.030000,0.018922,0.051,1.647021,1.138803,12.676807,0.064977,0.912702,1.172710,0.329370,0.00000000,0.00000000,-2.117261,-0.984223,1.277341,-2.098508,-0.822319,1.276116,0.162986,0.001225
97.050000,0.018922,0.071,9.443094,1.131711,12.652936,0.063726,0.916840,1.165070,0.206898,0.00000000,0.00000000,-2.111945,-0.966590,1.300407,-2.092467,-0.804613,1.299620,0.163145,0.000787
97.070000,0.018922,0.097,10.559074,1.171890,12.736299,0.061057,0.912120,1.178221,0.235999,0.00000000,0.00000000,-2.106782,-0.948865,1.324614,-2.087934,-0.787052,1.324074,0.162906,0.000540
97.095000,0.022240,0.027,10.559074,1.171890,12.736299,0.061057,0.929943,1.190885,0.891162,0.00000000,0.00000000,-2.100686,-0.926423,1.354589,-2.082555,-0.768948,1.347528,0.158515,0.007061
97.115000,0.022240,0.050,16.119875,1.212457,12.735435,0.061269,0.933998,1.202177,0.202726,0.00000000,0.00000000,-2.096488,-0.908273,1.378512,-2.078142,-0.750706,1.371967,0.158631,0.006544
97.135000,0.022240,0.072,16.119875,1.212457,12.735435,0.061269,0.954180,1.208818,1.009112,0.00000000,0.00000000,-2.092016,-0.889520,1.403184,-2.073945,-0.732066,1.396312,0.158488,0.006872
97.160000,0.024361,0.001,9.622998,1.197408,12.785545,0.061105,0.953842,1.231279,0.016906,0.00000000,0.00000000,-2.088017,-0.866058,1.433818,-2.070370,-0.713272,1.421059,0.153802,0.012759
97.180000,0.024361,0.021,9.306930,1.129815,12.828121,0.059828,0.925232,1.209262,1.430510,0.00000000,0.00000000,-2.085536,-0.848453,1.457319,-2.067664,-0.695700,1.444560,0.153795,0.012759
97.200000,0.024361,0.044,9.306930,1.129815,12.828121,0.059828,0.905110,1.213739,1.006082,0.00000000,0.00000000,-2.082835,-0.830438,1.481593,-2.064734,-0.677721,1.468834,0.153786,0.012759
97.215000,0.021470,0.024,9.500280,1.238967,12.446211,0.059973,0.911511,1.237170,0.320054,0.00000000,0.00000000,-2.080832,-0.816623,1.500748,-2.061841,-0.659336,1.494367,0.158429,0.006381
97.245000,0.021470,0.047,9.500280,1.238967,12.446211,0.059973,0.920990,1.235159,0.473938,0.00000000,0.00000000,-2.078181,-0.789732,1.536302,-2.059926,-0.641473,1.517587,0.149379,0.018715
97.265000,0.021470,0.069,9.713648,1.162402,12.449419,0.059287,0.902864,1.189028,0.906279,0.00000000,0.00000000,-2.076868,-0.771650,1.561056,-2.058487,-0.623895,1.541407,0.148894,0.019649
97.285000,0.022362,0.044,6.234163,1.303246,12.387718,0.062035,0.919926,1.265049,0.853068,0.00000000,0.00000000,-2.075929,-0.752003,1.588569,-2.056816,-0.604288,1.569114,0.148947,0.019455
97.290000,0.022362,0.064,6.234163,1.303246,12.387718,0.062035,0.951742,1.303472,1.590822,0.00000000,0.00000000,-2.076008,-0.747099,1.595257,-2.056821,-0.584890,1.595115,0.163340,0.000142
97.310000,0.022362,0.086,9.542296,1.220403,12.400574,0.060933,0.970282,1.295771,0.926983,0.00000000,0.00000000,-2.076386,-0.727985,1.620416,-2.057311,-0.565890,1.620115,0.163214,0.000300
97.330000,0.022362,0.106,5.776700,1.230362,12.368018,0.061428,0.941545,1.244459,1.436852,0.00000000,0.00000000,-2.077468,-0.709130,1.645243,-2.058258,-0.547044,1.644371,0.163220,0.000872
97.360000,0.024881,0.038,5.776700,1.230362,12.368018,0.061428,0.943411,1.234787,0.093326,0.00000000,0.00000000,-2.079267,-0.680710,1.682076,-2.059256,-0.528051,1.669317,0.153965,0.012759
97.375000,0.024881,0.062,9.606409,1.309114,12.434832,0.063882,0.964396,1.275741,1.049257,0.00000000,0.00000000,-2.080333,-0.666197,1.702281,-2.060672,-0.508745,1.696167,0.158675,0.006113
97.395000,0.024881,0.088,9.606409,1.309114,12.434832,0.063882,0.962836,1.317542,0.078004,0.00000000,0.00000000,-2.082964,-0.647295,1.728818,-2.063276,-0.489944,1.722116,0.158578,0.006703
97.425000,0.024588,0.014,6.746101,1.186493,12.409269,0.063839,0.947564,1.280790,0.763593,0.00000000,0.00000000,-2.087273,-0.620183,1.765526,-2.065819,-0.471914,1.746672,0.149813,0.018854
97.445000,0.024588,0.031,6.746101,1.186493,12.409269,0.063839,0.917022,1.238353,1.527113,0.00000000,0.00000000,-2.090355,-0.602001,1.789791,-2.068588,-0.453830,1.770991,0.149761,0.018800
97.465000,0.148760,0.004,13.426401,1.092964,12.496350,0.064539,0.913800,1.203405,0.161084,0.00000000,0.00000000,-2.094095,-0.584193,1.813315,-2.071907,-0.435784,1.794586,0.150058,0.018729
97.485000,0.148760,0.048,9.513318,1.154148,12.495041,0.064503,0.913926,1.188147,0.006284,0.00000000,0.00000000,-2.097964,-0.566627,1.837238,-2.075651,-0.418134,1.818463,0.150159,0.018775
97.505000,0.148760,0.067,9.513318,1.154148,12.495041,0.064503,0.907047,1.207203,0.343968,0.00000000,0.00000000,-2.101853,-0.548684,1.861680,-2.079485,-0.400534,1.842846,0.149829,0.018834
97.525000,0.148760,0.095,9.409914,1.346074,12.563228,0.068378,0.915434,1.249298,0.419346,0.00000000,0.00000000,-2.106797,-0.530793,1.887825,-2.083448,-0.382148,1.868814,0.150467,0.019011
97.540000,0.106769,0.008,3.407050,1.131403,12.503305,0.068481,0.919569,1.253709,0.206792,0.00000000,0.00000000,-2.110976,-0.517714,1.906168,-2.088883,-0.364663,1.893410,0.154637,0.012759
97.560000,0.106769,0.028,3.407050,1.131403,12.503305,0.068481,0.907984,1.214415,0.579276,0.00000000,0.00000000,-2.117424,-0.500994,1.929245,-2.095116,-0.347862,1.916485,0.154748,0.012759
97.580000,0.106769,0.050,13.146644,1.103643,12.640335,0.069284,0.915044,1.151795,0.352997,0.00000000,0.00000000,-2.123669,-0.483420,1.951653,-2.101137,-0.330210,1.938894,0.154858,0.012759
97.595000,0.106769,0.076,13.146644,1.103643,12.640335,0.069284,0.907123,1.123699,0.396062,0.00000000,0.00000000,-2.129154,-0.471384,1.968481,-2.108252,-0.314077,1.961318,0.158690,0.007162
97.620000,0.022317,0.039,6.037714,1.090437,11.818207,0.070351,0.910078,1.146173,0.147786,0.00000000,0.00000000,-2.138087,-0.450758,1.998222,-2.115137,-0.297366,1.985463,0.155099,0.012759
97.640000,0.022317,0.064,6.345917,1.055961,11.782102,0.070434,0.902097,1.186094,0.399067,0.00000000,0.00000000,-2.145409,-0.434170,2.022423,-2.122247,-0.280687,2.009664,0.155221,0.012759
97.655000,0.022317,0.084,6.345917,1.055961,11.782102,0.070434,0.916552,1.181687,0.722763,0.00000000,0.00000000,-2.150846,-0.421201,2.039611,-2.129250,-0.263495,2.032633,0.159177,0.006978
97.675000,0.020781,0.026,9.623885,1.168067,11.857868,0.070204,0.912179,1.158520,0.218661,0.00000000,0.00000000,-2.158422,-0.404755,2.063083,-2.136894,-0.247028,2.056387,0.159190,0.006696
97.690000,0.020781,0.049,9.623885,1.168067,11.857868,0.070204,0.910047,1.187903,0.106590,0.00000000,0.00000000,-2.164691,-0.392539,2.081052,-2.145174,-0.230716,2.080661,0.162995,0.000390
97.725000,0.020781,0.075,15.196750,1.197813,12.034883,0.069943,0.927729,1.219484,0.884072,0.00000000,0.00000000,-2.179840,-0.363824,2.124241,-2.153481,-0.213982,2.105226,0.152143,0.019015
97.740000,0.020781,0.099,22.271212,1.282851,12.343827,0.071284,0.922140,1.240710,0.279444,0.00000000,0.00000000,-2.186900,-0.351701,2.143008,-2.162682,-0.197695,2.130248,0.155898,0.012760
97.755000,0.022053,0.050,22.271212,1.282851,12.343827,0.071284,0.947851,1.273054,1.285569,0.00000000,0.00000000,-2.194133,-0.339082,2.162634,-2.172088,-0.180650,2.156525,0.159958,0.006109
97.775000,0.022053,0.073,9.559639,1.239362,12.346595,0.071480,0.954806,1.286896,0.347743,0.00000000,0.00000000,-2.204409,-0.322848,2.188495,-2.182520,-0.164779,2.182002,0.159577,0.006494
97.805000,0.022053,0.101,9.559639,1.239362,12.346595,0.071480,0.948872,1.213832,0.296687,0.00000000,0.00000000,-2.220325,-0.299991,2.222939,-2.192765,-0.149228,2.204112,0.153262,0.018827
97.820000,0.022053,0.158,0.618999,1.151077,12.258756,0.071588,0.925869,1.167160,1.150160,0.00000000,0.00000000,-2.228797,-0.289133,2.241055,-2.203778,-0.134597,2.228295,0.156548,0.012760
97.835000,0.020837,0.007,0.544188,1.129567,12.214609,0.071607,0.933801,1.172742,0.396572,0.00000000,0.00000000,-2.237368,-0.277559,2.258864,-2.215109,-0.119319,2.251661,0.159798,0.007203
97.865000,0.020837,0.031,0.544188,1.129567,12.214609,0.071607,0.933103,1.190293,0.034885,0.00000000,0.00000000,-2.255074,-0.256405,2.294883,-2.226653,-0.104829,2.275617,0.154217,0.019267
97.885000,0.020837,0.061,9.589142,1.279908,12.215834,0.072789,0.902735,1.236108,1.518395,0.00000000,0.00000000,-2.266817,-0.243170,2.321243,-2.238310,-0.091494,2.301892,0.154331,0.019351
97.900000,0.020837,0.084,9.589142,1.279908,12.215834,0.072789,0.900005,1.254457,0.136477,0.00000000,0.00000000,-2.275754,-0.232836,2.339142,-2.250013,-0.077706,2.326383,0.157251,0.012759
97.920000,0.020298,0.003,9.506975,1.156672,12.289171,0.072749,0.902058,1.221171,0.102639,0.00000000,0.00000000,-2.288076,-0.219400,2.362848,-2.262162,-0.064114,2.350089,0.157433,0.012758
97.935000,0.020298,0.044,9.416316,1.182072,12.368257,0.072689,0.905681,1.190106,0.181136,0.00000000,0.00000000,-2.297282,-0.209344,2.380341,-2.274380,-0.050679,2.373671,0.160310,0.006670
97.965000,0.020298,0.080,9.416316,1.182072,12.368257,0.072689,0.912189,1.230595,0.325415,0.00000000,0.00000000,-2.316771,-0.189167,2.418699,-2.286955,-0.036982,2.399557,0.155079,0.019142
97.980000,0.020298,0.097,2.118496,1.106168,11.888022,0.072806,0.927883,1.241026,0.784682,0.00000000,0.00000000,-2.326871,-0.179424,2.436094,-2.300444,-0.023646,2.423335,0.158003,0.012759
97.995000,0.020298,0.124,16.162013,1.241747,12.097459,0.073228,0.939542,1.231891,0.582972,0.00000000,0.00000000,-2.337284,-0.170246,2.454215,-2.314212,-0.011300,2.447614,0.160612,0.006601
98.025000,0.020461,0.003,16.162013,1.241747,12.097459,0.073228,0.927686,1.238760,0.592838,0.00000000,0.00000000,-2.358321,-0.151926,2.492376,-2.328004,0.000933,2.473166,0.155837,0.019210
98.045000,0.020461,0.033,9.476658,1.142543,11.878606,0.073413,0.929212,1.245309,0.076307,0.00000000,0.00000000,-2.372981,-0.140413,2.516151,-2.342532,0.013014,2.497521,0.156420,0.018630
98.065000,0.020461,0.053,9.476658,1.142543,11.878606,0.073413,0.930260,1.196089,0.052439,0.00000000,0.00000000,-2.387682,-0.129549,2.538442,-2.356930,0.024363,2.520209,0.156954,0.018234
98.080000,0.020912,0.035,5.749760,1.205153,11.900475,0.073435,0.915082,1.150769,0.758931,0.00000000,0.00000000,-2.398993,-0.121715,2.556149,-2.371824,0.034978,2.543390,0.159031,0.012759
98.100000,0.020912,0.063,9.454975,1.189892,11.323611,0.073444,0.920943,1.194693,0.293072,0.00000000,0.00000000,-2.414440,-0.111156,2.580909,-2.387135,0.045733,2.568150,0.159248,0.012759
98.115000,0.020912,0.085,9.454975,1.189892,11.323611,0.073444,0.922060,1.228113,0.055820,0.00000000,0.00000000,-2.425631,-0.103563,2.599187,-2.401932,0.056038,2.592525,0.161351,0.006662
98.135000,0.020912,0.112,29.385108,1.189094,10.280605,0.073419,0.912855,1.219497,0.460242,0.00000000,0.00000000,-2.440743,-0.093837,2.623153,-2.417153,0.065822,2.616518,0.161392,0.006634
98.165000,0.020912,0.135,29.385108,1.189094,10.280605,0.073419,0.920142,1.219497,0.364356,0.00000000,0.00000000,-2.465243,-0.079862,2.660211,-2.433416,0.075362,2.641207,0.158453,0.019004
98.180000,0.024806,0.020,4.737494,1.238807,10.244551,0.073748,0.931463,1.243347,0.566060,0.00000000,0.00000000,-2.477492,-0.073588,2.678975,-2.449702,0.084102,2.666215,0.160121,0.012759
98.200000,0.024806,0.041,9.607260,1.146851,10.315453,0.073912,0.929228,1.233171,0.111744,0.00000000,0.00000000,-2.494362,-0.065335,2.703240,-2.466466,0.092570,2.690480,0.160351,0.012760
98.215000,0.024806,0.100,9.607260,1.146851,10.315453,0.073912,0.943907,1.218112,0.733959,0.00000000,0.00000000,-2.507036,-0.058430,2.721255,-2.483306,0.101553,2.714712,0.161733,0.006544
98.245000,0.024806,0.139,2.853159,1.190089,10.316439,0.073918,0.950024,1.213756,0.305804,0.00000000,0.00000000,-2.532629,-0.047417,2.758206,-2.500372,0.109151,2.739292,0.159857,0.018914
98.260000,0.024806,0.161,53.186342,1.065726,12.748235,0.075676,0.918451,1.220995,1.578640,0.00000000,0.00000000,-2.545344,-0.042380,2.775967,-2.517150,0.116174,2.763208,0.161041,0.012759
98.280000,0.024806,0.200,53.186342,1.065726,12.748235,0.075676,0.920207,1.181936,0.087827,0.00000000,0.00000000,-2.562630,-0.035093,2.798849,-2.534342,0.123681,2.786090,0.161274,0.012759
98.295000,0.020845,0.008,53.186342,1.065726,12.748235,0.075676,0.938322,1.130747,0.905754,0.00000000,0.00000000,-2.575777,-0.029433,2.815439,-2.551803,0.131417,2.808124,0.162627,0.007315
98.325000,0.020845,0.042,4.319936,1.180475,12.751572,0.075510,0.941514,1.140599,0.159599,0.00000000,0.00000000,-2.602001,-0.019202,2.850241,-2.569270,0.138290,2.831691,0.160858,0.018550
98.340000,0.020845,0.091,8.786530,1.199242,12.740844,0.073441,0.925139,1.162241,0.818768,0.00000000,0.00000000,-2.614983,-0.014577,2.868510,-2.586429,0.144864,2.855750,0.161977,0.012760
98.365000,0.020845,0.114,8.786530,1.199242,12.740844,0.073441,0.933869,1.211772,0.436496,0.00000000,0.00000000,-2.637154,-0.006782,2.899307,-2.604110,0.151605,2.880402,0.161797,0.018906
98.380000,0.020845,0.136,9.604521,1.153865,12.742338,0.073117,0.926286,1.225482,0.379161,0.00000000,0.00000000,-2.650439,-0.003182,2.917388,-2.621737,0.156710,2.904630,0.162447,0.012758
98.400000,0.020845,0.172,22.325354,1.213685,13.044830,0.072975,0.918807,1.205547,0.373937,0.00000000,0.00000000,-2.668565,0.001176,2.941504,-2.639805,0.161299,2.928744,0.162685,0.012759
98.415000,0.021439,0.005,22.325354,1.213685,13.044830,0.072975,0.951647,1.230863,1.642014,0.00000000,0.00000000,-2.682777,0.004757,2.960233,-2.658771,0.166433,2.953764,0.163449,0.006469
98.445000,0.021439,0.030,9.533787,1.208342,13.107029,0.073097,0.961951,1.239641,0.515196,0.00000000,0.00000000,-2.710825,0.010155,2.997561,-2.677323,0.169977,2.978622,0.163296,0.018939
98.460000,0.021439,0.063,9.533787,1.208342,13.107029,0.073097,0.944895,1.224108,0.852792,0.00000000,0.00000000,-2.724776,0.012446,3.015060,-2.695869,0.173285,3.002300,0.163416,0.012759
98.475000,0.021439,0.088,9.642385,1.205260,13.108068,0.073137,0.940934,1.207063,0.198062,0.00000000,0.00000000,-2.738765,0.014106,3.033275,-2.714517,0.175659,3.026638,0.163362,0.006636
98.505000,0.022409,0.003,1.631931,1.165859,13.102133,0.071511,0.951000,1.210576,0.503310,0.00000000,0.00000000,-2.766919,0.016996,3.070021,-2.733290,0.178055,3.051197,0.164532,0.018823
98.520000,0.022409,0.021,1.631931,1.165859,13.102133,0.071511,0.949799,1.224902,0.060051,0.00000000,0.00000000,-2.781041,0.018446,3.088953,-2.752053,0.180002,3.076195,0.164136,0.012759
98.540000,0.022409,0.042,9.436056,1.168910,13.101455,0.071359,0.937513,1.242913,0.614300,0.00000000,0.00000000,-2.799514,0.019756,3.113592,-2.770507,0.181548,3.100833,0.164372,0.012759
98.560000,0.022409,0.059,9.436056,1.168910,13.101455,0.071359,0.925954,1.228538,0.577967,0.00000000,0.00000000,-2.817853,0.020862,3.137806,-2.788831,0.182887,3.125047,0.164605,0.012759
98.575000,0.019512,0.002,9.511479,1.189163,13.101028,0.065174,0.914406,1.208189,0.577387,0.00000000,0.00000000,-2.831556,0.021566,-3.127160,-2.807087,0.184050,-3.133844,0.164316,0.006684
98.605000,0.019512,0.055,9.580331,1.191904,13.005179,0.063715,0.904147,1.211855,0.512959,0.00000000,0.00000000,-2.858461,0.022583,-3.091339,-2.824954,0.184998,-3.110113,0.165835,0.018774
98.610000,0.019512,0.074,9.580331,1.191904,13.005179,0.063715,0.897569,1.199447,0.328881,0.00000000,0.00000000,-2.862922,0.022652,-3.085320,-2.842827,0.185361,-3.085964,0.163946,0.000644
98.630000,0.019512,0.096,9.526846,1.174571,13.007303,0.059431,0.913816,1.217351,0.812322,0.00000000,0.00000000,-2.881358,0.022430,-3.060420,-2.861518,0.184956,-3.061132,0.163732,0.000712
98.665000,0.018618,0.004,9.543580,1.171838,13.074070,0.059116,0.917815,1.219720,0.199947,0.00000000,0.00000000,-2.913430,0.019947,-3.017990,-2.879972,0.183552,-3.036723,0.166991,0.018733
98.680000,0.018618,0.034,9.543580,1.171838,13.074070,0.059116,0.914364,1.206281,0.172556,0.00000000,0.00000000,-2.926768,0.018555,-2.999981,-2.897766,0.181971,-3.012743,0.165969,0.012762
98.700000,0.018618,0.057,2.665116,1.322900,13.011892,0.061741,0.914509,1.239751,0.007286,0.00000000,0.00000000,-2.945554,0.016501,-2.974262,-2.916577,0.180156,-2.987024,0.166201,0.012762
98.715000,0.019130,0.005,2.665116,1.322900,13.011892,0.061741,0.945989,1.305611,1.574003,0.00000000,0.00000000,-2.959955,0.014627,-2.953745,-2.935804,0.177890,-2.959674,0.165039,0.005929
98.745000,0.019130,0.038,18.698679,1.013590,13.191641,0.066358,0.964762,1.268556,0.938631,0.00000000,0.00000000,-2.988364,0.009841,-2.918957,-2.954807,0.174903,-2.936911,0.168439,0.017953
98.765000,0.019130,0.062,1.945749,1.033976,12.998306,0.069489,0.948887,1.137519,0.793738,0.00000000,0.00000000,-3.006963,0.006126,-2.898143,-2.973452,0.171440,-2.916110,0.168677,0.017967
98.780000,0.019130,0.086,1.945749,1.033976,12.998306,0.069489,0.943359,1.065917,0.276427,0.00000000,0.00000000,-3.020380,0.002923,-2.881641,-2.991570,0.167534,-2.894400,0.167113,0.012760
98.795000,0.019130,0.122,9.723631,1.078607,12.999797,0.070903,0.949238,1.137301,0.293940,0.00000000,0.00000000,-3.034612,0.000151,-2.862356,-3.010352,0.164088,-2.869561,0.165723,0.007204
98.810000,0.017575,0.008,9.723631,1.078607,12.999797,0.070903,0.923724,1.168085,1.275652,0.00000000,0.00000000,-3.048145,-0.002607,-2.845639,-3.028118,0.160202,-2.846914,0.164036,0.001275
98.845000,0.017575,0.033,22.665706,1.361613,13.310953,0.075019,0.924481,1.191384,0.037840,0.00000000,0.00000000,-3.078978,-0.011014,-2.803493,-3.046000,0.155561,-2.822287,0.169809,0.018794
98.865000,0.017575,0.052,9.516342,1.131717,13.311197,0.074929,0.909762,1.189168,0.735972,0.00000000,0.00000000,-3.095861,-0.016876,-2.780088,-3.063193,0.150226,-2.798719,0.170265,0.018632
98.875000,0.017575,0.091,9.516342,1.131717,13.311197,0.074929,0.898982,1.189752,0.539000,0.00000000,0.00000000,-3.104021,-0.020042,-2.768347,-3.079669,0.143994,-2.775416,0.165834,0.007069
98.895000,0.017575,0.117,14.680692,1.113985,13.371250,0.075475,0.917542,1.205775,0.928033,0.00000000,0.00000000,-3.121725,-0.026132,-2.743187,-3.097846,0.138089,-2.749760,0.165948,0.006573
98.915000,0.017575,0.139,14.680692,1.113985,13.371250,0.075475,0.922410,1.183013,0.243366,0.00000000,0.00000000,-3.139112,-0.032796,-2.720366,-3.114997,0.131754,-2.727639,0.166308,0.007274
98.940000,0.014962,0.014,5.867597,1.133303,13.368525,0.073660,0.929592,1.178781,0.359111,0.00000000,0.00000000,-3.159718,-0.042050,-2.691169,-3.131470,0.124342,-2.703929,0.168773,0.012760
98.955000,0.014962,0.040,5.867597,1.133303,13.368525,0.073660,0.904588,1.170678,1.250223,0.00000000,0.00000000,-3.171794,-0.048102,-2.673261,-3.147684,0.116446,-2.679686,0.166305,0.006425
98.985000,0.014962,0.064,26.398133,1.152643,13.739256,0.073467,0.919527,1.216029,0.746964,0.00000000,0.00000000,-3.196768,-0.061393,-2.636707,-3.164545,0.107715,-2.655451,0.172151,0.018744
99.005000,0.017923,0.014,9.504596,1.145616,13.817069,0.073156,0.940411,1.213965,1.044189,0.00000000,0.00000000,-3.213056,-0.070738,-2.612792,-3.181123,0.098492,-2.631668,0.172216,0.018875
99.025000,0.017923,0.034,9.504596,1.145616,13.817069,0.073156,0.930552,1.196325,0.492934,0.00000000,0.00000000,-3.229122,-0.079507,-2.588230,-3.197323,0.090116,-2.607418,0.172578,0.019187
99.040000,0.017923,0.058,3.449883,1.193506,13.744868,0.070623,0.940686,1.206122,0.506681,0.00000000,0.00000000,-3.241311,-0.086722,-2.570359,-3.213627,0.080715,-2.583117,0.169711,0.012759
99.055000,0.014707,0.002,9.427630,1.187931,13.810450,0.070629,0.926609,1.207098,0.703817,0.00000000,0.00000000,-3.253252,-0.093862,-2.552777,-3.229551,0.071299,-2.559538,0.166853,0.006761
99.075000,0.014707,0.043,9.427630,1.187931,13.810450,0.070629,0.925821,1.199328,0.039412,0.00000000,0.00000000,-3.268312,-0.103880,-2.528618,-3.244602,0.061433,-2.535330,0.167004,0.006711
99.090000,0.014707,0.066,9.428974,1.198944,13.779420,0.069829,0.908783,1.221779,0.851908,0.00000000,0.00000000,-3.279685,-0.111252,-2.510274,-3.259862,0.051731,-2.510629,0.164184,0.000355
99.110000,0.017334,0.009,9.428974,1.198944,13.779420,0.069829,0.932868,1.268229,1.204240,0.00000000,0.00000000,-3.295164,-0.121412,-2.484881,-3.276480,0.041616,-2.484028,0.164095,0.000853
99.140000,0.017334,0.041,9.340503,1.234525,13.776846,0.070288,0.951487,1.286353,0.930961,0.00000000,0.00000000,-3.319063,-0.138241,-2.445541,-3.292029,0.030193,-2.458301,0.170589,0.012759
99.160000,0.017334,0.065,9.729363,1.160440,13.781670,0.065928,0.969772,1.273805,0.914280,0.00000000,0.00000000,-3.334055,-0.150461,-2.420765,-3.307176,0.018164,-2.433524,0.170755,0.012759
99.175000,0.016206,0.004,9.729363,1.160440,13.781670,0.065928,0.964520,1.234795,0.262626,0.00000000,0.00000000,-3.344637,-0.159876,-2.402611,-3.321846,0.005766,-2.409158,0.167202,0.006547
99.205000,0.016206,0.042,0.199986,1.174887,13.768732,0.065681,0.961283,1.220508,0.161834,0.00000000,0.00000000,-3.366419,-0.179515,-2.366066,-3.336404,-0.007220,-2.384782,0.174891,0.018716
99.220000,0.016206,0.070,5.887650,1.202903,13.676830,0.065073,0.962545,1.225060,0.063086,0.00000000,0.00000000,-3.377269,-0.189277,-2.347257,-3.350882,-0.020096,-2.360016,0.171226,0.012759
99.235000,0.016206,0.089,5.887650,1.202903,13.676830,0.065073,0.949206,1.221392,0.666926,0.00000000,0.00000000,-3.387195,-0.198738,-2.329253,-3.364202,-0.032613,-2.335868,0.167709,0.006614
99.265000,0.016206,0.116,9.552138,1.231143,13.730506,0.064426,0.923149,1.222090,1.302864,0.00000000,0.00000000,-3.406880,-0.218119,-2.291916,-3.377514,-0.045328,-2.311023,0.175269,0.019107
99.280000,0.016382,0.013,9.552138,1.231143,13.730506,0.064426,0.923692,1.224992,0.027166,0.00000000,0.00000000,-3.416203,-0.228093,-2.274134,-3.390308,-0.058413,-2.286893,0.171645,0.012759
99.300000,0.016382,0.035,9.390050,1.164737,13.771945,0.062093,0.903532,1.200126,1.008020,0.00000000,0.00000000,-3.428401,-0.241022,-2.250648,-3.402670,-0.071185,-2.263407,0.171775,0.012759
99.315000,0.019296,0.001,3.590405,1.162079,13.708855,0.062120,0.892636,1.192001,0.544815,0.00000000,0.00000000,-3.437272,-0.251017,-2.232881,-3.414588,-0.084436,-2.239605,0.168119,0.006724
99.340000,0.019296,0.037,3.590405,1.162079,13.708855,0.062120,0.892432,1.206748,0.010183,0.00000000,0.00000000,-3.451576,-0.268415,-2.202457,-3.426193,-0.098280,-2.215216,0.172018,0.012759
99.360000,0.019296,0.061,9.508959,1.213060,13.611356,0.062248,0.902016,1.231022,0.479195,0.00000000,0.00000000,-3.462494,-0.283170,-2.177844,-3.437298,-0.112894,-2.190603,0.172129,0.012759
99.375000,0.160070,0.019,9.508959,1.213060,13.611356,0.062248,0.917919,1.217990,0.795142,0.00000000,0.00000000,-3.470373,-0.294647,-2.159686,-3.447978,-0.128042,-2.166478,0.168104,0.006792
99.405000,0.160070,0.051,9.554768,1.142760,13.290751,0.060664,0.916552,1.199269,0.068346,0.00000000,0.00000000,-3.485941,-0.317247,-2.124061,-3.458580,-0.142908,-2.142876,0.176473,0.018815
99.425000,0.160070,0.078,11.984819,1.279251,13.346793,0.061736,0.924977,1.192585,0.421260,0.00000000,0.00000000,-3.496729,-0.332755,-2.099172,-3.468953,-0.157962,-2.118652,0.176986,0.019480
99.440000,0.160070,0.099,11.984819,1.279251,13.346793,0.061736,0.939474,-124.379630,0.724833,0.00000000,0.00000000,-3.504664,-0.345192,-2.079509,-3.480256,-0.174373,-2.092268,0.172553,0.012759
99.455000,0.160070,0.132,17.480476,1.262377,13.576810,0.062743,0.963549,-124.326585,1.203780,0.00000000,0.00000000,-3.512624,-0.357361,-2.059467,-3.491346,-0.190474,-2.065602,0.168237,0.006135
99.470000,0.018147,0.018,17.480476,1.262377,13.576810,0.062743,0.944892,1.297261,0.932867,0.00000000,0.00000000,-3.519971,-0.369289,-2.040199,-3.500370,-0.205912,-2.040678,0.164549,0.000479
99.505000,0.018147,0.049,9.525419,1.185017,13.642626,0.062337,0.909796,1.255052,1.754792,0.00000000,0.00000000,-3.535426,-0.396349,-1.996690,-3.509330,-0.221210,-2.016080,0.177073,0.019390
99.525000,0.018147,0.062,2.498096,1.210532,13.580059,0.060870,0.889498,1.237054,1.014936,0.00000000,0.00000000,-3.543968,-0.411758,-1.972089,-3.518229,-0.236604,-1.991006,0.177035,0.018917
99.535000,0.020440,0.022,2.498096,1.210532,13.580059,0.060870,0.876314,1.248024,0.659157,0.00000000,0.00000000,-3.548013,-0.419522,-1.959823,-3.526636,-0.251930,-1.966435,0.168949,0.006613
99.550000,0.020440,0.047,2.830451,1.145235,13.517639,0.060976,0.864663,1.236680,0.582583,0.00000000,0.00000000,-3.553961,-0.431139,-1.941318,-3.534575,-0.267505,-1.941678,0.164778,0.000360
99.570000,0.020440,0.067,2.830451,1.145235,13.517639,0.060976,0.887884,1.212222,1.161037,0.00000000,0.00000000,-3.561324,-0.447536,-1.916736,-3.541919,-0.284286,-1.917763,0.164399,0.001027
99.600000,0.020151,0.005,9.635826,1.090255,13.520807,0.062231,0.900556,1.183669,0.633615,0.00000000,0.00000000,-3.571300,-0.472785,-1.882094,-3.548514,-0.301106,-1.894854,0.173184,0.012759
99.615000,0.020151,0.029,12.048877,1.274129,13.616787,0.062829,0.918832,1.168604,0.913811,0.00000000,0.00000000,-3.575970,-0.485968,-1.864012,-3.554779,-0.318548,-1.870799,0.168756,0.006786
99.635000,0.020151,0.049,12.048877,1.274129,13.616787,0.062829,0.921979,1.203833,0.157361,0.00000000,0.00000000,-3.581726,-0.503852,-1.839342,-3.560789,-0.336590,-1.846224,0.168568,0.006882
99.665000,0.020151,0.072,9.499628,1.049085,13.500306,0.064842,0.928892,1.166887,0.345649,0.00000000,0.00000000,-3.589274,-0.530750,-1.805205,-3.565835,-0.354126,-1.824109,0.178173,0.018904
99.685000,0.022552,0.009,9.499628,1.049085,13.500306,0.064842,0.923703,1.168247,0.259448,0.00000000,0.00000000,-3.594035,-0.548168,-1.781140,-3.571000,-0.371765,-1.799801,0.177901,0.018661
99.700000,0.022552,0.051,3.801891,1.200676,13.443917,0.064738,0.908148,1.180717,0.777762,0.00000000,0.00000000,-3.597328,-0.561379,-1.762928,-3.575670,-0.389361,-1.775687,0.173376,0.012759
99.715000,0.022552,0.071,9.563187,1.200016,13.486323,0.064699,0.902485,1.195675,0.283157,0.00000000,0.00000000,-3.600552,-0.574461,-1.745061,-3.580194,-0.406718,-1.751695,0.168974,0.006634
99.745000,0.022552,0.090,9.563187,1.200016,13.486323,0.064699,0.891157,1.216242,0.566386,0.00000000,0.00000000,-3.606952,-0.600291,-1.708705,-3.584471,-0.424155,-1.727107,0.177565,0.018402
99.765000,0.022552,0.118,4.718581,1.174881,13.437497,0.064677,0.867136,1.209634,1.201066,0.00000000,0.00000000,-3.610681,-0.617056,-1.684366,-3.588759,-0.440671,-1.703269,0.177742,0.018903
99.780000,0.024979,0.027,9.449449,1.105341,12.818848,0.065438,0.869476,1.235251,0.117004,0.00000000,0.00000000,-3.613774,-0.630300,-1.664625,-3.592994,-0.458066,-1.677384,0.173483,0.012759
99.800000,0.024979,0.064,9.449449,1.105341,12.818848,0.065438,0.895931,1.234418,1.322743,0.00000000,0.00000000,-3.616054,-0.648644,-1.641282,-3.595509,-0.476380,-1.654041,0.173485,0.012759
99.820000,0.024979,0.084,6.323083,1.045875,12.815479,0.067279,0.928275,1.211614,1.617217,0.00000000,0.00000000,-3.618299,-0.667256,-1.618261,-3.597991,-0.494962,-1.631020,0.173487,0.012759
99.840000,0.024979,0.114,6.323083,1.045875,12.815479,0.067279,0.923911,1.166591,0.218230,0.00000000,0.00000000,-3.619615,-0.685487,-1.594450,-3.599539,-0.513174,-1.607209,0.173478,0.012759
99.855000,0.026005,0.030,10.989537,1.139953,12.866286,0.067337,0.927756,1.197201,0.192251,0.00000000,0.00000000,-3.620486,-0.699427,-1.575971,-3.600736,-0.531761,-1.582753,0.168825,0.006782
99.885000,0.026005,0.053,10.989537,1.139953,12.866286,0.067337,0.919672,1.225738,0.404180,0.00000000,0.00000000,-3.621252,-0.727471,-1.539359,-3.601630,-0.550374,-1.558281,0.178181,0.018922
99.900000,0.026005,0.073,11.910014,1.211324,12.982056,0.067517,0.928218,1.226320,0.427328,0.00000000,0.00000000,-3.621156,-0.741333,-1.520825,-3.601792,-0.568997,-1.533584,0.173421,0.012759
99.915000,0.025917,0.029,20.463907,1.138342,10.926705,0.065971,0.943412,1.232302,0.759689,0.00000000,0.00000000,-3.621148,-0.755291,-1.501703,-3.601754,-0.587864,-1.508569,0.168546,0.006867
99.930000,0.025917,0.049,20.463907,1.138342,10.926705,0.065971,0.911252,1.213880,1.608019,0.00000000,0.00000000,-3.620373,-0.769077,-1.483990,-3.600779,-0.605780,-1.485104,0.164468,0.001114
99.965000,0.025917,0.069,2.703751,1.205512,10.928858,0.066115,0.919137,1.191336,0.394273,0.00000000,0.00000000,-3.617835,-0.801006,-1.442561,-3.599514,-0.624036,-1.461478,0.177916,0.018916
99.985000,0.025917,0.107,9.348185,1.253556,10.937239,0.066956,0.923282,1.203530,0.207224,0.00000000,0.00000000,-3.615864,-0.819832,-1.416779,-3.598019,-0.642700,-1.435956,0.178028,0.019177
100.000000,0.027508,0.023,9.348185,1.253556,10.937239,0.066956,0.941003,1.249472,0.886047,0.00000000,0.00000000,-3.614081,-0.833912,-1.398431,-3.595899,-0.661658,-1.411190,0.173211,0.012759
100.020000,0.027508,0.046,3.782376,1.159112,10.874938,0.066927,0.945175,1.237511,0.208608,0.00000000,0.00000000,-3.610938,-0.852125,-1.374503,-3.592990,-0.679910,-1.387262,0.173148,0.012759
100.035000,0.027508,0.067,3.782376,1.159112,10.874938,0.066927,0.923984,1.234487,1.059547,0.00000000,0.00000000,-3.608668,-0.865686,-1.355573,-3.590228,-0.698058,-1.361775,0.168639,0.006203
100.055000,0.024527,0.038,9.524368,1.327421,10.425210,0.070046,0.942272,1.283027,0.914396,0.00000000,0.00000000,-3.605887,-0.884320,-1.328791,-3.587775,-0.716991,-1.334707,0.168306,0.005916
100.085000,0.024527,0.060,9.524368,1.327421,10.425210,0.070046,0.946891,1.298517,0.230948,0.00000000,0.00000000,-3.599932,-0.912220,-1.291037,-3.583829,-0.735520,-1.310085,0.177432,0.019048
100.105000,0.024527,0.083,5.171749,1.169377,10.375221,0.069918,0.953966,1.250810,0.353777,0.00000000,0.00000000,-3.595135,-0.930680,-1.267645,-3.579308,-0.754136,-1.285954,0.177252,0.018309
100.125000,0.024527,0.126,14.005129,1.204320,10.524341,0.069911,0.940359,1.181136,0.680367,0.00000000,0.00000000,-3.590237,-0.948394,-1.244139,-3.574534,-0.771745,-1.263043,0.177346,0.018904
100.130000,0.026219,0.019,14.005129,1.204320,10.524341,0.069911,0.928609,1.183012,0.587492,0.00000000,0.00000000,-3.589155,-0.953070,-1.237985,-3.569927,-0.790088,-1.238512,0.164112,0.000527
100.150000,0.026219,0.041,11.217931,1.313852,10.658800,0.072464,0.933627,1.242325,0.250889,0.00000000,0.00000000,-3.583697,-0.970718,-1.212987,-3.564900,-0.808246,-1.212622,0.163556,0.000365
100.170000,0.026093,0.009,9.483767,1.164906,10.659592,0.072478,0.934480,1.258163,0.042643,0.00000000,0.00000000,-3.578300,-0.988994,-1.187675,-3.559145,-0.825930,-1.188150,0.164186,0.000475
100.195000,0.026093,0.057,9.483767,1.164906,10.659592,0.072478,0.943162,1.230498,0.434119,0.00000000,0.00000000,-3.570238,-1.010758,-1.157412,-3.552583,-0.843353,-1.163991,0.168334,0.006579
100.215000,0.026093,0.078,9.445739,1.193119,10.658499,0.072490,0.926881,1.215696,0.814039,0.00000000,0.00000000,-3.563034,-1.027859,-1.132822,-3.545447,-0.860539,-1.139412,0.168242,0.006591
100.235000,0.026093,0.106,9.618546,1.181656,10.659143,0.072471,0.920808,1.223580,0.303665,0.00000000,0.00000000,-3.555401,-1.044710,-1.108253,-3.538222,-0.877252,-1.114978,0.168337,0.006726
100.260000,0.026030,0.024,9.618546,1.181656,10.659143,0.072471,0.903335,1.219793,0.873636,0.00000000,0.00000000,-3.546279,-1.064870,-1.077916,-3.531050,-0.893462,-1.090674,0.172083,0.012759
100.280000,0.026030,0.043,9.448255,1.205629,10.657835,0.072557,0.898860,1.218416,0.223762,0.00000000,0.00000000,-3.538219,-1.081588,-1.053409,-3.523204,-0.910281,-1.066168,0.171963,0.012759
100.300000,0.026030,0.079,9.448255,1.205629,10.657835,0.072557,0.927886,1.209314,1.451293,0.00000000,0.00000000,-3.529609,-1.098173,-1.029577,-3.514806,-0.926975,-1.042336,0.171837,0.012759
100.315000,0.026030,0.096,4.614839,1.057858,10.597455,0.074552,0.937421,1.159660,0.476744,0.00000000,0.00000000,-3.523023,-1.110769,-1.013125,-3.506180,-0.943818,-1.020446,0.167798,0.007321
100.330000,0.026030,0.117,4.614839,1.057858,10.597455,0.074552,0.937143,1.117791,0.013884,0.00000000,0.00000000,-3.516251,-1.123169,-0.996815,-3.497110,-0.960050,-0.997853,0.164238,0.001038
100.365000,0.121176,0.002,9.469586,1.213959,10.660491,0.071829,0.917513,1.161584,0.981527,0.00000000,0.00000000,-3.499434,-1.150544,-0.953582,-3.487696,-0.975359,-0.972976,0.175577,0.019394
100.380000,0.121176,0.021,5.883557,1.105444,10.312794,0.068764,0.938951,1.269250,1.071898,0.00000000,0.00000000,-3.492044,-1.163532,-0.933632,-3.478078,-0.992808,-0.946392,0.171294,0.012760
100.395000,0.121176,0.048,5.883557,1.105444,10.312794,0.068764,0.951586,1.242741,0.631782,0.00000000,0.00000000,-3.483703,-1.175254,-0.916245,-3.467339,-1.008422,-0.923079,0.167632,0.006835
100.415000,0.121176,0.073,10.229041,1.189389,10.428753,0.065637,0.931985,1.200876,0.980063,0.00000000,0.00000000,-3.473794,-1.190248,-0.893113,-3.457379,-1.023337,-0.899704,0.167716,0.006592
100.430000,0.121176,0.093,10.229041,1.189389,10.428753,0.065637,0.922161,1.183610,0.491186,0.00000000,0.00000000,-3.465352,-1.201135,-0.875524,-3.446269,-1.038846,-0.876137,0.163407,0.000613
100.460000,0.121176,0.125,9.458293,1.137539,10.424424,0.064307,0.919682,1.178372,0.123979,0.00000000,0.00000000,-3.448179,-1.223516,-0.839795,-3.434982,-1.053347,-0.852555,0.170680,0.012760
100.475000,0.021584,0.018,3.111089,1.037460,9.859235,0.062178,0.916906,1.175705,0.138784,0.00000000,0.00000000,-3.439709,-1.234052,-0.822335,-3.423903,-1.067462,-0.829717,0.167338,0.007382
100.505000,0.021584,0.045,3.111089,1.037460,9.859235,0.062178,0.911759,1.174730,0.257340,0.00000000,0.00000000,-3.421501,-1.255231,-0.786378,-3.411812,-1.081592,-0.805575,0.173909,0.019197
100.525000,0.021584,0.080,7.109949,1.233514,9.866977,0.062376,0.923886,1.239431,0.606309,0.00000000,0.00000000,-3.407925,-1.268645,-0.759733,-3.398809,-1.095814,-0.778874,0.173071,0.019142
100.545000,0.021584,0.101,7.109949,1.233514,9.866977,0.062376,0.958401,1.270239,1.725760,0.00000000,0.00000000,-3.394350,-1.282002,-0.736413,-3.385166,-1.109117,-0.754578,0.173128,0.018165
100.565000,0.021584,0.131,9.602948,1.057401,9.665658,0.064012,0.945412,1.177844,0.649453,0.00000000,0.00000000,-3.381086,-1.295382,-0.714757,-3.372090,-1.122682,-0.732936,0.172934,0.018178
100.580000,0.023912,0.019,50.821616,0.966503,12.113446,0.070218,0.929933,1.092682,0.773948,0.00000000,0.00000000,-3.370782,-1.304392,-0.699019,-3.358623,-1.135203,-0.711780,0.169625,0.012761
100.590000,0.023912,0.037,50.821616,0.966503,12.113446,0.070218,0.928678,1.044534,0.062741,0.00000000,0.00000000,-3.363736,-1.310422,-0.689022,-3.344675,-1.147444,-0.691770,0.164089,0.002748
100.625000,0.023912,0.063,7.306002,1.201611,11.535534,0.070267,0.911189,1.080703,0.874432,0.00000000,0.00000000,-3.339032,-1.330548,-0.649526,-3.330760,-1.158738,-0.668398,0.172009,0.018871
100.645000,0.023912,0.085,28.610630,1.123435,12.203892,0.070515,0.922483,1.153631,0.564670,0.00000000,0.00000000,-3.324510,-1.342856,-0.624872,-3.316540,-1.170807,-0.643961,0.172233,0.019089
100.660000,0.022138,0.004,28.610630,1.123435,12.203892,0.070515,0.931516,1.198012,0.451676,0.00000000,0.00000000,-3.313588,-1.351374,-0.607241,-3.302033,-1.182912,-0.620001,0.168858,0.012760
100.680000,0.022138,0.029,19.560803,1.212106,12.512903,0.070668,0.943674,1.217685,0.607871,0.00000000,0.00000000,-3.298358,-1.362078,-0.582758,-3.286941,-1.193809,-0.595517,0.168656,0.012759
100.695000,0.022138,0.048,19.560803,1.212106,12.512903,0.070668,0.926871,1.221069,0.840112,0.00000000,0.00000000,-3.286898,-1.370439,-0.564322,-3.271736,-1.204930,-0.570968,0.166202,0.006646
100.715000,0.023264,0.025,28.219320,1.236582,13.045061,0.071186,0.930244,1.230080,0.168640,0.00000000,0.00000000,-3.271348,-1.380680,-0.539872,-3.256430,-1.215475,-0.546306,0.165878,0.006433
100.745000,0.023264,0.047,9.609754,1.145639,13.047904,0.071218,0.925448,1.215313,0.239787,0.00000000,0.00000000,-3.247727,-1.395226,-0.503689,-3.240738,-1.225314,-0.522419,0.170056,0.018730
100.765000,0.023264,0.069,9.609754,1.145639,13.047904,0.071218,0.917531,1.211527,0.395870,0.00000000,0.00000000,-3.231861,-1.404629,-0.479675,-3.224872,-1.234963,-0.498580,0.169810,0.018905
100.780000,0.022242,0.002,4.367699,1.208015,12.989533,0.070863,0.920866,1.213285,0.166735,0.00000000,0.00000000,-3.219995,-1.411099,-0.461188,-3.209210,-1.243826,-0.473946,0.167621,0.012758
100.790000,0.022242,0.021,4.367699,1.208015,12.989533,0.070863,0.912593,1.237184,0.413621,0.00000000,0.00000000,-3.211876,-1.415259,-0.448842,-3.192864,-1.252769,-0.448996,0.163599,0.000154
100.810000,0.022242,0.046,16.224173,1.176951,13.075229,0.070840,0.916209,1.214831,0.180791,0.00000000,0.00000000,-3.195258,-1.423645,-0.425020,-3.176044,-1.260674,-0.425628,0.164099,0.000608
100.845000,0.022242,0.071,1.911140,1.164372,13.082299,0.070852,0.927123,1.226164,0.545711,0.00000000,0.00000000,-3.166121,-1.436801,-0.381715,-3.159812,-1.268326,-0.400627,0.168592,0.018913
100.855000,0.022648,0.032,1.911140,1.164372,13.082299,0.070852,0.932415,1.226798,0.264608,0.00000000,0.00000000,-3.157561,-1.440383,-0.369657,-3.142896,-1.275742,-0.376391,0.165293,0.006735
100.875000,0.022648,0.058,0.105072,1.189778,13.066898,0.070767,0.917983,1.232451,0.721622,0.00000000,0.00000000,-3.140345,-1.447271,-0.345444,-3.125677,-1.282676,-0.352032,0.165247,0.006588
100.895000,0.022648,0.075,0.105072,1.189778,13.066898,0.070767,0.945398,1.231498,1.370738,0.00000000,0.00000000,-3.122154,-1.454630,-0.320376,-3.107281,-1.290522,-0.326796,0.164781,0.006420
100.920000,0.021866,0.038,9.453037,1.152272,13.065275,0.070337,0.959194,1.219211,0.689796,0.00000000,0.00000000,-3.099837,-1.462861,-0.290537,-3.089722,-1.297117,-0.303296,0.166053,0.012759
100.940000,0.021866,0.059,23.390041,1.211328,13.337064,0.070547,0.944084,1.224439,0.755479,0.00000000,0.00000000,-3.081786,-1.468129,-0.265642,-3.071740,-1.302614,-0.278401,0.165819,0.012759
100.955000,0.021866,0.094,23.390041,1.211328,13.337064,0.070547,0.950379,1.227706,0.314738,0.00000000,0.00000000,-3.067995,-1.471935,-0.247421,-3.053264,-1.308170,-0.253853,0.164426,0.006432
100.975000,0.021606,0.020,9.552952,1.228266,13.429475,0.070957,0.953698,1.238970,0.165937,0.00000000,0.00000000,-3.049357,-1.476481,-0.222283,-3.034805,-1.312440,-0.228779,0.164685,0.006496
100.990000,0.021606,0.038,9.552952,1.228266,13.429475,0.070957,0.939068,1.228482,0.731501,0.00000000,0.00000000,-3.035498,-1.479465,-0.203505,-3.017044,-1.316598,-0.205446,0.163909,0.001942
101.010000,0.021606,0.059,9.409578,1.105604,13.427839,0.071365,0.900957,1.179710,1.905516,0.00000000,0.00000000,-3.018470,-1.482846,-0.181300,-3.000180,-1.319623,-0.182706,0.164245,0.001406
101.030000,0.021606,0.080,9.402345,0.969987,13.425325,0.076672,0.844516,1.105281,2.822086,0.00000000,0.00000000,-3.001594,-1.485581,-0.158608,-2.984310,-1.323287,-0.161135,0.163212,0.002527
101.055000,0.021559,0.017,9.402345,0.969987,13.425325,0.076672,0.788956,1.068430,2.777962,0.00000000,0.00000000,-2.983164,-1.490411,-0.132880,-2.969959,-1.326841,-0.140395,0.164103,0.007515
101.100000,0.021559,0.071,8.721734,0.815141,13.382534,0.089671,0.662672,0.922064,3.211945,0.00000000,0.00000000,-2.954205,-1.495239,-0.092065,-2.944515,-1.331351,-0.104824,0.164175,0.012759
101.140000,0.023217,0.043,1.236139,0.631289,13.149168,0.123181,0.554708,0.790013,2.463344,0.00000000,0.00000000,-2.932385,-1.497646,-0.061181,-2.922727,-1.334036,-0.073941,0.163896,0.012760
101.175000,0.023070,0.029,8.977245,0.519356,13.189904,0.150224,0.414230,0.651526,4.068944,0.00000000,0.00000000,-2.918096,-1.497706,-0.038604,-2.906742,-1.334430,-0.048490,0.163671,0.009885
101.220000,0.023070,0.070,3.356248,0.490424,13.193691,0.174509,0.281823,0.560802,3.579695,0.00000000,0.00000000,-2.905734,-1.497763,-0.013639,-2.896080,-1.334492,-0.026398,0.163556,0.012759
101.285000,0.022107,0.076,6.808105,0.242308,13.068003,0.232979,0.085072,0.388716,2.658634,0.00000000,0.00000000,-2.899888,-1.498305,0.011657,-2.890267,-1.335153,-0.002541,0.163435,0.014198
102.345000,0.019728,0.058,0.025682,-0.050781,6.912039,0.498993,0.093772,0.003010,0.070864,0.00000000,0.00000000,-2.878429,-1.499856,0.024317,-2.869300,-1.336810,0.011567,0.163302,0.012749
102.525000,0.018686,0.039,0.028359,-0.040601,4.985868,0.413387,0.148778,0.000281,0.415958,0.00000000,0.00000000,-2.855863,-1.499568,0.024524,-2.846934,-1.337019,0.011759,0.162794,0.012765
102.665000,0.020806,0.045,0.639684,-0.043278,3.021903,0.254336,0.192586,0.004205,0.903494,0.00000000,0.00000000,-2.833066,-1.498741,0.024269,-2.824551,-1.336589,0.011533,0.162375,0.012736
102.770000,0.019884,0.048,0.314086,-0.055324,2.067553,0.127925,0.196214,0.006588,0.533788,0.00000000,0.00000000,-2.812388,-1.496790,0.023929,-2.808298,-1.459591,0.023439,0.037423,0.000490
102.870000,0.019529,0.021,0.326092,-0.043871,1.573132,0.077249,0.226615,-0.000413,1.188713,0.00000000,0.00000000,-2.792215,-1.495058,0.023989,-2.785671,-1.458042,0.023302,0.037590,0.000687
102.985000,0.018769,0.087,0.442322,-0.045110,1.568359,0.018318,0.219335,-0.004446,0.004156,0.00000000,0.00000000,-2.766027,-1.494424,0.023683,-2.763073,-1.457621,0.023035,0.036922,0.000647
103.080000,0.018814,0.022,0.792348,-0.029094,1.608802,0.012466,0.206134,0.001072,0.204062,0.00000000,0.00000000,-2.745696,-1.493081,0.023880,-2.741443,-1.456052,0.023207,0.037273,0.000673
103.185000,0.019636,0.086,0.331638,-0.045463,1.648158,0.012830,0.211518,-0.005193,0.288660,0.00000000,0.00000000,-2.722883,-1.493154,0.023897,-2.719627,-1.456070,0.023228,0.037227,0.000669
103.285000,0.018123,0.032,3.997150,-0.032065,1.748608,0.012731,0.216026,0.008429,0.271768,0.00000000,0.00000000,-2.701755,-1.493408,0.023683,-2.698619,-1.456405,0.022990,0.037135,0.000693
103.385000,0.019955,0.079,0.485412,-0.019006,1.751710,0.012943,0.213057,0.009088,0.190400,0.00000000,0.00000000,-2.680590,-1.492848,0.023898,-2.677433,-1.455894,0.023209,0.037088,0.000689
103.485000,0.020275,0.032,3.660629,-0.021979,1.985296,0.013192,0.227163,-0.000401,0.098596,0.00000000,0.00000000,-2.657790,-1.492683,0.023483,-2.654617,-1.455732,0.022825,0.037087,0.000658
103.580000,0.019870,0.002,3.031412,-0.053393,2.028196,0.013206,0.208722,0.011903,0.232202,0.00000000,0.00000000,-2.637532,-1.491836,0.023746,-2.633278,-1.454879,0.023073,0.037201,0.000674
103.680000,0.021465,0.038,3.485184,-0.031673,2.133969,0.012434,0.198865,-0.001164,0.473776,0.00000000,0.00000000,-2.617267,-1.491826,0.023785,-2.613014,-1.454883,0.023112,0.037187,0.000673
103.785000,0.019693,0.082,0.867489,-0.041371,2.147166,0.012406,0.231795,-0.007061,1.108653,0.00000000,0.00000000,-2.591960,-1.489349,0.023302,-2.588759,-1.452546,0.022631,0.036942,0.000671
103.875000,0.020335,0.059,0.384738,-0.019259,2.364728,0.012783,0.262462,0.007898,0.812459,0.00000000,0.00000000,-2.570287,-1.487968,0.023442,-2.564745,-1.451064,0.022781,0.037318,0.000660
103.960000,0.020076,0.083,1.739930,-0.084180,2.710837,0.013662,0.278811,-0.012636,0.267794,0.00000000,0.00000000,-2.546932,-1.487298,0.022836,-2.542675,-1.450402,0.022162,0.037140,0.000674
104.045000,0.019850,0.076,10.567870,-0.027230,3.342902,0.014009,0.292139,0.005555,0.156218,0.00000000,0.00000000,-2.521826,-1.486416,0.022904,-2.519119,-1.449570,0.022203,0.036945,0.000701
104.120000,0.018663,0.007,1.079646,-0.038866,3.346354,0.013982,0.324490,-0.000934,0.388796,0.00000000,0.00000000,-2.497806,-1.485925,0.023048,-2.497107,-1.448119,0.021852,0.037813,0.001196
104.185000,0.018622,0.015,0.841221,-0.032829,3.351201,0.013698,0.347596,-0.012932,0.353939,0.00000000,0.00000000,-2.475536,-1.484932,0.022635,-2.477419,-1.447822,0.022033,0.037158,0.000602
104.240000,0.019459,0.007,1.435391,-0.046200,3.344688,0.013859,0.345271,0.005730,0.305067,0.00000000,0.00000000,-2.456523,-1.484252,0.022850,-2.456690,-1.447110,0.022258,0.037142,0.000592
104.305000,0.019459,0.097,1.278287,-0.058931,3.295057,0.014117,0.350413,-0.013506,1.025673,0.00000000,0.00000000,-2.433422,-1.484014,0.022628,-2.435378,-1.446859,0.022043,0.037206,0.000585
104.355000,0.021122,0.066,1.563892,-0.046438,3.307586,0.014212,0.363802,0.004696,0.077608,0.00000000,0.00000000,-2.415308,-1.483420,0.022710,-2.413753,-1.446126,0.022134,0.037327,0.000576
104.420000,0.021725,0.075,3.036296,-0.030273,3.419297,0.014024,0.360273,0.001190,0.229143,0.00000000,0.00000000,-2.391505,-1.482674,0.022801,-2.391671,-1.445571,0.022209,0.037104,0.000592
104.475000,0.019503,0.064,4.972170,-0.034319,3.482553,0.013786,0.370421,-0.008685,0.016369,0.00000000,0.00000000,-2.370952,-1.482183,0.022601,-2.369278,-1.445029,0.022031,0.037192,0.000571
104.535000,0.020598,0.067,1.509177,-0.039194,3.486403,0.013821,0.380534,0.010591,0.459080,0.00000000,0.00000000,-2.348795,-1.481450,0.022962,-2.347119,-1.444355,0.022400,0.037133,0.000562
104.605000,0.017581,0.029,8.917803,-0.022453,3.565567,0.013952,0.365985,0.001395,0.259021,0.00000000,0.00000000,-2.322845,-1.481051,0.022959,-2.324876,-1.444033,0.022406,0.037075,0.000553
104.655000,0.017188,0.024,0.218558,-0.052037,3.559720,0.012984,0.369182,0.004054,0.102157,0.00000000,0.00000000,-2.304285,-1.480629,0.022923,-2.307179,-1.444191,0.022363,0.036552,0.000561
104.715000,0.018498,0.020,0.489608,-0.022257,3.608645,0.013095,0.367531,-0.003539,0.463643,0.00000000,0.00000000,-2.282188,-1.479989,0.022968,-2.286983,-1.443882,0.022010,0.036424,0.000958
104.785000,0.018330,0.006,5.274761,-0.035243,3.658500,0.012930,0.374506,-0.005797,0.608588,0.00000000,0.00000000,-2.256213,-1.479643,0.022818,-2.264651,-1.443298,0.021883,0.037312,0.000936
104.835000,0.018320,0.004,4.487799,-0.041546,3.768597,0.012750,0.365127,-0.003763,0.428479,0.00000000,0.00000000,-2.237617,-1.479154,0.023010,-2.242352,-1.442718,0.022092,0.036742,0.000918
104.900000,0.018320,0.084,3.932585,-0.014301,3.945627,0.013081,0.364759,0.009967,0.355482,0.00000000,0.00000000,-2.213832,-1.479028,0.022982,-2.220420,-1.442667,0.022073,0.036953,0.000909
104.950000,0.017616,0.103,1.427973,-0.033888,3.896277,0.013073,0.359671,0.014073,0.604523,0.00000000,0.00000000,-2.195902,-1.479332,0.023035,-2.198806,-1.442838,0.022224,0.036610,0.000812
105.015000,0.018689,0.042,4.924743,-0.045225,3.938173,0.012984,0.382115,0.004777,0.397054,0.00000000,0.00000000,-2.171693,-1.478680,0.023242,-2.176414,-1.442317,0.022303,0.036668,0.000938
105.080000,0.019932,0.062,14.399925,-0.046591,4.356129,0.012689,0.359728,-0.002119,0.796095,0.00000000,0.00000000,-2.147647,-1.478445,0.022996,-2.154235,-1.442145,0.022086,0.036894,0.000909
105.135000,0.018932,0.066,4.792732,-0.019767,4.482667,0.012923,0.363609,0.007908,0.148217,0.00000000,0.00000000,-2.127635,-1.477474,0.023229,-2.132445,-1.441067,0.022329,0.036724,0.000901
105.200000,0.017329,0.048,6.837561,-0.027010,4.763332,0.013129,0.366447,-0.002386,0.007516,0.00000000,0.00000000,-2.103747,-1.476532,0.022995,-2.110334,-1.440271,0.022087,0.036854,0.000909
105.260000,0.017947,0.039,1.448247,-0.035452,4.772455,0.012984,0.377546,-0.007710,0.507442,0.00000000,0.00000000,-2.081512,-1.476102,0.022888,-2.088098,-1.439861,0.021979,0.036834,0.000909
105.315000,0.017265,0.032,0.309239,-0.027383,4.772306,0.013030,0.372086,-0.008304,0.158298,0.00000000,0.00000000,-2.060926,-1.475655,0.022928,-2.067979,-1.439622,0.022170,0.036716,0.000758
105.380000,0.017671,0.021,3.707951,-0.048875,4.830543,0.013152,0.368293,-0.007332,0.123361,0.00000000,0.00000000,-2.036914,-1.475490,0.022720,-2.046006,-1.439443,0.022011,0.037176,0.000709
105.445000,0.018658,0.008,1.203848,-0.033571,5.057297,0.013053,0.367775,0.000441,0.058156,0.00000000,0.00000000,-2.012805,-1.474677,0.022901,-2.023800,-1.438742,0.022177,0.037580,0.000724
105.495000,0.017347,0.005,1.460429,-0.032856,4.948196,0.013343,0.363999,0.016824,0.209382,0.00000000,0.00000000,-1.994331,-1.474378,0.022965,-2.000776,-1.438182,0.022051,0.036765,0.000914
105.560000,0.017347,0.112,1.614235,-0.019752,4.848059,0.013347,0.363275,-0.002721,0.333899,0.00000000,0.00000000,-1.970807,-1.473602,0.023105,-1.979066,-1.437415,0.022203,0.037117,0.000902
105.610000,0.018161,0.062,4.554399,-0.030791,4.898531,0.011321,0.366609,0.008223,0.282892,0.00000000,0.00000000,-1.952455,-1.472839,0.023358,-1.956975,-1.436586,0.022496,0.036533,0.000862
105.675000,0.018244,0.036,0.164423,-0.042054,4.741540,0.010878,0.369126,-0.006578,0.190495,0.00000000,0.00000000,-1.928531,-1.472671,0.023218,-1.939554,-1.437182,0.022139,0.037161,0.001079
105.740000,0.020096,0.080,7.471222,-0.024995,4.647250,0.010710,0.387074,0.011029,0.632066,0.00000000,0.00000000,-1.903444,-1.472293,0.023455,-1.916323,-1.436781,0.022400,0.037775,0.001055
105.805000,0.019682,0.069,1.667439,-0.026434,4.660317,0.011000,0.399223,0.004386,0.271829,0.00000000,0.00000000,-1.877246,-1.471830,0.023368,-1.892113,-1.436355,0.022338,0.038464,0.001029
105.865000,0.018923,0.074,0.592387,-0.029373,4.699260,0.010629,0.411986,0.001240,0.266480,0.00000000,0.00000000,-1.852794,-1.471267,0.023486,-1.867751,-1.435860,0.022378,0.038436,0.001108
105.920000,0.016973,0.038,2.092647,-0.054083,4.797398,0.010496,0.433210,0.001757,0.350820,0.00000000,0.00000000,-1.828936,-1.470614,0.023375,-1.841813,-1.435181,0.022320,0.037701,0.001055
105.985000,0.015742,0.026,7.312869,-0.017954,4.927022,0.010693,0.432248,-0.004057,0.090171,0.00000000,0.00000000,-1.801001,-1.469819,0.023445,-1.818414,-1.434880,0.022722,0.039038,0.000722
106.035000,0.018455,0.024,1.698568,-0.026713,4.920167,0.010538,0.432302,-0.002090,0.294339,0.00000000,0.00000000,-1.779292,-1.469150,0.023431,-1.792643,-1.434121,0.022603,0.037487,0.000828
106.090000,0.018455,0.108,14.982642,-0.021471,5.285040,0.010585,0.426887,-0.005196,0.220094,0.00000000,0.00000000,-1.755529,-1.468656,0.023144,-1.766726,-1.433586,0.022393,0.036814,0.000751
106.155000,0.016214,0.009,2.120418,-0.033360,5.278640,0.010634,0.433327,0.003662,0.399383,0.00000000,0.00000000,-1.727614,-1.467671,0.023195,-1.740183,-1.432557,0.022587,0.037295,0.000608
106.220000,0.018048,0.003,1.170866,-0.068881,5.269349,0.011694,0.429001,-0.009554,0.066271,0.00000000,0.00000000,-1.699637,-1.467241,0.022841,-1.714372,-1.432202,0.022251,0.038012,0.000590
106.270000,0.018048,0.070,9.302860,-0.043438,5.267132,0.011469,0.424212,0.001362,0.766448,0.00000000,0.00000000,-1.678065,-1.466539,0.023024,-1.688468,-1.431384,0.022404,0.036662,0.000620
106.335000,0.018270,0.087,1.409850,-0.041089,5.246250,0.011203,0.432352,-0.002562,0.445044,0.00000000,0.00000000,-1.649817,-1.465857,0.022784,-1.662372,-1.430791,0.022156,0.037246,0.000628
106.400000,0.018288,0.074,6.107747,-0.012514,5.340381,0.011518,0.435812,0.004915,0.322453,0.00000000,0.00000000,-1.621596,-1.465000,0.022945,-1.636330,-1.430006,0.022356,0.037969,0.000589
106.455000,0.018339,0.052,2.196633,-0.018864,5.384212,0.012579,0.437616,0.027924,0.047437,0.00000000,0.00000000,-1.597835,-1.464481,0.024467,-1.610409,-1.429472,0.023999,0.037199,0.000468
106.520000,0.017038,0.050,7.283987,0.034660,5.348733,0.017077,0.429824,0.061785,0.212621,0.00000000,0.00000000,-1.569674,-1.463895,0.027891,-1.584407,-1.428933,0.027303,0.037940,0.000589
106.585000,0.017587,0.049,5.462092,0.033640,5.413793,0.019593,0.438115,0.054538,0.107049,0.00000000,0.00000000,-1.541439,-1.463275,0.031555,-1.558318,-1.428421,0.030654,0.038726,0.000901
106.640000,0.019160,0.014,1.191719,0.027397,5.412017,0.021107,0.443032,0.055906,0.434680,0.00000000,0.00000000,-1.517663,-1.462608,0.034806,-1.534445,-1.428007,0.028446,0.038457,0.006360
106.700000,0.019160,0.098,2.242789,0.017379,5.397794,0.023047,0.436255,0.069868,0.190959,0.00000000,0.00000000,-1.491361,-1.461927,0.038567,-1.508140,-1.427493,0.032207,0.038304,0.006360
106.750000,0.019916,0.024,5.103804,0.038656,5.003086,0.025833,0.434372,0.060292,0.576374,0.00000000,0.00000000,-1.469489,-1.461587,0.041355,-1.481329,-1.427251,0.035535,0.036319,0.005820
106.815000,0.019916,0.110,1.984360,0.040400,4.805046,0.028247,0.433546,0.065202,0.167868,0.00000000,0.00000000,-1.441598,-1.461006,0.045436,-1.455520,-1.426693,0.039309,0.037030,0.006128
106.880000,0.020827,0.096,4.888103,0.016881,4.745866,0.029054,0.435213,0.055437,0.162875,0.00000000,0.00000000,-1.413527,-1.459501,0.049476,-1.429569,-1.425489,0.043035,0.037605,0.006441
106.930000,0.019257,0.076,5.045295,0.023679,4.785353,0.029478,0.422566,0.069626,0.929040,0.00000000,0.00000000,-1.391886,-1.458583,0.052638,-1.403647,-1.424516,0.046896,0.036040,0.005741
106.995000,0.020693,0.074,7.227974,0.027200,4.836375,0.030421,0.443280,0.067660,0.736126,0.00000000,0.00000000,-1.363761,-1.456800,0.056703,-1.377546,-1.422937,0.050581,0.036561,0.006122
107.060000,0.020270,0.081,4.940708,0.019938,4.559594,0.030760,0.443658,0.057077,0.050796,0.00000000,0.00000000,-1.335097,-1.454888,0.060507,-1.351111,-1.421381,0.054066,0.037137,0.006441
107.115000,0.019403,0.073,2.393376,0.017511,4.572762,0.032119,0.431768,0.063170,0.023838,0.00000000,0.00000000,-1.311143,-1.453424,0.063993,-1.324948,-1.419962,0.057854,0.036198,0.006139
107.175000,0.019823,0.041,2.274523,0.027250,4.549728,0.032877,0.429198,0.055721,0.305114,0.00000000,0.00000000,-1.284903,-1.451630,0.067631,-1.298771,-1.418363,0.061473,0.036041,0.006158
107.230000,0.019907,0.023,5.221650,0.018847,4.558912,0.033229,0.428244,0.065766,0.536982,0.00000000,0.00000000,-1.261253,-1.449836,0.071257,-1.272871,-1.416538,0.065447,0.035267,0.005809
107.295000,0.020716,0.005,0.686020,0.065737,4.556398,0.034298,0.425607,0.064288,0.414714,0.00000000,0.00000000,-1.233088,-1.447855,0.075394,-1.246925,-1.414905,0.069223,0.035738,0.006171
107.360000,0.021930,0.019,2.167406,0.020217,4.567416,0.033670,0.433377,0.059664,0.016303,0.00000000,0.00000000,-1.204995,-1.445987,0.079305,-1.220376,-1.414581,0.072044,0.034971,0.007261
107.425000,0.021881,0.011,1.295557,0.029896,4.439670,0.032975,0.431950,0.062816,0.427325,0.00000000,0.00000000,-1.176850,-1.443786,0.083254,-1.194371,-1.412733,0.075706,0.035655,0.007548
107.475000,0.022016,0.007,2.123562,0.018320,4.376328,0.032785,0.426448,0.063739,0.370494,0.00000000,0.00000000,-1.155383,-1.442116,0.086434,-1.168620,-1.410971,0.079503,0.033841,0.006931
107.540000,0.022016,0.089,7.236388,0.034681,4.449442,0.032171,0.442583,0.066313,0.624638,0.00000000,0.00000000,-1.127395,-1.440117,0.090808,-1.142735,-1.409274,0.083546,0.034447,0.007262
107.590000,0.020447,0.088,2.019559,0.027963,4.448907,0.030986,0.423610,0.063055,0.326627,0.00000000,0.00000000,-1.106313,-1.437633,0.093929,-1.117313,-1.406599,0.087275,0.032926,0.006654
107.660000,0.021276,0.029,9.551556,0.016542,4.578907,0.029996,0.427375,0.060387,0.322439,0.00000000,0.00000000,-1.076301,-1.434874,0.098309,-1.097066,-1.404669,0.089038,0.036654,0.009271
107.720000,0.019124,0.039,0.925275,-0.008108,4.575658,0.029229,0.439704,0.052157,0.340425,0.00000000,0.00000000,-1.050463,-1.432029,0.101878,-1.073128,-1.402571,0.093017,0.037169,0.008860
107.775000,0.019676,0.060,18.228105,0.054118,4.833043,0.028625,0.439282,0.089767,0.020144,0.00000000,0.00000000,-1.026632,-1.429678,0.106967,-1.047049,-1.400280,0.098564,0.035793,0.008404
107.840000,0.019812,0.076,4.371527,0.078517,4.858740,0.028196,0.444641,0.117343,0.079075,0.00000000,0.00000000,-0.997705,-1.427141,0.114259,-1.020330,-1.398150,0.105399,0.036774,0.008860
107.905000,0.018674,0.035,2.213873,0.094803,4.830845,0.028660,0.423417,0.123836,0.658882,0.00000000,0.00000000,-0.970049,-1.424567,0.122262,-0.994792,-1.396073,0.112772,0.037737,0.009490
107.955000,0.018402,0.004,2.192662,0.068613,4.614947,0.027311,0.421168,0.133283,0.326358,0.00000000,0.00000000,-0.949083,-1.421402,0.128634,-0.969519,-1.392556,0.120356,0.035351,0.008279
108.020000,0.018718,0.024,2.295346,0.066878,4.637191,0.025808,0.438143,0.119170,0.055954,0.00000000,0.00000000,-0.920895,-1.417742,0.136347,-0.940850,-1.389668,0.123653,0.034444,0.012694
108.085000,0.018718,0.096,2.534126,0.119147,4.534619,0.027366,0.436682,0.129101,0.264323,0.00000000,0.00000000,-0.892703,-1.413593,0.144278,-0.914804,-1.386222,0.130978,0.035179,0.013300
108.130000,0.019407,0.055,2.264632,0.093841,4.614625,0.028319,0.441918,0.124527,0.174491,0.00000000,0.00000000,-0.873026,-1.410855,0.149743,-0.888585,-1.382786,0.138378,0.032093,0.011365
108.200000,0.018060,0.081,5.393098,0.076794,4.524192,0.029029,0.440246,0.123361,0.119051,0.00000000,0.00000000,-0.842844,-1.406369,0.158646,-0.862662,-1.379286,0.145952,0.033559,0.012694
108.250000,0.017841,0.065,11.590127,0.093088,4.767309,0.029727,0.433407,0.128131,0.015966,0.00000000,0.00000000,-0.821382,-1.403214,0.164785,-0.836850,-1.375735,0.153349,0.031534,0.011435
108.315000,0.016403,0.088,2.163913,0.089820,4.877125,0.030397,0.438694,0.128450,0.349754,0.00000000,0.00000000,-0.793642,-1.398491,0.173025,-0.811210,-1.371683,0.160955,0.032052,0.012070
108.380000,0.016960,0.074,6.477190,0.081978,4.869114,0.030360,0.425955,0.125272,0.010767,0.00000000,0.00000000,-0.766252,-1.393154,0.181331,-0.785908,-1.367045,0.168637,0.032681,0.012694
108.440000,0.016119,0.066,2.289001,0.087370,4.836507,0.031311,0.440334,0.130839,0.049536,0.00000000,0.00000000,-0.740475,-1.388355,0.188990,-0.760072,-1.362573,0.176296,0.032384,0.012694
108.505000,0.015042,0.025,7.304413,0.088986,4.969845,0.031938,0.434826,0.120935,0.788785,0.00000000,0.00000000,-0.712593,-1.383052,0.196780,-0.734429,-1.359174,0.180285,0.032357,0.016495
108.565000,0.017801,0.019,6.157734,0.079562,4.932188,0.031522,0.441075,0.121773,0.616745,0.00000000,0.00000000,-0.687192,-1.377883,0.204144,-0.708700,-1.355003,0.188140,0.031402,0.016004
108.615000,0.015200,0.014,2.482830,0.093833,4.894372,0.031625,0.441285,0.118027,0.067138,0.00000000,0.00000000,-0.665862,-1.373499,0.209934,-0.682063,-1.349908,0.195583,0.028619,0.014351
108.680000,0.017215,0.005,2.379108,0.083534,4.825272,0.031315,0.442819,0.107450,0.010032,0.00000000,0.00000000,-0.637671,-1.367045,0.217589,-0.655955,-1.344318,0.202632,0.029169,0.014958
108.740000,0.017215,0.088,2.364207,0.075566,4.797872,0.030990,0.429252,0.119075,0.214771,0.00000000,0.00000000,-0.612442,-1.361093,0.225019,-0.630639,-1.338745,0.210063,0.028821,0.014957
108.795000,0.016861,0.009,4.790456,0.100547,4.881858,0.030590,0.427517,0.122895,0.238657,0.00000000,0.00000000,-0.589564,-1.355486,0.231511,-0.602115,-1.332978,0.219535,0.025771,0.011977
108.860000,0.016861,0.108,2.171408,0.101312,5.273554,0.030777,0.427556,0.127511,0.003216,0.00000000,0.00000000,-0.562119,-1.349044,0.239802,-0.576707,-1.327343,0.227232,0.026149,0.012569
108.910000,0.018038,0.059,1.820854,0.080133,5.238451,0.029984,0.425045,0.117629,0.151812,0.00000000,0.00000000,-0.541565,-1.343799,0.245976,-0.552001,-1.321212,0.234612,0.024882,0.011364
108.975000,0.019534,0.082,0.694892,0.078741,5.235501,0.029208,0.424043,0.120837,0.061792,0.00000000,0.00000000,-0.515072,-1.336843,0.254141,-0.527428,-1.315287,0.242187,0.024847,0.011954
109.040000,0.017945,0.085,6.809288,0.081723,5.298734,0.027487,0.433524,0.125750,0.121370,0.00000000,0.00000000,-0.488044,-1.329738,0.262327,-0.502396,-1.308970,0.249756,0.025245,0.012570
109.105000,0.017081,0.057,0.625549,0.127390,5.300332,0.027477,0.444787,0.135914,0.674739,0.00000000,0.00000000,-0.460853,-1.322517,0.271335,-0.477195,-1.302572,0.258029,0.025785,0.013306
109.160000,0.015777,0.061,4.635622,0.156771,5.284203,0.028895,0.431233,0.153786,0.058733,0.00000000,0.00000000,-0.437976,-1.316543,0.279588,-0.453413,-1.297838,0.261526,0.024253,0.018062
109.225000,0.015777,0.127,2.445026,0.155644,5.216292,0.030620,0.426370,0.188647,0.325515,0.00000000,0.00000000,-0.410886,-1.308550,0.291653,-0.428267,-1.290923,0.272679,0.024755,0.018974
109.275000,0.017542,0.011,9.660161,0.140473,5.292895,0.029909,0.427261,0.179389,0.751664,0.00000000,0.00000000,-0.390079,-1.302219,0.300605,-0.403176,-1.283812,0.283511,0.022591,0.017094
109.340000,0.014830,0.002,9.924069,0.159679,5.372793,0.030850,0.433260,0.191130,0.087828,0.00000000,0.00000000,-0.363246,-1.294069,0.313160,-0.378290,-1.276718,0.295098,0.022965,0.018062
109.405000,0.015797,0.005,7.183408,0.129183,5.498286,0.027845,0.430621,0.178474,0.319007,0.00000000,0.00000000,-0.336867,-1.285020,0.324826,-0.353807,-1.268825,0.305891,0.023436,0.018936
109.465000,0.015797,0.089,2.405712,0.143367,4.819965,0.028498,0.428781,0.169938,0.316305,0.00000000,0.00000000,-0.312371,-1.276703,0.335834,-0.329167,-1.260917,0.316889,0.023050,0.018945
109.520000,0.017666,0.002,0.594993,0.156532,4.795926,0.029332,0.436210,0.185957,0.378805,0.00000000,0.00000000,-0.289778,-1.269099,0.346169,-0.304383,-1.253079,0.328108,0.021679,0.018061
109.570000,0.017666,0.100,7.266707,0.138305,4.910865,0.031629,0.426916,0.189236,0.405213,0.00000000,0.00000000,-0.269253,-1.261688,0.355572,-0.279726,-1.244562,0.339413,0.020075,0.016159
109.635000,0.015995,0.066,3.110444,0.133334,4.949681,0.031973,0.410702,0.195727,0.629237,0.00000000,0.00000000,-0.243310,-1.252975,0.368005,-0.255526,-1.237184,0.351099,0.019965,0.016907
109.700000,0.015067,0.076,4.380445,0.140896,5.095952,0.032091,0.434766,0.181057,1.149339,0.00000000,0.00000000,-0.217425,-1.242992,0.380427,-0.231570,-1.228283,0.362366,0.020407,0.018061
109.765000,0.015788,0.071,6.176415,0.161726,5.080555,0.033937,0.435683,0.175675,0.236917,0.00000000,0.00000000,-0.191148,-1.232416,0.392452,-0.207118,-1.218982,0.373413,0.020869,0.019039
109.825000,0.015108,0.036,2.320700,0.162583,5.170183,0.034827,0.433140,0.195864,0.141754,0.00000000,0.00000000,-0.167160,-1.222486,0.403837,-0.182971,-1.209498,0.384824,0.020461,0.019013
109.885000,0.016716,0.037,2.206237,0.132914,4.834859,0.034830,0.430449,0.191582,0.228954,0.00000000,0.00000000,-0.142795,-1.212240,0.415182,-0.158430,-1.199758,0.396137,0.020006,0.019045
109.940000,0.018949,0.023,2.611914,0.165302,4.736210,0.035011,0.437370,0.186305,0.024767,0.00000000,0.00000000,-0.120793,-1.202727,0.425375,-0.134227,-1.189770,0.407313,0.018665,0.018061
110.005000,0.016531,0.007,5.692473,0.148961,4.781982,0.034353,0.429008,0.192540,0.461920,0.00000000,0.00000000,-0.095072,-1.191501,0.437500,-0.110289,-1.179861,0.418492,0.019159,0.019009
110.065000,0.016531,0.127,6.037936,0.127665,4.767642,0.034382,0.430107,0.197636,0.151743,0.00000000,0.00000000,-0.071593,-1.180545,0.448869,-0.086574,-1.169410,0.429931,0.018666,0.018938
110.115000,0.015700,0.085,6.909750,0.157294,4.811462,0.033932,0.447573,0.174264,0.866692,0.00000000,0.00000000,-0.051876,-1.171107,0.457621,-0.062768,-1.158487,0.440503,0.016671,0.017118
110.175000,0.017691,0.072,0.895552,0.166795,5.210340,0.033286,0.432012,0.188011,0.150792,0.00000000,0.00000000,-0.028443,-1.159662,0.468827,-0.039169,-1.147433,0.451698,0.016267,0.017128
110.230000,0.018510,0.055,0.155242,0.133344,5.134948,0.032456,0.439559,0.188223,0.281523,0.00000000,0.00000000,-0.006528,-1.148915,0.479115,-0.015124,-1.136168,0.462996,0.015375,0.016119
110.295000,0.016834,0.073,0.141327,0.138145,5.134946,0.031190,0.442196,0.179165,0.459055,0.00000000,0.00000000,0.018387,-1.135895,0.491158,0.008061,-1.124519,0.473988,0.015364,0.017170
110.360000,0.017460,0.080,2.617939,0.153615,5.176680,0.029651,0.419946,0.183755,0.325110,0.00000000,0.00000000,0.042934,-1.123353,0.502860,0.030907,-1.113366,0.484799,0.015634,0.018061
110.425000,0.014202,0.040,7.389395,0.199276,5.254253,0.028735,0.434400,0.215588,0.153005,0.00000000,0.00000000,0.067506,-1.109525,0.517290,0.053785,-1.100993,0.497977,0.016157,0.019313
110.480000,0.015029,0.068,4.610348,0.214862,4.881766,0.030974,0.439839,0.247863,0.262016,0.00000000,0.00000000,0.088486,-1.097780,0.530790,0.076913,-1.088619,0.512728,0.014760,0.018062
110.530000,0.014464,0.032,2.340630,0.220803,4.998152,0.032669,0.426452,0.245651,0.085042,0.00000000,0.00000000,0.107015,-1.086923,0.543001,0.099433,-1.075984,0.527504,0.013310,0.015497
110.595000,0.011544,0.003,5.819840,0.209098,5.060014,0.032015,0.440938,0.240847,0.048858,0.00000000,0.00000000,0.131370,-1.072156,0.559081,0.122178,-1.062663,0.542276,0.013214,0.016804
110.660000,0.018152,0.006,2.762569,0.228187,5.152128,0.031624,0.441709,0.253369,0.313711,0.00000000,0.00000000,0.155410,-1.057364,0.575367,0.144557,-1.049419,0.557305,0.013451,0.018061
110.725000,0.018152,0.100,5.815286,0.239449,5.210928,0.030097,0.424043,0.258856,0.147030,0.00000000,0.00000000,0.178960,-1.042300,0.592181,0.166530,-1.035933,0.572675,0.013966,0.019506
110.770000,0.015284,0.092,7.497057,0.257340,5.328523,0.034524,0.434378,0.289610,0.560666,0.00000000,0.00000000,0.195115,-1.031516,0.605395,0.188159,-1.021812,0.590350,0.011940,0.015044
110.835000,0.017363,0.092,9.455194,0.304885,5.446495,0.040013,0.442129,0.303912,0.051520,0.00000000,0.00000000,0.218312,-1.015271,0.625079,0.210005,-1.007279,0.608632,0.011528,0.016448
110.890000,0.019116,0.097,9.837672,0.248409,5.603780,0.041243,0.431338,0.306048,0.241809,0.00000000,0.00000000,0.237690,-1.001986,0.641925,0.231295,-0.993032,0.627132,0.011003,0.014793
110.955000,0.015426,0.076,0.507434,0.323594,5.426541,0.049507,0.439808,0.339638,0.304069,0.00000000,0.00000000,0.260229,-0.985106,0.664047,0.252393,-0.977740,0.647734,0.010754,0.016312
111.020000,0.016972,0.067,8.260313,0.296928,5.368548,0.055046,0.437898,0.353134,0.484832,0.00000000,0.00000000,0.282479,-0.967516,0.687436,0.273227,-0.961880,0.669375,0.010833,0.018061
111.085000,0.016391,0.042,0.005585,0.300178,5.332728,0.060140,0.442243,0.359914,0.357060,0.00000000,0.00000000,0.304209,-0.949714,0.711106,0.293606,-0.945835,0.691215,0.011290,0.019891
111.135000,0.017439,0.056,1.683495,0.348342,5.458337,0.064792,0.422029,0.369056,0.178185,0.00000000,0.00000000,0.320590,-0.936224,0.729381,0.313520,-0.929935,0.713145,0.009462,0.016236
111.205000,0.017986,0.006,22.688332,0.350674,6.237357,0.070113,0.443557,0.375026,0.427434,0.00000000,0.00000000,0.343166,-0.915155,0.755749,0.333220,-0.912181,0.735784,0.010381,0.019965
111.255000,0.020458,0.014,7.313283,0.334731,6.233228,0.071719,0.433889,0.382300,0.630322,0.00000000,0.00000000,0.358742,-0.899998,0.774400,0.352292,-0.894287,0.758323,0.008615,0.016077
111.325000,0.020458,0.112,3.374947,0.316025,6.153546,0.073016,0.431175,0.355016,0.184890,0.00000000,0.00000000,0.379816,-0.878157,0.799729,0.370656,-0.875786,0.779756,0.009462,0.019973
111.385000,0.019501,0.107,1.258507,0.290750,6.364045,0.073241,0.425922,0.360859,0.131312,0.00000000,0.00000000,0.396798,-0.859760,0.820323,0.388197,-0.857538,0.801163,0.008883,0.019160
111.480000,0.020672,0.080,0.302873,-0.028981,6.404197,0.084410,0.126307,0.063468,3.766040,0.00000000,0.00000000,0.410152,-0.845795,0.831683,0.403077,-0.842485,0.813622,0.007810,0.018062
112.175000,0.019440,0.002,0.044770,0.083576,5.483175,0.150091,-0.008801,0.117142,0.185424,0.00000000,0.00000000,0.415226,-0.845467,0.852316,0.408145,-0.842356,0.834919,0.007735,0.017397
112.325000,0.018385,0.127,5.005036,0.151481,5.382249,0.148781,-0.012257,0.178648,0.269167,0.00000000,0.00000000,0.415348,-0.847758,0.876674,0.408225,-0.844562,0.857728,0.007807,0.018946
112.445000,0.017933,0.011,0.787551,0.144364,5.106536,0.146077,0.002223,0.172141,0.029646,0.00000000,0.00000000,0.414960,-0.847492,0.898669,0.407916,-0.844276,0.879697,0.007744,0.018972
112.550000,0.018506,0.074,0.127282,0.173991,4.680192,0.140355,0.000299,0.197300,0.004164,0.00000000,0.00000000,0.414294,-0.847472,0.918580,0.407256,-0.844214,0.902683,0.007755,0.015897
112.645000,0.016662,0.020,0.480563,0.238263,4.650800,0.136437,0.006366,0.275170,0.331611,0.00000000,0.00000000,0.414125,-0.847362,0.943157,0.407045,-0.844106,0.923741,0.007793,0.019415
112.720000,0.017646,0.015,0.928768,0.242277,4.526070,0.132742,0.003263,0.298832,0.120458,0.00000000,0.00000000,0.413760,-0.846489,0.965668,0.406672,-0.843244,0.947607,0.007795,0.018061
112.780000,0.018866,0.006,1.081638,0.313270,4.415713,0.132848,-0.000804,0.342873,0.018398,0.00000000,0.00000000,0.413639,-0.846092,0.985716,0.406559,-0.842845,0.967655,0.007789,0.018061
112.835000,0.018866,0.089,1.349542,0.346248,4.407274,0.131690,0.002426,0.372255,0.198705,0.00000000,0.00000000,0.413725,-0.845947,1.006251,0.406705,-0.842676,0.990037,0.007745,0.016214
112.900000,0.015588,0.070,1.259068,0.338119,3.075105,0.131266,0.005796,0.367497,0.096252,0.00000000,0.00000000,0.414300,-0.845584,1.030073,0.407229,-0.842349,1.012011,0.007776,0.018062
112.965000,0.017958,0.002,2.227656,0.339677,3.033335,0.132064,0.010136,0.367609,0.254035,0.00000000,0.00000000,0.414827,-0.845364,1.053835,0.407793,-0.842156,1.033944,0.007731,0.019891
113.015000,0.017958,0.105,1.395616,0.359089,2.489226,0.134209,0.012440,0.373038,0.181699,0.00000000,0.00000000,0.414712,-0.844872,1.072313,0.407644,-0.841611,1.056142,0.007785,0.016170
113.085000,0.017630,0.051,0.994455,0.337312,2.052687,0.137346,0.001478,0.375475,0.362925,0.00000000,0.00000000,0.415059,-0.844772,1.098494,0.407919,-0.841603,1.078625,0.007812,0.019869
113.145000,0.016662,0.071,3.796032,0.324974,2.112298,0.140477,0.022010,0.378980,0.010763,0.00000000,0.00000000,0.416529,-0.844122,1.120620,0.409364,-0.840977,1.100727,0.007824,0.019892
113.195000,0.017414,0.048,0.510118,0.365780,2.451598,0.141574,0.028463,0.371138,0.550588,0.00000000,0.00000000,0.418080,-0.843425,1.139186,0.411098,-0.840247,1.122948,0.007672,0.016238
113.265000,0.014837,0.061,1.151248,0.335211,2.887475,0.139963,0.007491,0.365492,0.524218,0.00000000,0.00000000,0.418115,-0.842215,1.164596,0.411155,-0.839248,1.144816,0.007566,0.019780
113.315000,0.014607,0.046,5.208588,0.307566,2.981353,0.136715,0.015700,0.359259,0.073861,0.00000000,0.00000000,0.417724,-0.841406,1.182740,0.410738,-0.838094,1.166417,0.007731,0.016323
113.385000,0.017245,0.017,1.789241,0.329366,3.059093,0.134002,-0.000176,0.378569,0.530208,0.00000000,0.00000000,0.417905,-0.841242,1.208780,0.410911,-0.838077,1.188866,0.007677,0.019914
113.435000,0.014096,0.015,2.024485,0.324466,3.057660,0.130870,0.004081,0.364958,0.271747,0.00000000,0.00000000,0.418072,-0.840990,1.226937,0.411176,-0.837754,1.210765,0.007617,0.016172
113.490000,0.014096,0.112,1.195275,0.315108,3.089107,0.122620,0.001410,0.368117,0.319488,0.00000000,0.00000000,0.418288,-0.840905,1.246921,0.411293,-0.837771,1.232515,0.007665,0.014406
113.560000,0.015812,0.074,0.321803,0.348786,3.104087,0.113837,0.001856,0.370017,0.206887,0.00000000,0.00000000,0.418281,-0.841167,1.272617,0.411289,-0.838004,1.254556,0.007674,0.018061
113.620000,0.016426,0.054,1.416576,0.358890,3.142375,0.106371,-0.009243,0.369762,0.116977,0.00000000,0.00000000,0.418411,-0.841582,1.294852,0.411412,-0.838421,1.276791,0.007680,0.018061
113.680000,0.017290,0.073,1.024451,0.352451,3.166471,0.097514,-0.000052,0.364610,0.037349,0.00000000,0.00000000,0.418237,-0.841326,1.316828,0.411242,-0.838162,1.298766,0.007677,0.018062
113.745000,0.018184,0.080,6.981507,0.314291,3.271613,0.088886,0.008444,0.372190,0.167331,0.00000000,0.00000000,0.418594,-0.840967,1.340829,0.411590,-0.837789,1.321000,0.007691,0.019829
113.790000,0.017420,0.060,1.367597,0.330675,3.271072,0.084457,-0.007557,0.364630,0.397943,0.00000000,0.00000000,0.418532,-0.841185,1.357170,0.411486,-0.838123,1.342805,0.007683,0.014365
113.860000,0.017591,0.038,4.145264,0.323159,3.244321,0.077063,0.008158,0.360326,0.296145,0.00000000,0.00000000,0.418288,-0.841218,1.382586,0.411296,-0.838055,1.364525,0.007675,0.018061
113.925000,0.018022,0.014,1.116310,0.374407,3.250086,0.070483,-0.005600,0.378007,0.053995,0.00000000,0.00000000,0.418056,-0.841358,1.406696,0.411053,-0.838195,1.386740,0.007684,0.019956
113.985000,0.020373,0.043,6.782312,0.324989,3.313922,0.063427,-0.009084,0.366817,0.091867,0.00000000,0.00000000,0.417713,-0.841281,1.428862,0.410730,-0.838124,1.408938,0.007663,0.019923
114.035000,0.019641,0.009,10.202621,0.334293,3.579207,0.056905,0.004367,0.366938,0.235088,0.00000000,0.00000000,0.417926,-0.841192,1.447077,0.410977,-0.838015,1.430806,0.007641,0.016271
114.090000,0.016897,0.028,6.281441,0.330039,3.717225,0.052077,0.012450,0.353606,0.260214,0.00000000,0.00000000,0.417571,-0.840462,1.467019,0.410544,-0.837303,1.452535,0.007704,0.014484
114.155000,0.016897,0.103,0.480147,0.327046,3.792505,0.041339,-0.008706,0.375369,0.731607,0.00000000,0.00000000,0.417270,-0.840446,1.490994,0.410243,-0.837308,1.474806,0.007696,0.016189
114.210000,0.018490,0.065,1.126910,0.312762,3.810954,0.028981,0.000635,0.374069,0.224698,0.00000000,0.00000000,0.417409,-0.840294,1.511569,0.410380,-0.837084,1.497121,0.007727,0.014448
114.285000,0.016433,0.091,1.110557,0.339476,3.816534,0.023004,-0.008018,0.378274,0.646543,0.00000000,0.00000000,0.416893,-0.840395,1.539264,0.409940,-0.837208,1.519323,0.007649,0.019941
114.340000,0.017197,0.070,2.081911,0.324189,3.705765,0.020897,-0.011553,0.361891,0.239904,0.00000000,0.00000000,0.416679,-0.840513,1.559111,0.409699,-0.837322,1.541050,0.007675,0.018061
114.400000,0.015721,0.081,1.199742,0.338189,3.708503,0.016995,0.004855,0.371105,0.690708,0.00000000,0.00000000,0.416534,-0.840550,1.581053,0.409553,-0.837356,1.562991,0.007677,0.018061
114.465000,0.017469,0.079,1.424677,0.345041,3.851067,0.016856,-0.001024,0.373176,0.470708,0.00000000,0.00000000,0.416449,-0.840303,1.605291,0.409486,-0.837126,1.585416,0.007654,0.019875
114.520000,0.017469,0.147,3.279166,0.328063,3.863868,0.016836,-0.007723,0.374864,0.116100,0.00000000,0.00000000,0.416316,-0.840326,1.625809,0.409339,-0.837128,1.607747,0.007675,0.018061
114.605000,0.016105,0.052,0.014042,0.076430,3.967323,0.044441,0.013421,0.209062,0.509544,0.00000000,0.00000000,0.416483,-0.839990,1.646811,0.409486,-0.836814,1.628155,0.007684,0.018656
116.005000,0.016583,0.019,0.280966,-0.011745,1.792582,0.123043,0.075167,0.007288,1.347846,0.00000000,0.00000000,0.418651,-0.818703,1.649291,0.456276,-0.800713,1.648883,0.041705,0.000408
116.145000,0.015962,0.141,5.105869,-0.041207,1.740551,0.076449,0.000038,-0.000425,0.099200,0.00000000,0.00000000,0.440435,-0.816242,1.649306,0.477521,-0.798049,1.648947,0.041308,0.000359
116.235000,0.018460,0.053,8.766272,-0.097210,2.261286,0.022631,-0.026796,-0.010818,0.686521,0.00000000,0.00000000,0.460430,-0.818012,1.648141,0.499859,-0.799720,1.647878,0.043465,0.000262
116.315000,0.017944,0.002,11.772189,-0.011061,3.131580,0.017383,-0.007434,-0.036902,0.694513,0.00000000,0.00000000,0.483838,-0.816250,1.646592,0.523331,-0.797930,1.646376,0.043536,0.000216
116.395000,0.017944,0.141,0.030223,-0.188554,3.137879,0.026918,-0.076649,-0.021150,0.315086,0.00000000,0.00000000,0.509501,-0.818342,1.645820,0.549078,-0.799957,1.644877,0.043639,0.000943
116.465000,0.017422,0.024,8.191306,0.022787,4.871838,0.039099,0.013707,-0.070295,0.470952,0.00000000,0.00000000,0.532923,-0.815345,1.641192,0.559405,-0.791494,1.646615,0.035639,0.005424
116.515000,0.017422,0.111,2.450494,-0.197792,5.444413,0.044407,-0.045409,-0.025406,1.736955,0.00000000,0.00000000,0.552033,-0.815828,1.640369,0.582063,-0.791682,1.645650,0.038534,0.005281
116.585000,0.015914,0.064,7.542533,0.075198,5.750464,0.049446,-0.065506,-0.015332,0.300898,0.00000000,0.00000000,0.577484,-0.817910,1.638841,0.604310,-0.793602,1.643875,0.036201,0.005034
116.630000,0.015145,0.092,4.363605,-0.073902,5.774251,0.049502,-0.066105,0.048694,0.503095,0.00000000,0.00000000,0.592961,-0.819931,1.642239,0.625635,-0.795075,1.647637,0.041054,0.005398
116.695000,0.012691,0.056,9.563822,0.056338,6.108637,0.063203,-0.015157,-0.070557,1.344208,0.00000000,0.00000000,0.621095,-0.817770,1.635224,0.651809,-0.793185,1.641509,0.039342,0.006285
116.760000,0.013728,0.074,9.611431,-0.051075,6.320000,0.063036,0.030709,-0.014721,2.267447,0.00000000,0.00000000,0.650404,-0.813888,1.637439,0.678811,-0.789169,1.643064,0.037656,0.005625
116.810000,0.014929,0.039,9.297622,0.039549,6.551880,0.064424,-0.176557,0.036512,1.625609,0.00000000,0.00000000,0.671631,-0.820757,1.637986,0.689891,-0.792861,1.636965,0.033341,0.001021
116.885000,0.014798,0.015,31.751969,0.213732,7.899253,0.074993,0.006945,0.134952,1.338377,0.00000000,0.00000000,0.702226,-0.819865,1.647032,0.709582,-0.787933,1.640875,0.032769,0.006157
116.930000,0.013989,0.035,1.061845,-0.296780,7.898193,0.082734,-0.126150,-0.036035,3.741353,0.00000000,0.00000000,0.721603,-0.822703,1.646450,0.736041,-0.792798,1.641658,0.033208,0.004792
116.990000,0.014132,0.024,9.436163,0.155803,8.179235,0.088186,-0.226876,0.017418,0.663832,0.00000000,0.00000000,0.748123,-0.835438,1.646698,0.760101,-0.800594,1.647119,0.036845,0.000421
117.065000,0.015022,0.020,9.463414,-0.097568,8.307926,0.088425,-0.109752,0.039523,2.828599,0.00000000,0.00000000,0.781920,-0.843035,1.647526,0.786772,-0.803862,1.648354,0.039472,0.000828
117.090000,0.015022,0.093,18.883186,0.048905,8.685913,0.089497,-0.118722,-0.048309,2.291487,0.00000000,0.00000000,0.794699,-0.845453,1.644233,0.807158,-0.808001,1.646173,0.039470,0.001940
117.130000,0.011290,0.027,4.070727,-0.529334,8.823792,0.116879,-0.021574,-0.141338,3.493478,0.00000000,0.00000000,0.816778,-0.845263,1.640297,0.829311,-0.805397,1.638212,0.041790,0.002084
117.180000,0.011290,0.118,9.510752,-0.282065,8.951396,0.120763,-0.063303,-0.094330,2.509052,0.00000000,0.00000000,0.845289,-0.846856,1.635481,0.852451,-0.807711,1.636025,0.039795,0.000544
117.220000,0.014024,0.065,9.541539,0.052300,9.073101,0.121865,-0.038364,-0.143214,1.876327,0.00000000,0.00000000,0.871566,-0.846504,1.628888,0.878728,-0.807345,1.629432,0.039809,0.000544
117.265000,0.013221,0.014,9.580464,-0.421768,9.190079,0.131682,-0.082425,-0.127204,0.042442,0.00000000,0.00000000,0.901909,-0.847275,1.620963,0.898321,-0.809561,1.632174,0.037884,0.011211
117.290000,0.013221,0.103,7.992162,-0.077970,9.270012,0.131621,-0.006089,-0.151575,0.520873,0.00000000,0.00000000,0.919298,-0.846699,1.619360,0.926365,-0.808523,1.628908,0.038824,0.009548
117.330000,0.011379,0.033,19.554373,0.294362,9.751844,0.150285,0.063453,-0.167956,3.196721,0.00000000,0.00000000,0.946736,-0.843531,1.611132,0.945117,-0.806086,1.627635,0.037480,0.016503
117.375000,0.011379,0.078,9.640879,-0.397892,9.859214,0.156915,0.042264,0.145660,2.017153,0.00000000,0.00000000,0.977736,-0.840396,1.620515,0.972795,-0.803722,1.635419,0.037005,0.014903
117.420000,0.012412,0.065,27.208640,0.007607,10.542616,0.157313,0.000956,-0.237977,0.302071,0.00000000,0.00000000,1.010426,-0.839876,1.607789,1.001832,-0.802991,1.624606,0.037873,0.016818
117.460000,0.012544,0.035,9.535596,-0.365799,10.743053,0.167135,-0.053977,-0.309345,2.167192,0.00000000,0.00000000,1.037506,-0.841909,1.601069,1.023598,-0.806993,1.614331,0.037585,0.013262
117.490000,0.012544,0.077,9.535596,-0.365799,10.743053,0.167135,-0.058962,-0.310720,0.249217,0.00000000,0.00000000,1.057712,-0.842994,1.591037,1.050847,-0.808515,1.602235,0.035156,0.011198
117.545000,0.010965,0.026,9.505097,-0.120748,10.929367,0.166916,-0.126504,0.010105,1.306176,0.00000000,0.00000000,1.096002,-0.848203,1.591069,1.073252,-0.812276,1.607295,0.042524,0.016226
117.585000,0.010965,0.088,5.328913,-0.243231,10.952130,0.168017,-0.010028,-0.136241,2.679575,0.00000000,0.00000000,1.123345,-0.848203,1.583854,1.100529,-0.811255,1.599330,0.043425,0.015476
117.620000,0.010513,0.055,8.710019,-0.193356,11.013847,0.168247,-0.011319,0.008719,0.392926,0.00000000,0.00000000,1.145853,-0.847854,1.586442,1.120823,-0.811694,1.595477,0.043978,0.009035
117.660000,0.014170,0.026,57.808442,-0.294158,13.621236,0.169854,0.030762,-0.143991,0.377925,0.00000000,0.00000000,1.170045,-0.846818,1.580570,1.146126,-0.812243,1.590853,0.042043,0.010283
117.700000,0.014170,0.100,9.532018,0.052762,13.710263,0.170794,-0.223752,-0.020599,7.838334,0.00000000,0.00000000,1.191134,-0.856755,1.580142,1.167316,-0.821962,1.590426,0.042164,0.010284
117.740000,0.011357,0.035,3.664243,-0.059147,13.845572,0.171789,-0.704879,-0.105003,9.878697,0.00000000,0.00000000,1.195910,-0.886632,1.575651,1.177197,-0.843559,1.588273,0.046962,0.012622
117.775000,0.011357,0.078,9.399003,0.026737,13.929028,0.172557,-0.602467,-0.056012,3.820434,0.00000000,0.00000000,1.206686,-0.907261,1.574596,1.189877,-0.866880,1.587522,0.043740,0.012925
117.820000,0.012077,0.055,9.553140,-0.152862,13.947135,0.172483,-0.324632,0.002528,6.076325,0.00000000,0.00000000,1.226074,-0.926767,1.572709,1.213942,-0.867847,1.585168,0.060156,0.012459
117.865000,0.012077,0.096,1.247610,0.226571,13.933993,0.178448,-0.243102,0.027903,4.076488,0.00000000,0.00000000,1.253187,-0.935336,1.573039,1.237779,-0.875949,1.587462,0.061353,0.014423
117.905000,0.011114,0.036,9.527940,-0.088837,14.012228,0.181437,-0.011643,-0.064802,5.509796,0.00000000,0.00000000,1.284491,-0.934722,1.574472,1.268499,-0.875584,1.587208,0.061263,0.012736
117.940000,0.010769,0.067,9.556664,0.033329,14.012140,0.182282,0.077529,0.017567,1.370805,0.00000000,0.00000000,1.311508,-0.931343,1.574922,1.292903,-0.878602,1.576642,0.055926,0.001720
117.970000,0.010769,0.107,9.489964,0.132378,14.029625,0.184679,0.045518,0.066784,3.044792,0.00000000,0.00000000,1.334498,-0.929531,1.575260,1.323725,-0.877129,1.578791,0.053498,0.003531
118.015000,0.011811,0.072,9.655640,-0.164701,14.114101,0.184753,0.013073,-0.045561,0.288118,0.00000000,0.00000000,1.372629,-0.928154,1.573169,1.358279,-0.875502,1.575119,0.054572,0.001950
118.055000,0.012597,0.027,24.595060,-0.525819,14.165017,0.193070,-0.075702,-0.042756,3.307768,0.00000000,0.00000000,1.403086,-0.931107,1.571932,1.381869,-0.885972,1.574699,0.049873,0.002766
118.100000,0.010914,0.003,24.595060,-0.525819,14.165017,0.193070,-0.159514,-0.114257,1.938398,0.00000000,0.00000000,1.434932,-0.939069,1.566911,1.410165,-0.893001,1.570794,0.052304,0.003883
118.140000,0.010914,0.065,9.643801,0.294733,14.064793,0.200067,-0.151846,0.117332,2.195181,0.00000000,0.00000000,1.464142,-0.944830,1.572448,1.439397,-0.898648,1.576331,0.052393,0.003883
118.170000,0.010958,0.015,73.009578,-0.457726,17.366584,0.206017,-0.030935,0.142454,3.633459,0.00000000,0.00000000,1.484785,-0.946192,1.579993,1.466256,-0.901232,1.569789,0.048628,0.010203
118.215000,0.010958,0.075,9.580210,0.017509,17.368755,0.206543,-0.118638,-0.146483,3.041203,0.00000000,0.00000000,1.516691,-0.950781,1.572752,1.494336,-0.907082,1.566990,0.049085,0.005763
118.260000,0.011592,0.013,74.509276,0.159196,20.086447,0.208254,-0.253880,0.133933,2.889814,0.00000000,0.00000000,1.543281,-0.962015,1.579176,1.516859,-0.917565,1.574426,0.051709,0.004750
118.305000,0.011871,0.009,9.668606,-0.060456,20.169512,0.212998,-0.243080,0.198630,2.611805,0.00000000,0.00000000,1.569678,-0.970676,1.586883,1.539707,-0.925969,1.582309,0.053824,0.004574
118.335000,0.011871,0.052,5.235538,-0.143317,20.091328,0.212263,-0.070412,0.014035,3.039334,0.00000000,0.00000000,1.589572,-0.972593,1.588331,1.566255,-0.928453,1.583058,0.049920,0.005273
118.385000,0.011678,0.020,34.731126,-0.064550,20.565296,0.212203,-0.008276,-0.040185,0.519397,0.00000000,0.00000000,1.619864,-0.973057,1.585103,1.593554,-0.931100,1.583847,0.049524,0.001256
118.415000,0.011678,0.060,9.475475,-0.095059,20.563521,0.212152,0.021887,-0.014710,1.508119,0.00000000,0.00000000,1.635437,-0.972129,1.584603,1.614399,-0.929962,1.583078,0.047124,0.001524
118.480000,0.009552,0.028,6.651964,-0.001996,20.587507,0.211588,-0.038075,-0.029273,2.306708,0.00000000,0.00000000,1.662348,-0.973521,1.581932,1.639564,-0.934300,1.586774,0.045359,0.004842
119.480000,0.009470,0.062,0.986659,0.010953,16.750343,0.132744,-0.031313,0.030237,1.211825,0.00000000,0.00000000,1.642823,-0.978898,1.582769,1.620064,-0.939772,1.587611,0.045264,0.004842
119.575000,0.009868,0.031,2.090377,-0.101824,16.506527,0.126139,-0.073673,0.050663,0.189962,0.00000000,0.00000000,1.624572,-0.985038,1.584912,1.625208,-0.947062,1.586038,0.037981,0.001126
119.680000,0.009614,0.106,24.416727,-0.097548,16.647039,0.123825,-0.030824,-0.041708,0.817332,0.00000000,0.00000000,1.602326,-0.986296,1.581696,1.604084,-0.947923,1.582797,0.038413,0.001101
119.750000,0.009152,0.008,2.656117,-0.060177,16.283189,0.107907,0.043793,-0.020199,2.148687,0.00000000,0.00000000,1.584670,-0.985824,1.586027,1.583405,-0.947120,1.586108,0.038725,0.000081
119.865000,0.009881,0.086,19.288192,0.060506,13.141475,0.085993,-0.149484,0.022286,2.022705,0.00000000,0.00000000,1.558274,-0.995312,1.578040,1.561223,-0.956311,1.579864,0.039112,0.001824
119.970000,0.009109,0.025,3.946097,-0.224939,8.186060,0.092914,-0.215737,0.239767,2.402151,0.00000000,0.00000000,1.547204,-1.013239,1.585360,1.566207,-0.973619,1.581734,0.043942,0.003626
120.100000,0.011322,0.104,31.678396,-0.548237,7.793993,0.121609,0.003119,-0.336340,2.885958,0.00000000,0.00000000,1.542510,-1.022493,1.561921,1.562363,-0.980951,1.557111,0.046042,0.004810
120.180000,0.009267,0.008,8.217482,-0.703279,8.762308,0.161849,0.281066,-0.304468,6.290264,0.00000000,0.00000000,1.544154,-1.006052,1.540080,1.564087,-0.964519,1.535270,0.046069,0.004810
120.245000,0.009261,0.010,0.058958,-0.689789,8.736107,0.184505,0.321216,-0.368545,0.607138,0.00000000,0.00000000,1.546493,-0.984945,1.512631,1.565914,-0.945159,1.510034,0.044272,0.002598
120.300000,0.009261,0.083,22.983004,-0.272541,9.058206,0.186095,0.342935,-0.327951,2.993426,0.00000000,0.00000000,1.543375,-0.965155,1.493723,1.563504,-0.923619,1.488914,0.046157,0.004810
120.380000,0.009909,0.046,9.438198,-0.298552,9.442935,0.191236,0.134021,-0.049348,1.710831,0.00000000,0.00000000,1.517542,-0.951981,1.488546,1.557304,-0.924121,1.503282,0.048551,0.014736
120.420000,0.009909,0.089,9.588672,-0.313181,9.645439,0.192971,0.101539,-0.356037,2.126775,0.00000000,0.00000000,1.497543,-0.947088,1.472906,1.537235,-0.919523,1.487643,0.048324,0.014737
120.460000,0.010210,0.052,9.658618,-0.091218,9.839861,0.192698,0.011711,-0.155360,2.112659,0.00000000,0.00000000,1.474274,-0.944519,1.467545,1.513931,-0.917297,1.482282,0.048100,0.014737
120.500000,0.010210,0.091,20.862147,0.154058,10.071659,0.196081,-0.070686,-0.128900,0.266113,0.00000000,0.00000000,1.451233,-0.944608,1.462596,1.490893,-0.917726,1.477332,0.047912,0.014736
120.545000,0.008240,0.085,10.504453,-0.106022,10.071714,0.195871,0.042574,-0.191278,2.002784,0.00000000,0.00000000,1.425017,-0.939961,1.453568,1.467779,-0.913382,1.468315,0.050350,0.014746
120.585000,0.011659,0.068,9.570063,0.220963,10.450234,0.200953,-0.084978,0.023217,4.242141,0.00000000,0.00000000,1.397785,-0.941509,1.459878,1.440936,-0.915112,1.473471,0.050585,0.013593
120.625000,0.011232,0.002,11.043134,0.167916,10.459318,0.204448,-0.223136,0.095752,2.442270,0.00000000,0.00000000,1.374503,-0.949853,1.462312,1.416891,-0.922903,1.476078,0.050230,0.013766
120.655000,0.011232,0.065,1.890008,0.058343,10.466234,0.205500,-0.258019,0.061166,1.073620,0.00000000,0.00000000,1.360269,-0.956222,1.461127,1.397963,-0.931234,1.476816,0.045225,0.015689
120.695000,0.010214,0.022,14.570178,-0.345702,10.701314,0.211769,-0.205163,0.071789,1.491485,0.00000000,0.00000000,1.341798,-0.962956,1.464783,1.406647,-0.927623,1.462192,0.073851,0.002591
120.740000,0.010214,0.112,9.541953,0.178846,10.884256,0.215298,-0.278585,-0.114470,1.365242,0.00000000,0.00000000,1.320957,-0.973556,1.459483,1.388492,-0.937555,1.457389,0.076531,0.002093
120.775000,0.010455,0.049,7.344135,-0.108008,10.863971,0.215211,-0.341365,-0.018232,1.555628,0.00000000,0.00000000,1.304864,-0.984351,1.458837,1.370596,-0.949726,1.456277,0.074293,0.002561
120.835000,0.010867,0.022,9.526996,-0.107747,11.555229,0.215380,-0.341339,-0.029004,0.008331,0.00000000,0.00000000,1.281805,-1.002091,1.457924,1.359349,-0.957407,1.459554,0.089497,0.001629
120.885000,0.010867,0.061,0.199086,-0.086861,11.558007,0.215198,-0.344961,0.002786,0.889158,0.00000000,0.00000000,1.260173,-1.018059,1.459182,1.342055,-0.969931,1.461839,0.094979,0.002657
120.920000,0.010429,0.075,9.479777,0.278300,11.744537,0.221601,-0.371007,0.017032,1.065007,0.00000000,0.00000000,1.243824,-1.027844,1.461120,1.323381,-0.981845,1.463452,0.091898,0.002332
120.955000,0.012287,0.036,10.483161,0.297346,11.945209,0.230068,-0.098165,-0.113494,3.515498,0.00000000,0.00000000,1.222280,-1.031313,1.452880,1.307078,-0.982949,1.457060,0.097620,0.004180
121.005000,0.012287,0.101,25.969061,-0.287023,12.296912,0.231618,-0.028902,0.120671,3.463167,0.00000000,0.00000000,1.189303,-1.028190,1.460879,1.280541,-0.980520,1.464155,0.102940,0.003276
121.040000,0.010742,0.069,32.093574,0.364444,12.825055,0.240047,0.057869,0.200987,0.012418,0.00000000,0.00000000,1.164209,-1.023138,1.462764,1.264534,-0.981375,1.462955,0.108670,0.000191
121.080000,0.010742,0.105,9.635975,-0.098882,12.998808,0.239846,0.000540,0.176872,2.866439,0.00000000,0.00000000,1.133483,-1.021050,1.469549,1.233807,-0.979293,1.469739,0.108667,0.000190
121.120000,0.012514,0.054,9.774147,-0.073038,13.165981,0.239398,-0.028425,-0.117551,2.865981,0.00000000,0.00000000,1.102394,-1.017978,1.464491,1.216860,-0.982198,1.457500,0.119927,0.006990
121.160000,0.012514,0.094,4.911540,-0.372734,13.248722,0.242364,-0.046686,-0.234007,2.649329,0.00000000,0.00000000,1.076597,-1.017730,1.454505,1.191065,-0.981771,1.447521,0.119983,0.006984
121.200000,0.011838,0.068,9.228879,-0.353887,13.407323,0.243954,-0.084638,-0.244978,0.771712,0.00000000,0.00000000,1.050786,-1.017729,1.445821,1.165254,-0.981590,1.438842,0.120038,0.006979
121.245000,0.012613,0.003,9.637302,-0.348430,13.708104,0.247195,-0.065622,-0.292738,0.170473,0.00000000,0.00000000,1.020002,-1.017150,1.431755,1.137636,-0.980678,1.426297,0.123158,0.005457
121.275000,0.012613,0.045,9.354444,-0.123824,13.675618,0.247162,-0.058059,-0.276990,1.276703,0.00000000,0.00000000,1.002166,-1.016170,1.423070,1.113902,-0.979005,1.415731,0.117755,0.007339
121.315000,0.011798,0.056,9.642616,0.362719,13.493793,0.256323,-0.025535,0.187419,0.061821,0.00000000,0.00000000,0.977019,-1.013571,1.433476,1.088420,-0.977495,1.425931,0.117096,0.007545
121.350000,0.011798,0.099,9.479508,0.251648,13.614142,0.257511,-0.142346,0.052993,1.233688,0.00000000,0.00000000,0.955965,-1.016445,1.436466,1.064592,-0.979494,1.429870,0.114739,0.006595
121.400000,0.012257,0.060,8.962925,-0.434451,13.648219,0.263809,-0.112861,-0.269684,0.387278,0.00000000,0.00000000,0.925984,-1.018184,1.423173,1.040452,-0.981174,1.416193,0.120303,0.006980
121.430000,0.011143,0.054,27.679311,-0.169236,13.881623,0.262924,-0.009863,-0.206458,5.124332,0.00000000,0.00000000,0.909139,-1.015932,1.418448,1.017776,-0.976384,1.409852,0.115612,0.008596
121.485000,0.011143,0.096,12.023890,-0.077679,13.935552,0.261921,0.173589,0.003601,2.070103,0.00000000,0.00000000,0.873971,-1.001028,1.418552,0.992163,-0.965035,1.411781,0.123551,0.006771
121.515000,0.010974,0.071,9.369864,0.138568,13.858911,0.263255,0.110686,0.055036,1.971250,0.00000000,0.00000000,0.852318,-0.995001,1.420376,0.963057,-0.956448,1.415075,0.117258,0.005301
121.555000,0.011480,0.026,9.656335,0.282055,13.945475,0.269290,0.083923,0.352863,0.201109,0.00000000,0.00000000,0.820861,-0.987133,1.434373,0.931535,-0.948435,1.429355,0.117245,0.005018
121.600000,0.011480,0.106,9.618765,0.157832,14.111303,0.262250,-0.042719,0.050681,2.686749,0.00000000,0.00000000,0.784825,-0.984672,1.434557,0.899531,-0.946677,1.427582,0.120835,0.006975
121.640000,0.016273,0.048,14.194011,0.104046,14.214724,0.263792,-0.090246,0.075275,0.937536,0.00000000,0.00000000,0.753782,-0.984458,1.436890,0.868490,-0.946247,1.429915,0.120905,0.006975
121.685000,0.016273,0.087,33.990559,0.116904,14.856431,0.265003,-0.058958,0.127773,2.202657,0.00000000,0.00000000,0.719987,-0.982727,1.442965,0.838706,-0.944150,1.436123,0.124829,0.006842
121.725000,0.015619,0.074,2.075457,0.240277,14.844176,0.269242,-0.048984,0.165911,1.365409,0.00000000,0.00000000,0.688445,-0.980245,1.451071,0.807055,-0.942108,1.442676,0.124591,0.008395
121.755000,0.015913,0.023,58.112319,0.379129,17.118405,0.268071,0.069060,0.155088,3.626208,0.00000000,0.00000000,0.665005,-0.975354,1.454018,0.791651,-0.945132,1.439893,0.130202,0.014125
121.805000,0.015913,0.076,48.433084,0.009024,17.578964,0.264500,0.118354,0.303034,0.810174,0.00000000,0.00000000,0.627918,-0.966388,1.469328,0.761291,-0.937194,1.454636,0.136532,0.014692
121.835000,0.018964,0.041,9.433138,0.023191,17.596365,0.249044,-0.009446,0.109980,2.865280,0.00000000,0.00000000,0.608679,-0.965485,1.470464,0.735659,-0.935618,1.456158,0.130446,0.014307
121.880000,0.016693,0.023,9.738464,-0.133785,17.697033,0.247808,-0.026221,-0.109861,0.588324,0.00000000,0.00000000,0.574694,-0.963152,1.464381,0.703030,-0.936503,1.457821,0.131074,0.006560
121.910000,0.016693,0.070,62.951531,-0.263418,19.546061,0.232777,0.057464,-0.253217,2.619503,0.00000000,0.00000000,0.552807,-0.959117,1.456871,0.673560,-0.930754,1.448112,0.124039,0.008759
121.965000,0.016802,0.016,34.675325,0.216269,20.021040,0.228989,0.148956,-0.081200,3.282905,0.00000000,0.00000000,0.513495,-0.946013,1.453152,0.647880,-0.925961,1.464934,0.135872,0.011782
121.995000,0.016802,0.071,21.058301,-0.067225,20.026971,0.229039,0.080306,-0.142926,4.708244,0.00000000,0.00000000,0.492785,-0.942844,1.447523,0.620366,-0.921384,1.457356,0.129373,0.009833
122.040000,0.015165,0.054,0.110279,0.197691,19.924418,0.228064,0.026224,0.068531,0.490142,0.00000000,0.00000000,0.459091,-0.937005,1.453126,0.589991,-0.916143,1.465035,0.132552,0.011909
122.075000,0.015165,0.095,36.054490,-0.136235,20.225342,0.224884,-0.033778,0.042292,2.228130,0.00000000,0.00000000,0.431992,-0.935519,1.453265,0.558452,-0.915015,1.464675,0.128112,0.011409
122.125000,0.017847,0.057,9.590952,-0.165963,20.224225,0.225604,-0.067838,-0.107524,1.017784,0.00000000,0.00000000,0.389840,-0.932998,1.448796,0.525001,-0.913473,1.460155,0.136564,0.011359
122.165000,0.018305,0.037,9.597990,-0.127187,20.373173,0.225069,-0.006236,0.016728,0.201498,0.00000000,0.00000000,0.354453,-0.928148,1.449870,0.489621,-0.908923,1.462105,0.136528,0.012235
122.195000,0.017001,0.004,9.648589,-0.121058,20.377549,0.225484,0.012837,-0.020097,0.658851,0.00000000,0.00000000,0.329169,-0.924212,1.450095,0.456080,-0.904250,1.461606,0.128471,0.011512
122.240000,0.017001,0.082,9.472196,-0.153695,20.376053,0.223430,-0.045729,0.009604,3.526619,0.00000000,0.00000000,0.294247,-0.922684,1.450730,0.424988,-0.903787,1.462633,0.132100,0.011903
122.275000,0.017151,0.014,9.602956,-0.153052,20.479784,0.222213,-0.153249,-0.136658,1.657326,0.00000000,0.00000000,0.268469,-0.924904,1.447092,0.398288,-0.901851,1.450392,0.131850,0.003301
122.325000,0.017151,0.082,5.937087,-0.167432,20.537723,0.222502,-0.015049,-0.136021,4.153782,0.00000000,0.00000000,0.226683,-0.918881,1.440041,0.364713,-0.896869,1.445964,0.139775,0.005923
122.360000,0.021501,0.058,9.528292,0.238200,20.535052,0.219742,0.009465,-0.056231,1.647561,0.00000000,0.00000000,0.199402,-0.916016,1.439340,0.338372,-0.893850,1.450175,0.140727,0.010835
122.390000,0.018442,0.013,9.485897,0.244472,20.534253,0.221214,-0.007686,0.233934,1.135798,0.00000000,0.00000000,0.175430,-0.912736,1.447392,0.306056,-0.889704,1.460999,0.132641,0.013608
122.440000,0.018442,0.099,27.964186,-0.519808,20.780241,0.231222,-0.080743,-0.114905,2.861677,0.00000000,0.00000000,0.137463,-0.912361,1.441523,0.276397,-0.890866,1.452357,0.140587,0.010834
122.480000,0.018485,0.021,9.537556,-0.266158,20.594354,0.232387,-0.149001,-0.156272,1.202099,0.00000000,0.00000000,0.101188,-0.912846,1.437979,0.242086,-0.888738,1.442715,0.142945,0.004737
122.525000,0.018485,0.094,14.737041,-0.377235,20.628595,0.237663,-0.083840,0.094564,1.621886,0.00000000,0.00000000,0.066591,-0.913076,1.440349,0.210884,-0.888787,1.446132,0.146323,0.005782
122.560000,0.020672,0.038,30.834339,-0.092948,20.831633,0.233161,-0.108470,-0.260839,0.044389,0.00000000,0.00000000,0.041974,-0.913826,1.428678,0.182877,-0.889998,1.433421,0.142903,0.004742
122.605000,0.020672,0.087,9.450518,0.188412,20.828628,0.232744,-0.072546,0.061315,2.092656,0.00000000,0.00000000,0.006207,-0.911213,1.436475,0.150974,-0.887978,1.440075,0.146619,0.003600
122.635000,0.021819,0.033,12.828531,-0.194093,20.841614,0.228463,-0.139739,-0.067424,2.971429,0.00000000,0.00000000,-0.017872,-0.913825,1.431309,0.118399,-0.890415,1.434404,0.138267,0.003095
122.670000,0.020653,0.014,9.531057,-0.136004,20.750701,0.226348,-0.140217,-0.111161,1.768386,0.00000000,0.00000000,-0.045980,-0.915482,1.426205,0.087850,-0.886815,1.429063,0.136866,0.002858
122.720000,0.020653,0.083,19.875433,-0.060439,20.500244,0.218700,-0.040769,-0.055393,1.869972,0.00000000,0.00000000,-0.086188,-0.911756,1.423738,0.055510,-0.884005,1.425371,0.144390,0.001634
122.760000,0.018289,0.049,29.536770,-0.015110,20.673151,0.218782,-0.010020,0.028823,1.574321,0.00000000,0.00000000,-0.119433,-0.906391,1.426553,0.022257,-0.878694,1.428180,0.144371,0.001627
122.790000,0.019521,0.005,9.622756,-0.132342,20.732168,0.214432,-0.071250,-0.056319,2.496394,0.00000000,0.00000000,-0.142513,-0.906034,1.423128,-0.008921,-0.878225,1.424145,0.136456,0.001017
122.835000,0.019521,0.072,9.591066,0.084076,20.737429,0.210926,-0.014803,0.087773,2.363317,0.00000000,0.00000000,-0.176998,-0.901631,1.426797,-0.038924,-0.873316,1.429115,0.140947,0.002318
122.870000,0.017261,0.012,9.632072,-0.346163,20.739601,0.210903,-0.144815,-0.110937,5.432856,0.00000000,0.00000000,-0.200992,-0.903138,1.420754,-0.068828,-0.876462,1.425820,0.134829,0.005066
122.920000,0.017261,0.074,62.341158,-0.059510,22.087431,0.206218,-0.304379,-0.022709,2.985173,0.00000000,0.00000000,-0.236533,-0.913547,1.419801,-0.096214,-0.885817,1.425408,0.143033,0.005607
122.960000,0.020081,0.054,9.727417,0.129795,22.088718,0.199617,-0.371453,0.031943,1.185693,0.00000000,0.00000000,-0.261591,-0.924175,1.420876,-0.121212,-0.896585,1.426481,0.143065,0.005605
122.995000,0.019256,0.004,9.568632,0.321826,22.090057,0.201922,-0.326748,0.241431,2.438742,0.00000000,0.00000000,-0.279537,-0.932901,1.429640,-0.141915,-0.906090,1.437014,0.140209,0.007373
123.030000,0.019256,0.069,9.484071,-0.310096,22.158586,0.199787,-0.305072,-0.123408,0.074695,0.00000000,0.00000000,-0.301913,-0.941028,1.424323,-0.168026,-0.915586,1.427214,0.136283,0.002891
123.085000,0.021053,0.014,11.714459,-0.101468,21.980561,0.190977,-0.156023,-0.087111,3.414607,0.00000000,0.00000000,-0.344685,-0.942729,1.419320,-0.203434,-0.907153,1.421220,0.145663,0.001900
123.120000,0.021053,0.070,9.589694,-0.215443,22.082564,0.192612,-0.063326,-0.090876,2.130034,0.00000000,0.00000000,-0.371638,-0.939546,1.416128,-0.234308,-0.904037,1.417288,0.141846,0.001160
123.155000,0.018895,0.047,51.399692,0.267981,22.851147,0.195759,-0.009083,0.020413,0.367960,0.00000000,0.00000000,-0.398487,-0.935827,1.417563,-0.265170,-0.899424,1.420245,0.138198,0.002682
123.205000,0.017743,0.016,26.874541,-0.117824,22.877626,0.190892,0.018896,0.177163,0.164643,0.00000000,0.00000000,-0.438922,-0.929767,1.424414,-0.298784,-0.899114,1.421180,0.143452,0.003234
123.230000,0.017743,0.098,63.460783,0.085721,24.003072,0.189983,-0.049034,0.004615,0.215195,0.00000000,0.00000000,-0.459292,-0.927963,1.425095,-0.331224,-0.895939,1.422203,0.132010,0.002892
123.285000,0.016756,0.009,9.369577,0.050342,24.134516,0.187398,-0.089194,0.017136,1.878831,0.00000000,0.00000000,-0.500602,-0.927237,1.426523,-0.361212,-0.895963,1.422423,0.142855,0.004100
123.315000,0.016756,0.070,9.472942,0.564294,24.006258,0.204532,-0.145440,0.180733,1.043623,0.00000000,0.00000000,-0.520432,-0.929546,1.431188,-0.387564,-0.898191,1.430520,0.136518,0.000667
123.360000,0.016426,0.060,9.515082,-0.074024,24.120668,0.200921,-0.194289,0.133749,1.099266,0.00000000,0.00000000,-0.552589,-0.934184,1.436593,-0.416519,-0.902937,1.433005,0.139612,0.003588
123.395000,0.017939,0.027,33.676662,-0.249079,23.939842,0.203099,-0.220873,-0.227492,0.723085,0.00000000,0.00000000,-0.580035,-0.938041,1.426935,-0.447336,-0.907402,1.422294,0.136191,0.004641
123.430000,0.017939,0.074,26.170871,-0.157769,22.998913,0.194658,-0.176382,-0.037057,2.324114,0.00000000,0.00000000,-0.605294,-0.941348,1.423127,-0.476788,-0.909069,1.422485,0.132499,0.000642
123.485000,0.019358,0.024,4.063025,-0.100629,22.367661,0.194353,-0.125298,-0.046356,0.361852,0.00000000,0.00000000,-0.649388,-0.941173,1.420787,-0.504575,-0.908664,1.434449,0.148417,0.013662
123.515000,0.019358,0.079,9.380427,-0.152158,22.362375,0.194518,-0.132423,-0.139571,0.916393,0.00000000,0.00000000,-0.671690,-0.942128,1.417543,-0.534622,-0.909810,1.430639,0.140826,0.013096
123.555000,0.020325,0.033,9.630607,-0.457534,20.994207,0.200467,-0.144674,-0.273136,0.649331,0.00000000,0.00000000,-0.703594,-0.943025,1.406884,-0.567233,-0.910874,1.418490,0.140100,0.011606
123.605000,0.020325,0.082,67.807766,-0.104238,22.589386,0.200499,-0.110004,-0.117643,0.023948,0.00000000,0.00000000,-0.745183,-0.941802,1.402673,-0.600222,-0.910152,1.416716,0.148376,0.014044
123.645000,0.017913,0.050,9.377496,-0.079109,22.325574,0.196545,-0.214962,-0.032159,1.824675,0.00000000,0.00000000,-0.772948,-0.946766,1.402055,-0.628699,-0.914868,1.415827,0.147734,0.013772
123.685000,0.019953,0.066,16.815637,0.186229,22.318323,0.196243,-0.183513,-0.157585,1.970727,0.00000000,0.00000000,-0.804538,-0.947954,1.395337,-0.660255,-0.917105,1.407881,0.147544,0.012545
123.710000,0.018127,0.013,9.546256,0.168202,21.989999,0.198721,-0.093099,0.117612,1.892884,0.00000000,0.00000000,-0.823018,-0.946628,1.400453,-0.695618,-0.912857,1.404403,0.131801,0.003950
123.760000,0.018127,0.078,44.417159,-0.117656,22.574161,0.198326,-0.069455,0.158186,0.571160,0.00000000,0.00000000,-0.861662,-0.943920,1.408700,-0.726523,-0.911031,1.410613,0.139083,0.001912
123.795000,0.020523,0.026,9.633350,-0.123686,22.572847,0.197458,-0.074959,-0.020075,0.718513,0.00000000,0.00000000,-0.890072,-0.941116,1.410551,-0.757401,-0.909317,1.400098,0.136429,0.010453
123.845000,0.020523,0.079,9.633350,-0.123686,22.572847,0.197458,-0.055612,-0.008031,0.967380,0.00000000,0.00000000,-0.929473,-0.937125,1.412061,-0.788897,-0.905872,1.400953,0.144008,0.011108
123.885000,0.020115,0.053,9.533118,-0.108234,22.572755,0.200125,-0.036806,0.117020,1.121537,0.00000000,0.00000000,-0.961121,-0.934854,1.413520,-0.816709,-0.904404,1.407487,0.147587,0.006033
123.920000,0.021200,0.010,9.623883,-0.036079,22.573043,0.199641,-0.025481,0.049003,2.198605,0.00000000,0.00000000,-0.988576,-0.930322,1.416822,-0.850674,-0.900879,1.409404,0.141010,0.007417
123.955000,0.021200,0.062,9.567778,-0.341691,22.616815,0.203116,-0.090108,-0.236036,2.755004,0.00000000,0.00000000,-1.013167,-0.930600,1.407393,-0.879063,-0.900877,1.397446,0.137358,0.009947
123.995000,0.020951,0.021,9.591283,0.105880,22.682753,0.204299,-0.046576,-0.069914,3.973267,0.00000000,0.00000000,-1.045013,-0.927036,1.405532,-0.910752,-0.897211,1.409627,0.137535,0.004095
124.040000,0.020951,0.102,9.447598,-0.073516,22.683280,0.197138,0.088478,0.067127,2.060066,0.00000000,0.00000000,-1.079726,-0.917452,1.408099,-0.941845,-0.888655,1.411424,0.140856,0.003325
124.075000,0.022780,0.020,51.986379,0.124532,23.392850,0.187499,0.069679,-0.093110,1.532308,0.00000000,0.00000000,-1.105629,-0.910552,1.403344,-0.969591,-0.885082,1.409903,0.138402,0.006560
124.125000,0.022780,0.065,9.617467,-0.062892,23.393928,0.184896,-0.086416,0.016970,4.200196,0.00000000,0.00000000,-1.146372,-0.908407,1.405040,-1.001755,-0.884103,1.411000,0.146645,0.005960
124.155000,0.023558,0.054,9.376176,0.157313,23.391937,0.186041,-0.012477,0.091896,3.554477,0.00000000,0.00000000,-1.170533,-0.903326,1.410148,-1.029214,-0.880608,1.411274,0.143133,0.001126
124.190000,0.018386,0.002,23.566139,0.146527,23.488901,0.181563,0.023625,0.094670,0.444472,0.00000000,0.00000000,-1.198819,-0.898606,1.411561,-1.061305,-0.874993,1.415308,0.139527,0.003747
124.240000,0.018386,0.068,9.578407,-0.096939,23.330044,0.183188,-0.018485,0.104648,2.701004,0.00000000,0.00000000,-1.239243,-0.893548,1.416633,-1.093488,-0.871914,1.417662,0.147352,0.001029
124.280000,0.020467,0.067,9.623673,-0.018658,23.401724,0.181695,-0.126033,-0.052116,1.575245,0.00000000,0.00000000,-1.271807,-0.893671,1.414531,-1.123431,-0.871481,1.410921,0.150026,0.003609
124.320000,0.021526,0.009,25.606458,-0.085107,23.479031,0.181223,-0.105401,0.041092,1.623248,0.00000000,0.00000000,-1.304140,-0.892164,1.416348,-1.155759,-0.869858,1.412739,0.150049,0.003610
124.350000,0.021526,0.084,9.494098,0.016632,23.479754,0.180514,-0.052521,0.004755,0.092835,0.00000000,0.00000000,-1.331288,-0.889351,1.416476,-1.191850,-0.866165,1.413403,0.141353,0.003073
124.405000,0.021526,0.133,9.535061,0.015413,23.317283,0.180579,-0.035627,-0.028005,0.370334,0.00000000,0.00000000,-1.380603,-0.884135,1.415291,-1.228091,-0.861448,1.411398,0.154191,0.003893
124.435000,0.023752,0.048,9.525572,-0.008863,23.316115,0.179897,-0.088506,0.030059,0.293731,0.00000000,0.00000000,-1.405727,-0.883586,1.416351,-1.261597,-0.860248,1.412970,0.146007,0.003381
124.485000,0.022605,0.066,9.454729,0.061880,23.314482,0.179668,0.028035,0.055851,2.933211,0.00000000,0.00000000,-1.446034,-0.875839,1.418704,-1.294174,-0.853916,1.415404,0.153435,0.003300
124.520000,0.023914,0.012,18.313376,-0.190085,23.305355,0.175276,0.053922,-0.059566,1.020742,0.00000000,0.00000000,-1.472631,-0.869274,1.414664,-1.328892,-0.846722,1.415523,0.145497,0.000859
124.565000,0.023914,0.082,9.655511,-0.177854,23.305903,0.176422,0.040187,-0.106101,1.039187,0.00000000,0.00000000,-1.503697,-0.863901,1.411859,-1.356109,-0.841665,1.411641,0.149254,0.000218
124.605000,0.023303,0.012,237.478726,0.186578,39.234174,0.181791,-0.081403,0.084345,3.585031,0.00000000,0.00000000,-1.533943,-0.863344,1.414398,-1.387409,-0.840563,1.418740,0.148295,0.004342
124.635000,0.023303,0.074,9.604154,0.182516,39.234508,0.177690,-0.648733,0.146355,15.620351,0.00000000,0.00000000,-1.535641,-0.889254,1.421264,-1.393106,-0.870979,1.426404,0.143702,0.005140
124.680000,0.021541,0.049,9.450584,0.900485,39.234195,0.214355,-0.739623,0.446350,5.825500,0.00000000,0.00000000,-1.543029,-0.921002,1.442270,-1.400073,-0.898446,1.446242,0.144724,0.003972
124.725000,0.021541,0.096,9.378309,-0.074326,39.232556,0.214608,-0.445225,0.267995,6.513324,0.00000000,0.00000000,-1.565268,-0.938027,1.446295,-1.419821,-0.913753,1.450065,0.147458,0.003770
124.765000,0.025009,0.046,32.338104,0.022345,39.368682,0.214025,-0.325946,0.075647,4.236788,0.00000000,0.00000000,-1.588634,-0.946516,1.448853,-1.442319,-0.923421,1.453538,0.148127,0.004685
124.795000,0.025009,0.090,42.553501,-0.054464,39.197859,0.210545,-0.221865,-0.113861,1.419074,0.00000000,0.00000000,-1.607502,-0.950893,1.445628,-1.467485,-0.929375,1.449159,0.141661,0.003531
124.835000,0.019243,0.005,9.520736,-0.359519,39.198709,0.216038,-0.044300,-0.222135,3.862208,0.00000000,0.00000000,-1.637259,-0.947500,1.437002,-1.497959,-0.924955,1.439380,0.141113,0.002378
124.880000,0.019243,0.065,9.468406,0.193067,38.471324,0.217396,0.057350,0.035305,0.670887,0.00000000,0.00000000,-1.674168,-0.939403,1.440712,-1.531139,-0.917368,1.444688,0.144717,0.003975
124.920000,0.019243,0.109,9.446186,0.123825,38.472500,0.217782,0.035100,0.161824,1.284878,0.00000000,0.00000000,-1.707764,-0.934421,1.446427,-1.564754,-0.912520,1.450406,0.144677,0.003979
124.965000,0.020247,0.072,9.585191,0.180666,38.474335,0.219058,-0.019570,0.166652,1.866903,0.00000000,0.00000000,-1.744276,-0.932510,1.452189,-1.597547,-0.910158,1.456462,0.148422,0.004273
125.000000,0.023167,0.049,5.217848,0.192547,38.607325,0.206340,-0.162789,-0.054744,3.063609,0.00000000,0.00000000,-1.772911,-0.934242,1.450779,-1.629901,-0.912600,1.454759,0.144638,0.003980
125.045000,0.023167,0.094,13.554145,-0.179278,38.444059,0.204869,-0.087374,0.034481,0.633722,0.00000000,0.00000000,-1.810850,-0.933471,1.451982,-1.663135,-0.912139,1.456567,0.149247,0.004586
125.080000,0.021673,0.063,9.479969,-0.024661,38.427050,0.203621,-0.086265,-0.027146,0.303510,0.00000000,0.00000000,-1.839906,-0.932982,1.452419,-1.696901,-0.911606,1.456395,0.144594,0.003976
125.120000,0.021673,0.103,9.473302,0.027002,38.380097,0.203152,-0.010183,0.089724,2.179140,0.00000000,0.00000000,-1.874782,-0.928419,1.456865,-1.731795,-0.907182,1.460838,0.144556,0.003972
125.165000,0.024779,0.065,9.642149,-0.161985,38.418378,0.203068,-0.034017,0.023996,1.603239,0.00000000,0.00000000,-1.913088,-0.926180,1.457115,-1.765470,-0.905282,1.461636,0.149090,0.004521
125.195000,0.025417,0.033,9.774373,-0.049711,38.419570,0.192075,-0.087939,-0.003923,1.267464,0.00000000,0.00000000,-1.937841,-0.926089,1.456602,-1.791900,-0.900658,1.452853,0.148141,0.003749
125.230000,0.025417,0.078,9.663707,-0.005232,37.454330,0.191326,0.060808,0.074327,4.657423,0.00000000,0.00000000,-1.964443,-0.920970,1.460288,-1.821592,-0.893192,1.456601,0.145527,0.003687
125.275000,0.024810,0.043,9.674959,-0.237561,37.456583,0.194211,0.018369,-0.050349,3.434794,0.00000000,0.00000000,-1.994466,-0.916436,1.456150,-1.845855,-0.890201,1.455473,0.150909,0.000676
125.315000,0.025093,0.017,37.067755,0.069240,37.694171,0.194026,-0.042052,0.176721,1.165091,0.00000000,0.00000000,-2.022985,-0.914903,1.463302,-1.880272,-0.888589,1.458854,0.145119,0.004448
125.360000,0.025924,0.002,9.494207,0.253767,37.709996,0.196392,0.022185,0.207903,2.065945,0.00000000,0.00000000,-2.059040,-0.909310,1.474513,-1.912283,-0.883146,1.469262,0.149071,0.005251
125.395000,0.025924,0.050,9.589713,0.080751,37.323676,0.195560,0.092465,0.178261,2.057515,0.00000000,0.00000000,-2.087355,-0.903725,1.480095,-1.944338,-0.876443,1.475393,0.145596,0.004702
125.445000,0.025924,0.095,22.235509,-0.203989,37.368129,0.198151,0.104009,0.031398,0.256332,0.00000000,0.00000000,-2.127079,-0.895619,1.479838,-1.976228,-0.869373,1.475842,0.153118,0.003996
125.475000,0.021422,0.054,9.503290,-0.291785,37.367178,0.201947,-0.032509,-0.195658,4.201550,0.00000000,0.00000000,-2.151730,-0.894472,1.473760,-2.009415,-0.867913,1.468743,0.144772,0.005017
125.515000,0.026488,0.022,9.587055,0.136927,37.367220,0.201095,-0.148821,0.139900,3.173392,0.00000000,0.00000000,-2.186231,-0.897192,1.479740,-2.044226,-0.868822,1.480617,0.144811,0.000877
125.560000,0.026488,0.104,36.597131,0.176489,37.586822,0.203618,-0.080982,0.206507,2.458680,0.00000000,0.00000000,-2.221754,-0.897454,1.489100,-2.075467,-0.868713,1.489157,0.149083,0.000057
125.590000,0.024197,0.020,9.645533,0.196676,37.587427,0.198023,0.056400,0.211049,3.084316,0.00000000,0.00000000,-2.244195,-0.893722,1.495830,-2.103034,-0.860891,1.480268,0.144929,0.015562
125.645000,0.023831,0.017,9.384034,0.238861,37.585827,0.199812,0.112740,0.271301,0.669293,0.00000000,0.00000000,-2.283245,-0.884053,1.511082,-2.131878,-0.853637,1.491508,0.154393,0.019574
125.670000,0.023831,0.082,9.524977,0.065170,37.585203,0.199478,0.175598,0.095242,0.214517,0.00000000,0.00000000,-2.301570,-0.877450,1.514885,-2.160676,-0.844314,1.493198,0.144738,0.021687
125.710000,0.024808,0.026,17.473475,-0.058333,37.028775,0.199464,0.092646,-0.020766,2.270053,0.00000000,0.00000000,-2.334086,-0.871784,1.511397,-2.196267,-0.841268,1.498626,0.141158,0.012771
125.760000,0.021420,0.002,9.398074,0.350888,37.027135,0.203761,-0.063058,0.111569,6.603697,0.00000000,0.00000000,-2.372654,-0.872492,1.517153,-2.225909,-0.843028,1.501967,0.149674,0.015186
125.795000,0.021420,0.060,9.557310,0.395286,37.028485,0.209074,-0.720481,0.379867,15.963850,0.00000000,0.00000000,-2.370173,-0.900650,1.531635,-2.223580,-0.875241,1.518527,0.148779,0.013108
125.835000,0.021420,0.114,9.554906,0.265995,36.974723,0.210859,-0.752920,0.270203,2.140215,0.00000000,0.00000000,-2.369026,-0.931411,1.545090,-2.224335,-0.905108,1.528554,0.147063,0.016536
125.885000,0.022425,0.034,9.701927,-0.305899,36.975324,0.214733,-0.620190,-0.205160,3.319591,0.00000000,0.00000000,-2.379783,-0.961713,1.533498,-2.233328,-0.929261,1.519178,0.150008,0.014319
125.935000,0.024929,0.055,9.491421,-0.406959,37.598495,0.222903,-0.318526,-0.488126,0.149247,0.00000000,0.00000000,-2.398122,-0.976599,1.526972,-2.276610,-0.921448,1.526775,0.133442,0.000196
125.975000,0.022323,0.007,9.609246,-0.568756,37.534815,0.237914,-0.235439,-0.559713,4.154362,0.00000000,0.00000000,-2.415639,-0.984928,1.504783,-2.294729,-0.928611,1.502665,0.133383,0.002117
126.020000,0.022323,0.082,9.507703,0.254863,37.533678,0.239748,-0.008486,-0.050149,4.027403,0.00000000,0.00000000,-2.444303,-0.982689,1.504393,-2.320856,-0.925896,1.506112,0.135885,0.001719
126.065000,0.023969,0.027,9.582605,-0.157510,37.534028,0.241204,-0.101494,-0.126930,1.890794,0.00000000,0.00000000,-2.479032,-0.983893,1.503122,-2.348920,-0.932088,1.524639,0.140046,0.021517
126.095000,0.022916,0.004,7.336480,-0.219827,37.519206,0.243652,-0.128725,-0.153973,1.361527,0.00000000,0.00000000,-2.501034,-0.986314,1.498203,-2.377931,-0.936119,1.518164,0.132943,0.019962
126.140000,0.022916,0.051,9.731629,0.213090,37.521255,0.245035,-0.127677,0.043351,1.093808,0.00000000,0.00000000,-2.532763,-0.989448,1.501429,-2.406383,-0.939103,1.522345,0.136039,0.020916
126.175000,0.024039,0.023,12.751656,-0.342433,37.487747,0.248640,-0.122666,-0.066336,1.140988,0.00000000,0.00000000,-2.560496,-0.992144,1.496500,-2.434468,-0.944282,1.506610,0.134811,0.010110
126.220000,0.024039,0.104,14.207169,0.025858,38.455111,0.245803,0.022304,-0.080052,4.274666,0.00000000,0.00000000,-2.594212,-0.987561,1.494200,-2.464348,-0.939764,1.505156,0.138380,0.010956
126.260000,0.024295,0.054,9.579975,0.015112,19.647449,0.244649,0.124772,0.051271,0.867879,0.00000000,0.00000000,-2.623435,-0.979708,1.496811,-2.493655,-0.932231,1.507766,0.138191,0.010955
126.300000,0.023570,0.018,9.585384,0.214707,19.647249,0.245126,0.234940,0.186689,2.557615,0.00000000,0.00000000,-2.648525,-0.970154,1.503243,-2.520349,-0.931250,1.499828,0.133949,0.003415
126.330000,0.023570,0.063,9.443227,-0.010603,19.647171,0.210161,0.267284,0.116652,1.617203,0.00000000,0.00000000,-2.666155,-0.960968,1.506905,-2.544146,-0.918765,1.503365,0.129102,0.003540
126.370000,0.024817,0.003,9.682383,0.119505,19.166609,0.210556,0.242058,0.011816,1.061664,0.00000000,0.00000000,-2.691462,-0.949666,1.505322,-2.570303,-0.907953,1.504363,0.128138,0.000959
126.420000,0.024817,0.077,4.423178,-0.065512,19.126869,0.208997,0.164594,0.004630,2.535176,0.00000000,0.00000000,-2.729197,-0.939266,1.505906,-2.600916,-0.900088,1.502492,0.134131,0.003414
126.455000,0.024516,0.071,9.316966,-0.072076,18.203537,0.209112,0.065818,0.154084,2.274738,0.00000000,0.00000000,-2.757865,-0.935117,1.513512,-2.633458,-0.896204,1.509838,0.130350,0.003674
126.505000,0.024155,0.021,9.601189,0.144099,18.204337,0.203363,-0.068018,0.054926,1.992597,0.00000000,0.00000000,-2.795626,-0.935765,1.518243,-2.661016,-0.899635,1.510640,0.139374,0.007603
126.530000,0.024155,0.092,9.493379,-0.258679,18.204583,0.205279,-0.104418,-0.017823,1.716582,0.00000000,0.00000000,-2.813895,-0.938556,1.514396,-2.690191,-0.903284,1.506754,0.128635,0.007642
126.585000,0.023728,0.028,19.786907,-0.107764,18.467587,0.220726,-0.138321,-0.215011,1.584740,0.00000000,0.00000000,-2.857408,-0.942374,1.503672,-2.717924,-0.903982,1.509178,0.144672,0.005506
126.610000,0.023728,0.088,20.983363,-0.076158,17.813914,0.220505,-0.063740,-0.088387,1.327211,0.00000000,0.00000000,-2.878571,-0.943014,1.499573,-2.752562,-0.904481,1.504341,0.131769,0.004768
126.660000,0.024056,0.047,9.538635,-0.081171,17.850583,0.218704,-0.100981,-0.046714,0.633226,0.00000000,0.00000000,-2.918004,-0.945561,1.497205,-2.782857,-0.907253,1.502879,0.140471,0.005674
126.695000,0.025516,0.022,9.537466,-0.032440,17.790158,0.217519,-0.011490,0.080095,2.779728,0.00000000,0.00000000,-2.947973,-0.942903,1.501579,-2.814894,-0.904428,1.504502,0.138530,0.002923
126.730000,0.025516,0.097,9.541782,0.008164,17.790780,0.217542,0.044463,0.003876,0.369159,0.00000000,0.00000000,-2.977390,-0.938804,1.502652,-2.848229,-0.900381,1.505051,0.134755,0.002399
126.770000,0.023256,0.030,1.453076,0.123823,17.750068,0.218964,-0.043960,0.059534,3.752911,0.00000000,0.00000000,-3.011138,-0.937556,1.505921,-2.876685,-0.901793,1.500818,0.139128,0.005104
126.815000,0.024654,0.002,12.655319,-0.078519,17.790886,0.218114,0.026964,0.110378,2.226561,0.00000000,0.00000000,-3.049445,-0.933479,1.511584,-2.910989,-0.896849,1.506480,0.143219,0.005104
126.860000,0.024654,0.064,9.509231,0.144760,17.787980,0.219071,0.007179,0.042929,1.895281,0.00000000,0.00000000,-3.087821,-0.931133,1.512943,-2.944769,-0.894733,1.508034,0.147610,0.004910
126.895000,0.024749,0.013,15.040502,-0.088418,17.852665,0.219387,0.018456,0.206441,0.681401,0.00000000,0.00000000,-3.114216,-0.928981,1.519929,-2.975296,-0.894181,1.508970,0.143212,0.010959
126.945000,0.024749,0.068,9.265076,0.163465,17.848037,0.218101,0.090795,0.217240,0.969742,0.00000000,0.00000000,-3.149486,-0.922604,1.530730,-3.003102,-0.888649,1.517787,0.150271,0.012943
126.975000,0.023219,0.062,9.577990,0.269045,18.006082,0.222493,0.006642,0.263096,1.294846,0.00000000,0.00000000,-3.172035,-0.921767,1.536790,-3.033570,-0.888415,1.516005,0.142424,0.020785
127.010000,0.023219,0.093,9.576302,0.266442,18.007014,0.222794,0.035421,0.323409,1.438966,0.00000000,0.00000000,-3.199041,-0.920023,1.547927,-3.063795,-0.885508,1.528405,0.139581,0.019522
127.060000,0.023249,0.073,9.579563,0.135824,18.006898,0.223345,0.046679,0.092478,0.502306,0.00000000,0.00000000,-3.231032,-0.916734,1.552337,-3.088591,-0.882402,1.529960,0.146520,0.022377
127.095000,0.026149,0.021,5.062697,-0.535567,17.757238,0.233897,-0.013654,-0.311643,0.957118,0.00000000,0.00000000,-3.257059,-0.916484,1.540036,-3.118334,-0.880721,1.518221,0.143261,0.021815
127.145000,0.026149,0.093,9.452129,-0.136829,17.756365,0.235032,0.003524,0.127366,2.063453,0.00000000,0.00000000,-3.293807,-0.917604,1.545139,-3.147886,-0.880911,1.523272,0.150464,0.021867
127.180000,0.025687,0.026,9.608184,-0.121874,17.758216,0.233081,-0.226268,-0.093394,3.859321,0.00000000,0.00000000,-3.318342,-0.924869,1.541868,-3.175159,-0.888316,1.548610,0.147775,0.006742
127.225000,0.026975,0.009,9.388569,-0.178455,17.021505,0.232712,-0.315140,-0.104357,3.938460,0.00000000,0.00000000,-3.345448,-0.939385,1.537166,-3.199468,-0.901098,1.544532,0.150916,0.007366
127.255000,0.026975,0.066,9.611401,-0.118239,17.021150,0.231108,-0.353948,-0.032630,0.352704,0.00000000,0.00000000,-3.365642,-0.948398,1.536635,-3.225536,-0.914074,1.543955,0.144249,0.007320
127.300000,0.023120,0.041,9.581381,-0.197403,17.022677,0.229420,-0.274940,-0.073033,2.947639,0.00000000,0.00000000,-3.398457,-0.960177,1.531443,-3.259989,-0.913010,1.539440,0.146282,0.007997
127.335000,0.023120,0.082,9.501710,0.220731,17.023761,0.232165,-0.192720,-0.176634,1.013598,0.00000000,0.00000000,-3.421742,-0.965912,1.525902,-3.286665,-0.919350,1.535187,0.142876,0.009286
127.375000,0.025867,0.067,9.605109,-0.183641,16.864120,0.233130,-0.065762,0.062752,4.154769,0.00000000,0.00000000,-3.450805,-0.967321,1.530077,-3.316227,-0.920420,1.537330,0.142516,0.007252
127.420000,0.024929,0.021,9.562279,0.265985,16.865706,0.230625,0.096378,0.272077,3.041663,0.00000000,0.00000000,-3.482882,-0.964420,1.534331,-3.347889,-0.919396,1.532076,0.142304,0.002255
127.455000,0.024929,0.058,9.619247,0.287428,16.866312,0.227073,0.113522,0.310747,0.857200,0.00000000,0.00000000,-3.508609,-0.959429,1.545266,-3.378239,-0.913719,1.544016,0.138151,0.001251
127.505000,0.022482,0.011,9.663735,0.224727,16.864983,0.222885,0.005138,0.085592,2.397869,0.00000000,0.00000000,-3.547027,-0.958445,1.548895,-3.408226,-0.913405,1.546321,0.145925,0.002574
127.540000,0.022482,0.063,9.577013,0.055437,14.891830,0.222595,0.118687,0.145271,3.082681,0.00000000,0.00000000,-3.572162,-0.951784,1.555429,-3.437140,-0.906559,1.553172,0.142395,0.002257
127.575000,0.024023,0.067,9.568679,0.359369,14.892548,0.222598,0.141124,0.119047,0.709415,0.00000000,0.00000000,-3.599681,-0.946469,1.558846,-3.468882,-0.900401,1.558569,0.138674,0.000277
127.615000,0.024023,0.115,9.620925,0.125657,14.892657,0.208932,0.047911,0.297037,4.868052,0.00000000,0.00000000,-3.633665,-0.943963,1.571023,-3.502890,-0.899038,1.569527,0.138277,0.001497
127.660000,0.024948,0.030,9.612303,0.028392,14.893751,0.208970,0.013425,0.103736,0.506451,0.00000000,0.00000000,-3.668461,-0.942786,1.575502,-3.533419,-0.897344,1.573242,0.142484,0.002260
127.695000,0.023181,0.032,9.609868,0.212883,14.893613,0.206845,0.013525,0.061445,2.250087,0.00000000,0.00000000,-3.694395,-0.942450,1.577820,-3.558900,-0.900890,1.563224,0.141726,0.014595
127.735000,0.024871,0.004,7.398187,-0.323375,14.894007,0.209542,-0.068148,0.124209,1.184993,0.00000000,0.00000000,-3.720206,-0.945495,1.585395,-3.583790,-0.903513,1.568859,0.142730,0.016536
127.770000,0.024871,0.045,9.526162,0.142905,14.892072,0.208331,-0.042716,-0.092714,0.242554,0.00000000,0.00000000,-3.739985,-0.946562,1.579672,-3.606298,-0.904879,1.566534,0.140035,0.013138
127.840000,0.026699,0.061,8.523798,-0.253976,11.091089,0.204726,0.077277,0.117695,3.254902,0.00000000,0.00000000,-3.770560,-0.944771,1.589414,-3.631229,-0.901868,1.574304,0.145787,0.015110
129.015000,0.027174,0.028,7.243567,-0.038192,6.139493,0.115890,0.041597,-0.017953,0.176348,0.00000000,0.00000000,-3.749005,-0.946676,1.581104,-3.644619,-0.907776,1.578338,0.111399,0.002765
129.125000,0.026341,0.084,16.110736,-0.158635,6.338112,0.102390,0.051982,-0.082979,1.072907,0.00000000,0.00000000,-3.727792,-0.942994,1.575173,-3.624853,-0.904215,1.574035,0.110001,0.001138
129.255000,0.024959,0.089,9.520006,-0.013445,6.136298,0.080300,0.033089,-0.113245,1.137099,0.00000000,0.00000000,-3.708071,-0.947563,1.564051,-3.603748,-0.908497,1.561795,0.111398,0.002257
129.360000,0.027076,0.083,6.022461,-0.212875,6.133451,0.076995,0.186078,-0.002392,1.748063,0.00000000,0.00000000,-3.689758,-0.934161,1.566401,-3.586399,-0.895548,1.564008,0.110336,0.002393
129.455000,0.027653,0.005,6.055017,0.065421,7.151819,0.073419,0.219974,0.104836,1.080796,0.00000000,0.00000000,-3.679825,-0.913603,1.573527,-3.576077,-0.873376,1.571603,0.111274,0.001924
129.640000,0.026788,0.061,8.851402,0.123238,6.768323,0.092567,0.202717,0.023597,1.892463,0.00000000,0.00000000,-3.668547,-0.892382,1.559174,-3.565088,-0.853820,1.556780,0.110412,0.002393
129.705000,0.027971,0.051,0.202658,0.070538,6.860763,0.095223,0.430446,0.036466,2.250218,0.00000000,0.00000000,-3.665941,-0.864680,1.560306,-3.562704,-0.828487,1.557523,0.109398,0.002783
129.765000,0.024733,0.039,6.295384,-0.651834,7.104520,0.128301,0.288126,-0.373156,3.935077,0.00000000,0.00000000,-3.665358,-0.842272,1.550570,-3.582844,-0.826611,1.560475,0.083987,0.009905
129.850000,0.024949,0.015,8.596590,-0.088384,9.258923,0.133098,0.372909,-0.156469,8.337909,0.00000000,0.00000000,-3.661471,-0.822210,1.538643,-3.577663,-0.800174,1.545099,0.086657,0.006457
129.915000,0.026494,0.005,20.460907,-0.104905,9.555248,0.133397,0.403459,-0.010931,1.328834,0.00000000,0.00000000,-3.647295,-0.794996,1.538537,-3.563875,-0.775882,1.545364,0.085582,0.006827
129.975000,0.026793,0.001,6.832936,-0.114676,9.565237,0.134484,0.284008,0.032362,1.012856,0.00000000,0.00000000,-3.626428,-0.778092,1.539114,-3.542704,-0.759159,1.545765,0.085838,0.006651
130.030000,0.026793,0.079,15.236038,0.070855,9.682788,0.135626,0.242398,-0.043133,2.224676,0.00000000,0.00000000,-3.603929,-0.763932,1.535800,-3.517421,-0.745075,1.543048,0.088540,0.007248
130.095000,0.026275,0.075,9.528002,-0.322016,10.071059,0.149888,0.028068,-0.067942,0.671052,0.00000000,0.00000000,-3.571107,-0.761702,1.533371,-3.486427,-0.743295,1.539846,0.086657,0.006474
130.135000,0.027823,0.032,0.824419,-0.077964,10.260893,0.150163,0.081583,-0.016198,0.522896,0.00000000,0.00000000,-3.549916,-0.758895,1.533287,-3.499778,-0.736377,1.538421,0.054963,0.005134
130.180000,0.025859,0.025,9.567033,-0.074776,10.421426,0.150197,0.079435,-0.093128,3.230568,0.00000000,0.00000000,-3.525735,-0.758785,1.530978,-3.491085,-0.734294,1.535008,0.042431,0.004031
130.245000,0.025859,0.100,9.375998,0.040597,10.570770,0.150736,0.067105,-0.092880,1.204385,0.00000000,0.00000000,-3.495859,-0.755070,1.525568,-3.464025,-0.731271,1.529633,0.039747,0.004066
130.280000,0.026344,0.075,9.562541,0.082584,10.859902,0.151879,0.123122,-0.004416,1.887256,0.00000000,0.00000000,-3.477701,-0.751031,1.528901,-3.443082,-0.726347,1.532933,0.042518,0.004031
130.310000,0.025905,0.026,23.800479,-0.342562,11.225271,0.157315,0.125700,-0.198159,1.010366,0.00000000,0.00000000,-3.462238,-0.746040,1.526758,-3.431978,-0.720505,1.530415,0.039594,0.003657
130.360000,0.025905,0.066,0.510345,-0.091208,11.222089,0.157374,0.075617,-0.166414,2.504124,0.00000000,0.00000000,-3.436631,-0.743401,1.518255,-3.411685,-0.718395,1.523053,0.035322,0.004798
130.420000,0.027702,0.074,9.567534,-0.323134,11.428756,0.165687,0.050574,-0.381456,1.139508,0.00000000,0.00000000,-3.408891,-0.741905,1.497603,-3.383952,-0.716766,1.502399,0.035411,0.004796
130.485000,0.023922,0.054,5.962469,-0.137656,12.062256,0.170890,-0.092558,-0.197080,0.521609,0.00000000,0.00000000,-3.378012,-0.749794,1.484599,-3.355512,-0.724030,1.489865,0.034205,0.005266
130.540000,0.022077,0.017,4.876373,-0.061544,12.268071,0.175805,-0.005549,-0.194568,5.323549,0.00000000,0.00000000,-3.351994,-0.753569,1.474534,-3.327000,-0.728157,1.479329,0.035644,0.004795
130.575000,0.022077,0.080,30.377617,-0.208844,12.806397,0.176234,0.125551,0.090586,0.861255,0.00000000,0.00000000,-3.332186,-0.751436,1.480552,-3.304050,-0.726207,1.485035,0.037791,0.004483
130.620000,0.024116,0.056,15.683772,0.164549,12.892181,0.179617,0.029482,-0.096554,1.258305,0.00000000,0.00000000,-3.305398,-0.752976,1.474355,-3.280407,-0.727340,1.479152,0.035802,0.004797
130.655000,0.022681,0.034,8.829819,0.277232,13.042063,0.186766,-0.054607,0.118395,0.561789,0.00000000,0.00000000,-3.281358,-0.756904,1.474894,-3.268816,-0.726306,1.475672,0.033069,0.000778
130.705000,0.022681,0.090,8.829819,0.277232,13.042063,0.186766,-0.033921,0.147596,1.034288,0.00000000,0.00000000,-3.247360,-0.761518,1.482604,-3.241369,-0.729912,1.482066,0.032169,0.000538
130.735000,0.026444,0.004,25.891462,0.093996,13.311343,0.190606,-0.018250,0.206438,1.183819,0.00000000,0.00000000,-3.228273,-0.764090,1.490070,-3.215895,-0.733256,1.491859,0.033225,0.001789
130.770000,0.026444,0.058,6.654339,0.280943,13.217280,0.196231,-0.077535,0.234757,0.649078,0.00000000,0.00000000,-3.203263,-0.768961,1.497385,-3.186551,-0.738250,1.500423,0.034963,0.003039
130.820000,0.024248,0.067,6.056370,0.128999,13.200445,0.197939,0.016810,0.247772,2.910650,0.00000000,0.00000000,-3.166294,-0.771070,1.510085,-3.156999,-0.739587,1.510257,0.032827,0.000172
130.850000,0.024248,0.118,9.552473,-0.033400,13.348286,0.197387,0.176323,0.100845,4.960012,0.00000000,0.00000000,-3.146576,-0.766729,1.513119,-3.130772,-0.733369,1.513360,0.036914,0.000241
130.905000,0.023312,0.065,9.338270,0.167662,13.242230,0.200678,-0.034922,0.146895,6.647673,0.00000000,0.00000000,-3.109459,-0.764485,1.518388,-3.103499,-0.732228,1.517458,0.032803,0.000930
130.940000,0.026472,0.061,9.634042,-0.243082,13.255252,0.201496,-0.065875,-0.015724,0.524417,0.00000000,0.00000000,-3.084071,-0.768507,1.520131,-3.091441,-0.736817,1.510868,0.032536,0.009264
130.980000,0.026577,0.018,30.496775,0.349505,13.760593,0.208987,-0.130693,0.116491,2.435583,0.00000000,0.00000000,-3.055995,-0.774213,1.522462,-3.066639,-0.737192,1.515835,0.038521,0.006627
131.020000,0.026577,0.049,9.519659,-0.202484,13.823173,0.208821,-0.037758,0.051570,4.646755,0.00000000,0.00000000,-3.026327,-0.776535,1.522141,-3.036988,-0.739710,1.515512,0.038336,0.006628
131.065000,0.023528,0.036,9.525370,0.147764,13.487644,0.209557,0.039050,-0.093058,0.712928,0.00000000,0.00000000,-2.992913,-0.776986,1.519384,-3.013762,-0.738247,1.517825,0.043993,0.001558
131.105000,0.023528,0.090,9.463842,0.156187,13.545475,0.210921,0.031327,0.047211,0.386135,0.00000000,0.00000000,-2.964369,-0.777301,1.526423,-2.984176,-0.739074,1.522710,0.043053,0.003713
131.140000,0.023312,0.056,9.632995,-0.322372,13.611705,0.210182,0.072907,0.025498,0.795066,0.00000000,0.00000000,-2.943455,-0.775770,1.524170,-2.965166,-0.737978,1.522052,0.043585,0.002117
131.180000,0.025242,0.019,37.204014,-0.015207,14.391603,0.205652,-0.056247,-0.019008,4.293750,0.00000000,0.00000000,-2.916287,-0.780217,1.526022,-2.936571,-0.741390,1.522052,0.043806,0.003970
131.215000,0.025242,0.083,9.628973,0.090846,14.516671,0.206311,-0.125639,-0.027546,2.541646,0.00000000,0.00000000,-2.891274,-0.784630,1.523567,-2.908177,-0.747010,1.520179,0.041243,0.003387
131.250000,0.026415,0.020,9.582240,-0.129759,14.734142,0.205297,-0.166577,0.081569,0.647254,0.00000000,0.00000000,-2.865110,-0.791797,1.525798,-2.880133,-0.751116,1.523112,0.043367,0.002686
131.300000,0.026415,0.093,37.941179,-0.558413,15.444979,0.216829,0.040411,-0.279574,3.537294,0.00000000,0.00000000,-2.827597,-0.795367,1.521881,-2.849904,-0.752992,1.518130,0.047888,0.003751
131.330000,0.023319,0.031,9.519910,-0.552088,15.554685,0.226677,0.085353,-0.450788,2.247093,0.00000000,0.00000000,-2.804813,-0.794275,1.507257,-2.819443,-0.751751,1.498343,0.044971,0.008915
131.380000,0.023319,0.084,9.570761,0.361059,15.587857,0.234616,-0.108200,0.053723,3.844571,0.00000000,0.00000000,-2.767739,-0.802068,1.510180,-2.790071,-0.759917,1.506429,0.047701,0.003752
131.415000,0.021973,0.044,9.530825,0.268716,15.688209,0.223590,0.360155,0.301875,12.956145,0.00000000,0.00000000,-2.758905,-0.785821,1.519482,-2.779969,-0.741238,1.517313,0.049308,0.002169
131.465000,0.022802,0.028,9.609991,0.286949,14.728189,0.228270,0.505560,0.313325,0.218808,0.00000000,0.00000000,-2.746744,-0.760800,1.533880,-2.770324,-0.721524,1.529873,0.045811,0.004007
131.495000,0.022802,0.099,9.704385,0.124553,14.811150,0.227209,0.469096,0.080242,2.059295,0.00000000,0.00000000,-2.733650,-0.747108,1.533753,-2.752863,-0.703614,1.530757,0.047548,0.002996
131.540000,0.022143,0.046,15.496095,-0.019507,14.929771,0.227204,0.337450,0.102392,3.841119,0.00000000,0.00000000,-2.706849,-0.733257,1.538400,-2.728923,-0.691335,1.534644,0.047378,0.003757
131.570000,0.026544,0.009,9.436551,0.407662,14.786005,0.234906,0.136491,0.334284,5.017214,0.00000000,0.00000000,-2.685914,-0.730686,1.551854,-2.700983,-0.688015,1.552561,0.045254,0.000707
131.610000,0.026544,0.077,21.224584,0.070933,15.010540,0.235007,0.050879,0.300599,1.685598,0.00000000,0.00000000,-2.657272,-0.728799,1.564440,-2.671696,-0.687037,1.563459,0.044183,0.000981
131.660000,0.024832,0.025,3.246210,0.091959,14.921682,0.238020,-0.025733,0.291053,1.219771,0.00000000,0.00000000,-2.621057,-0.730163,1.579041,-2.643120,-0.688563,1.575287,0.047088,0.003755
131.695000,0.024832,0.085,9.582833,-0.010957,14.774240,0.233583,0.036501,0.081522,3.527303,0.00000000,0.00000000,-2.596218,-0.728607,1.580005,-2.614352,-0.686254,1.576415,0.046072,0.003590
131.740000,0.022663,0.036,27.517066,-0.180734,15.161498,0.230691,0.081143,-0.075477,2.452297,0.00000000,0.00000000,-2.559065,-0.722523,1.575205,-2.592154,-0.685709,1.563481,0.049500,0.011725
131.780000,0.023012,0.002,9.721012,0.267200,15.163992,0.233977,-0.002072,0.098602,4.160712,0.00000000,0.00000000,-2.527806,-0.723122,1.582386,-2.560905,-0.686674,1.570661,0.049234,0.011725
131.810000,0.023012,0.069,9.476695,0.009387,15.239147,0.233768,-0.043827,0.111906,0.072064,0.00000000,0.00000000,-2.502063,-0.723885,1.584325,-2.526830,-0.688188,1.573633,0.043447,0.010692
131.865000,0.023410,0.035,9.495382,0.017467,15.664786,0.234914,-0.013230,-0.008197,0.759399,0.00000000,0.00000000,-2.457540,-0.723454,1.583833,-2.498970,-0.686881,1.574764,0.055264,0.009069
131.895000,0.023410,0.079,9.545598,-0.244879,15.666353,0.237220,0.009995,-0.025641,0.366523,0.00000000,0.00000000,-2.432356,-0.722476,1.583977,-2.465432,-0.686006,1.574216,0.049235,0.009761
131.940000,0.020803,0.063,9.506751,-0.248762,15.665521,0.239093,0.013785,-0.197821,0.074557,0.00000000,0.00000000,-2.396367,-0.721931,1.574711,-2.433448,-0.685769,1.566006,0.051795,0.008705
131.980000,0.022063,0.009,9.603973,0.070360,15.438512,0.234871,-0.082949,0.011442,2.813638,0.00000000,0.00000000,-2.367885,-0.726094,1.577233,-2.405003,-0.690181,1.568534,0.051649,0.008700
132.010000,0.022063,0.058,64.579022,-0.012667,17.785307,0.234591,-0.071388,0.078215,2.729441,0.00000000,0.00000000,-2.347738,-0.728125,1.579086,-2.377894,-0.692176,1.571488,0.046922,0.007598
132.065000,0.022063,0.103,9.468710,-0.002167,17.804785,0.226406,0.038116,-0.075002,3.073796,0.00000000,0.00000000,-2.307228,-0.725024,1.575636,-2.348020,-0.690312,1.566878,0.053562,0.008758
132.090000,0.022201,0.056,21.977780,-0.136241,17.592134,0.221364,0.103577,-0.003576,0.581994,0.00000000,0.00000000,-2.288544,-0.721641,1.576018,-2.317642,-0.686199,1.568017,0.045857,0.008001
132.140000,0.023355,0.053,9.501189,-0.162037,17.631739,0.221706,0.052794,-0.066694,1.068857,0.00000000,0.00000000,-2.248527,-0.718763,1.572546,-2.290769,-0.686480,1.577078,0.053165,0.004531
132.170000,0.022930,0.014,9.547774,-0.021098,17.630582,0.214842,0.111308,-0.054747,2.099034,0.00000000,0.00000000,-2.224046,-0.715680,1.571351,-2.255965,-0.683480,1.575766,0.045340,0.004415
132.220000,0.022930,0.083,5.901161,0.140137,17.609962,0.215307,0.100394,0.036545,1.459879,0.00000000,0.00000000,-2.185211,-0.710686,1.573265,-2.224820,-0.679859,1.577672,0.050191,0.004407
132.265000,0.023856,0.005,9.587762,-0.061063,17.765583,0.213552,-0.013581,0.060650,2.765528,0.00000000,0.00000000,-2.149005,-0.711567,1.577326,-2.192993,-0.680407,1.581825,0.053907,0.004499
132.300000,0.023856,0.065,9.636235,-0.142842,17.768208,0.214761,-0.067905,0.022383,2.166984,0.00000000,0.00000000,-2.118795,-0.712294,1.574751,-2.158397,-0.681174,1.579156,0.050367,0.004406
132.330000,0.023522,0.031,1.197065,-0.157587,17.740789,0.212840,-0.050967,0.005827,0.846913,0.00000000,0.00000000,-2.092934,-0.714747,1.577382,-2.123685,-0.683103,1.580587,0.044125,0.003206
132.385000,0.024766,0.032,9.655874,-0.125513,17.740398,0.212686,0.034946,-0.046045,1.885957,0.00000000,0.00000000,-2.044206,-0.712883,1.574798,-2.090532,-0.678418,1.578307,0.057740,0.003509
132.420000,0.024766,0.115,20.749183,-0.012320,17.669202,0.208496,-0.020622,0.040603,1.172811,0.00000000,0.00000000,-2.012142,-0.714285,1.575653,-2.053873,-0.679886,1.579281,0.054081,0.003628
132.450000,0.024916,0.049,9.581082,-0.013377,17.720927,0.207620,-0.097298,0.029074,1.301826,0.00000000,0.00000000,-1.987246,-0.717451,1.576695,-2.024345,-0.682341,1.578324,0.051079,0.001629
132.505000,0.024916,0.094,9.634706,-0.321134,17.721911,0.212192,-0.738118,-0.151570,16.460002,0.00000000,0.00000000,-1.981173,-0.758345,1.565858,-2.026474,-0.718074,1.571241,0.060613,0.005383
132.535000,0.023625,0.063,9.532663,-0.825603,17.752158,0.238762,-0.865808,-0.685618,3.031823,0.00000000,0.00000000,-1.984860,-0.783529,1.543019,-2.031335,-0.751659,1.540784,0.056352,0.002236
132.575000,0.023625,0.106,49.904195,0.418101,18.980354,0.245465,-0.734072,-0.258465,5.758339,0.00000000,0.00000000,-1.979432,-0.813864,1.533920,-2.022872,-0.780004,1.535294,0.055077,0.001375
132.620000,0.025989,0.059,24.460104,-0.179969,18.813929,0.239845,-0.345156,0.017523,9.824941,0.00000000,0.00000000,-1.957093,-0.830211,1.536073,-2.002890,-0.794103,1.537645,0.058319,0.001572
132.650000,0.025271,0.009,9.290672,0.005104,18.811220,0.238642,-0.156944,-0.067454,4.078555,0.00000000,0.00000000,-1.935672,-0.835065,1.533891,-1.974065,-0.800564,1.535865,0.051617,0.001973
132.705000,0.025271,0.055,13.651711,0.013556,18.833386,0.236233,-0.144776,0.021160,0.082282,0.00000000,0.00000000,-1.895286,-0.844156,1.537222,-1.945243,-0.807326,1.537033,0.062066,0.000189
132.735000,0.025365,0.054,9.486652,0.096665,18.832922,0.235607,-0.113576,0.218047,0.326830,0.00000000,0.00000000,-1.872491,-0.847955,1.543721,-1.915055,-0.812442,1.545604,0.055433,0.001882
132.770000,0.025365,0.100,9.690369,0.049986,18.835650,0.234461,-0.074454,0.173380,2.279437,0.00000000,0.00000000,-1.848800,-0.852081,1.549702,-1.886884,-0.815361,1.553332,0.052903,0.003630
132.820000,0.024457,0.056,9.749204,-0.578377,18.203279,0.243567,0.152864,-0.036788,5.470068,0.00000000,0.00000000,-1.811592,-0.844897,1.547420,-1.857365,-0.808560,1.548991,0.058443,0.001571
132.855000,0.025317,0.063,9.544246,-0.016057,18.202310,0.242957,-0.066974,-0.150838,8.723362,0.00000000,0.00000000,-1.786417,-0.849596,1.542890,-1.828814,-0.814382,1.544655,0.055114,0.001765
132.905000,0.024781,0.012,9.455715,-0.033057,18.202093,0.242912,-0.196835,0.024879,0.462648,0.00000000,0.00000000,-1.749905,-0.860438,1.543725,-1.790491,-0.817257,1.552799,0.059261,0.009074
132.930000,0.024781,0.086,9.424367,-0.067795,18.200301,0.242577,-0.200423,0.057981,0.297646,0.00000000,0.00000000,-1.733039,-0.866199,1.543324,-1.761847,-0.825639,1.555511,0.049749,0.012188
132.980000,0.020523,0.036,10.734089,-0.295417,17.502201,0.222414,-0.016731,0.048105,5.560249,0.00000000,0.00000000,-1.692529,-0.868167,1.546004,-1.727288,-0.821415,1.546905,0.058258,0.000901
133.020000,0.020523,0.103,9.506254,-0.258968,17.501444,0.218093,0.063049,-0.217871,0.929566,0.00000000,0.00000000,-1.656970,-0.866748,1.536979,-1.691730,-0.819964,1.537876,0.058284,0.000897
133.055000,0.021782,0.016,6.203685,-0.333598,17.455524,0.217790,-0.031384,-0.022266,2.022524,0.00000000,0.00000000,-1.630558,-0.869590,1.538923,-1.668300,-0.825118,1.542307,0.058329,0.003384
133.105000,0.018507,0.015,6.678733,0.165839,17.424538,0.214749,-0.042531,-0.081719,1.854428,0.00000000,0.00000000,-1.596452,-0.873420,1.537391,-1.636589,-0.828867,1.542002,0.059966,0.004611
133.145000,0.018507,0.074,5.426003,-0.058971,17.366502,0.213555,-0.158490,0.050682,3.194153,0.00000000,0.00000000,-1.568979,-0.880902,1.537286,-1.609306,-0.836197,1.542191,0.060206,0.004905
133.180000,0.022928,0.007,9.495445,-0.316649,17.364863,0.217556,-0.184456,0.057942,0.011445,0.00000000,0.00000000,-1.545537,-0.888584,1.537799,-1.580308,-0.841234,1.540105,0.058745,0.002306
133.210000,0.024093,0.006,9.649927,0.201667,17.367554,0.210597,-0.087866,0.008352,2.708708,0.00000000,0.00000000,-1.523741,-0.891657,1.538552,-1.551675,-0.845825,1.543265,0.053674,0.004713
133.260000,0.024093,0.061,16.003025,-0.327240,17.263452,0.213048,-0.061982,-0.000152,1.702230,0.00000000,0.00000000,-1.487483,-0.896170,1.538241,-1.522237,-0.848686,1.540550,0.058843,0.002309
133.295000,0.020604,0.007,50.451121,0.164254,18.536630,0.210331,-0.050348,-0.077305,1.747922,0.00000000,0.00000000,-1.460025,-0.898805,1.536373,-1.490461,-0.851858,1.539676,0.055950,0.003303
133.330000,0.020604,0.063,23.151918,-0.141736,18.761811,0.209296,-0.044266,0.090482,0.919698,0.00000000,0.00000000,-1.430332,-0.901142,1.539160,-1.457163,-0.854280,1.542013,0.054000,0.002854
133.385000,0.024820,0.026,9.622903,0.272595,18.505134,0.214730,-0.083939,0.095287,1.918782,0.00000000,0.00000000,-1.383893,-0.906876,1.544798,-1.427769,-0.858618,1.541262,0.065222,0.003536
133.415000,0.023254,0.004,4.287526,-0.117153,18.429857,0.209579,-0.009151,0.131994,2.601723,0.00000000,0.00000000,-1.359089,-0.906692,1.549606,-1.394533,-0.858735,1.547184,0.059634,0.002422
133.460000,0.023254,0.067,45.188408,0.314713,19.294881,0.216176,0.013685,0.164292,1.825682,0.00000000,0.00000000,-1.324166,-0.907073,1.557391,-1.363930,-0.859165,1.555346,0.062260,0.002045
133.495000,0.023254,0.115,9.686602,0.245264,19.008939,0.219712,-0.163704,0.318005,3.751133,0.00000000,0.00000000,-1.301332,-0.913256,1.568749,-1.337658,-0.866093,1.567660,0.059531,0.001089
133.540000,0.025924,0.067,0.131796,0.161212,18.856501,0.221378,-0.146253,0.133275,0.105865,0.00000000,0.00000000,-1.269929,-0.919597,1.574147,-1.309719,-0.871800,1.572099,0.062192,0.002049
133.585000,0.023222,0.043,5.838904,-0.275089,18.774114,0.221891,-0.204442,0.227255,0.259021,0.00000000,0.00000000,-1.241542,-0.927531,1.582681,-1.284779,-0.880249,1.581797,0.064070,0.000884
133.615000,0.023222,0.092,9.530042,-0.450762,18.773095,0.228313,-0.001402,-0.268109,1.983203,0.00000000,0.00000000,-1.219113,-0.925106,1.571868,-1.255019,-0.877048,1.567708,0.059990,0.004160
133.660000,0.025914,0.013,9.653710,0.010781,16.694053,0.228427,-0.084831,-0.094080,4.171403,0.00000000,0.00000000,-1.185252,-0.930130,1.569170,-1.228479,-0.882058,1.571285,0.064648,0.002116
133.700000,0.025914,0.062,7.764732,-0.097982,16.673196,0.228380,-0.145657,0.041906,0.275744,0.00000000,0.00000000,-1.153473,-0.935923,1.570513,-1.196687,-0.887784,1.572628,0.064690,0.002115
133.745000,0.023990,0.068,9.679301,-0.158039,16.500520,0.229385,0.025408,-0.025950,4.879550,0.00000000,0.00000000,-1.114148,-0.933017,1.567478,-1.161968,-0.885263,1.570197,0.067581,0.002719
133.785000,0.023196,0.067,104.917965,-0.377042,21.897396,0.233230,0.042050,-0.156120,2.531664,0.00000000,0.00000000,-1.084040,-0.933685,1.560182,-1.130824,-0.884803,1.564028,0.067662,0.003846
133.825000,0.023196,0.108,8.737950,-0.058696,21.887982,0.233148,-0.125697,-0.222125,3.928620,0.00000000,0.00000000,-1.055392,-0.940408,1.551895,-1.101969,-0.891007,1.554755,0.067897,0.002859
133.855000,0.019307,0.062,9.624375,-0.187775,21.962994,0.231877,-0.196972,-0.130951,0.870735,0.00000000,0.00000000,-1.035172,-0.946784,1.547354,-1.074991,-0.899450,1.548706,0.061855,0.001352
133.905000,0.020919,0.002,9.527509,-0.603260,21.539280,0.240409,-0.065214,-0.297624,3.264603,0.00000000,0.00000000,-0.997643,-0.950459,1.533601,-1.045261,-0.901610,1.535002,0.068217,0.001401
133.935000,0.020919,0.069,2.354710,0.078850,21.420406,0.241956,-0.060417,0.128888,1.655297,0.00000000,0.00000000,-0.974295,-0.953342,1.537718,-1.013808,-0.905422,1.540772,0.062109,0.003055
133.985000,0.022744,0.039,8.230992,-0.245309,21.432156,0.242817,-0.088506,0.094753,0.310096,0.00000000,0.00000000,-0.936126,-0.959054,1.540242,-0.983455,-0.910047,1.543407,0.068130,0.003165
134.020000,0.021769,0.011,31.948591,-0.129747,21.730411,0.242832,-0.049499,-0.165330,1.566499,0.00000000,0.00000000,-0.906278,-0.961439,1.534752,-0.944789,-0.915097,1.534759,0.060255,0.000007
134.055000,0.021769,0.061,9.649729,0.090471,21.730896,0.243705,-0.029430,0.047679,0.416596,0.00000000,0.00000000,-0.876491,-0.963335,1.537505,-0.911381,-0.917502,1.537917,0.057602,0.000412
134.095000,0.021236,0.005,94.664165,-0.322118,25.086849,0.245787,-0.090065,-0.067737,2.499249,0.00000000,0.00000000,-0.847935,-0.967538,1.533409,-0.883086,-0.922404,1.533524,0.057208,0.000115
134.140000,0.021236,0.084,4.240040,0.373665,24.996124,0.251755,-0.203909,0.030900,3.001995,0.00000000,0.00000000,-0.816850,-0.978281,1.536404,-0.855360,-0.931938,1.536407,0.060255,0.000003
134.175000,0.021538,0.046,96.096667,-0.190575,27.921845,0.228476,-0.140390,0.156198,2.432953,0.00000000,0.00000000,-0.789549,-0.984418,1.542914,-0.825913,-0.935207,1.538517,0.061188,0.004398
134.220000,0.021376,0.025,9.568176,-0.204580,27.359518,0.218751,0.026171,-0.120612,3.120719,0.00000000,0.00000000,-0.752953,-0.983257,1.535913,-0.790181,-0.935773,1.533912,0.060337,0.002001
134.250000,0.021376,0.096,9.669576,-0.062189,27.362120,0.216516,-0.031611,0.032325,4.200007,0.00000000,0.00000000,-0.727151,-0.983901,1.536244,-0.757979,-0.939076,1.536236,0.054402,0.000008
134.305000,0.021479,0.027,9.562120,-0.591229,27.250127,0.229048,-0.207057,-0.184347,1.953916,0.00000000,0.00000000,-0.689305,-0.996314,1.524237,-0.730165,-0.948201,1.524857,0.063121,0.000620
134.340000,0.021479,0.084,9.548101,-0.240744,27.316850,0.229465,-0.223855,-0.328269,1.955366,0.00000000,0.00000000,-0.666089,-1.006971,1.515912,-0.703364,-0.959661,1.513917,0.060230,0.001994
134.385000,0.020013,0.024,19.469093,0.103790,27.294761,0.229587,-0.158707,-0.250512,7.022538,0.00000000,0.00000000,-0.634777,-1.013922,1.506229,-0.676091,-0.966357,1.503481,0.063002,0.002748
134.420000,0.020013,0.068,58.448921,-0.108958,28.148933,0.228625,-0.011137,0.057932,1.563182,0.00000000,0.00000000,-0.608067,-1.016629,1.508453,-0.645362,-0.969435,1.506445,0.060152,0.002008
134.450000,0.021356,0.058,9.458037,-0.028507,28.148636,0.228801,-0.107973,-0.003142,1.200610,0.00000000,0.00000000,-0.588725,-1.021926,1.509138,-0.619745,-0.976573,1.507141,0.054947,0.001997
134.490000,0.021356,0.101,9.612970,-0.634645,28.147318,0.231283,-0.061883,-0.215717,3.273445,0.00000000,0.00000000,-0.562848,-1.026951,1.502587,-0.593911,-0.979580,1.495863,0.056647,0.006724
134.535000,0.021955,0.067,9.645202,0.116727,28.149638,0.233103,0.046277,-0.144776,0.677888,0.00000000,0.00000000,-0.528141,-1.027020,1.495121,-0.561248,-0.980205,1.493826,0.057339,0.001295
134.580000,0.017194,0.038,9.684270,0.093872,28.152821,0.234612,-0.033627,0.143279,1.538262,0.00000000,0.00000000,-0.494327,-1.031428,1.501455,-0.536249,-0.985248,1.508581,0.062370,0.007126
134.625000,0.021599,0.015,9.673320,0.127636,28.247150,0.236434,0.009668,0.179826,3.739857,0.00000000,0.00000000,-0.461114,-1.032162,1.509937,-0.503526,-0.989332,1.500736,0.060276,0.009201
134.650000,0.021599,0.066,9.629732,0.121802,28.340364,0.236353,0.059154,0.220525,0.385824,0.00000000,0.00000000,-0.443340,-1.031031,1.513944,-0.476125,-0.989505,1.509881,0.052907,0.004063
134.700000,0.020253,0.013,9.556474,0.001262,28.434267,0.232352,-0.045046,-0.006245,1.448924,0.00000000,0.00000000,-0.406923,-1.035337,1.513387,-0.445568,-0.994666,1.502560,0.056103,0.010827
134.735000,0.020253,0.079,9.388600,-0.290294,28.461916,0.231899,-0.018095,-0.040320,0.221163,0.00000000,0.00000000,-0.379725,-1.038194,1.515345,-0.414636,-0.997827,1.503245,0.053370,0.012100
134.780000,0.019050,0.048,9.569424,-0.388809,28.550022,0.235910,0.049513,-0.319859,3.917069,0.00000000,0.00000000,-0.343460,-1.038177,1.500355,-0.382139,-0.998193,1.489531,0.055631,0.010824
134.810000,0.019050,0.090,9.688632,-0.180710,28.602420,0.233462,-0.012483,-0.174776,1.608435,0.00000000,0.00000000,-0.320117,-1.040933,1.496350,-0.350916,-1.001828,1.484572,0.049777,0.011778
134.860000,0.021419,0.033,9.540966,-0.179165,28.834828,0.228058,0.004937,-0.100552,0.341089,0.00000000,0.00000000,-0.281856,-1.043779,1.491207,-0.328425,-1.003161,1.508075,0.061793,0.016868
134.890000,0.019214,0.039,9.587550,0.196021,28.889854,0.229234,0.031501,-0.091148,1.726144,0.00000000,0.00000000,-0.259932,-1.044184,1.486575,-0.298196,-1.003922,1.503409,0.055543,0.016834
134.945000,0.019214,0.085,7.081419,-0.227424,28.186378,0.227230,0.081711,-0.037384,1.282892,0.00000000,0.00000000,-0.213296,-1.044313,1.484765,-0.263937,-1.002770,1.500170,0.065501,0.015405
134.980000,0.020474,0.036,9.454015,-0.108449,28.140357,0.227137,0.035879,-0.049681,0.705597,0.00000000,0.00000000,-0.183512,-1.046029,1.483682,-0.233290,-1.005726,1.496012,0.064048,0.012330
135.015000,0.020474,0.081,38.593758,-0.081599,28.462381,0.226183,0.012087,-0.015730,1.788598,0.00000000,0.00000000,-0.155193,-1.047879,1.483506,-0.200957,-1.007990,1.495963,0.060709,0.012457
135.060000,0.019208,0.068,9.558332,-0.165939,28.538631,0.220562,-0.100354,-0.029341,2.331811,0.00000000,0.00000000,-0.119903,-1.055058,1.481830,-0.169574,-1.013970,1.494158,0.064462,0.012328
135.095000,0.021015,0.039,9.366942,0.179373,28.028265,0.216213,-0.071880,0.032734,0.300188,0.00000000,0.00000000,-0.092507,-1.059826,1.483758,-0.137989,-1.017700,1.487669,0.061993,0.003911
135.145000,0.021015,0.086,4.017472,-0.384384,27.958679,0.213757,-0.035878,-0.052040,0.451434,0.00000000,0.00000000,-0.055082,-1.065802,1.480362,-0.107895,-1.021541,1.483042,0.068908,0.002681
135.175000,0.018416,0.057,9.600862,0.032920,28.020457,0.211849,-0.167243,-0.026724,4.036031,0.00000000,0.00000000,-0.033819,-1.073749,1.481916,-0.079514,-1.032055,1.485118,0.061859,0.003202
135.215000,0.017130,0.027,3.817011,0.211670,28.036656,0.213301,-0.181848,0.224984,0.363554,0.00000000,0.00000000,-0.006663,-1.083341,1.490599,-0.052560,-1.041413,1.495541,0.062165,0.004942
135.260000,0.017130,0.101,21.724156,0.247846,28.144278,0.212887,-0.137233,0.042375,0.375700,0.00000000,0.00000000,0.027417,-1.092097,1.490620,-0.021772,-1.048907,1.493548,0.065459,0.002928
135.305000,0.019343,0.041,9.493403,0.082125,28.142678,0.213881,-0.101920,0.166056,0.620395,0.00000000,0.00000000,0.063018,-1.098756,1.499540,0.009930,-1.054888,1.502081,0.068868,0.002541
135.335000,0.019343,0.091,9.574075,0.196406,28.159543,0.217911,-0.072161,0.145849,0.159315,0.00000000,0.00000000,0.088387,-1.102422,1.504237,0.043540,-1.059661,1.508452,0.061966,0.004215
135.375000,0.015340,0.042,9.601395,0.079549,28.160223,0.218668,-0.005343,0.167819,2.527981,0.00000000,0.00000000,0.121346,-1.104886,1.510729,0.076119,-1.061518,1.514316,0.062660,0.003587
135.415000,0.015340,0.086,9.349908,0.503220,24.281987,0.244079,-0.049855,0.440109,1.563890,0.00000000,0.00000000,0.151796,-1.108925,1.529321,0.106518,-1.065886,1.534980,0.062470,0.005658
135.455000,0.013510,0.061,105.242719,-0.370647,28.189131,0.247955,-0.049054,0.387234,1.832440,0.00000000,0.00000000,0.181023,-1.112918,1.547755,0.135071,-1.068834,1.548970,0.063678,0.001216
135.505000,0.014537,0.041,9.534827,0.128351,28.188241,0.248772,-0.166215,0.107531,4.652388,0.00000000,0.00000000,0.219047,-1.117849,1.548152,0.166244,-1.077476,1.514492,0.066468,0.033661
135.540000,0.014537,0.083,9.572157,-0.134715,28.188684,0.236607,-0.164335,0.005409,0.093965,0.00000000,0.00000000,0.240132,-1.124746,1.546095,0.190903,-1.086031,1.513198,0.062628,0.032897
135.585000,0.017212,0.044,9.661006,0.443085,28.254749,0.246214,-0.085485,0.229136,3.576697,0.00000000,0.00000000,0.271363,-1.126783,1.559964,0.218951,-1.089814,1.525909,0.064138,0.034055
135.615000,0.017212,0.086,35.031308,-0.007347,28.632515,0.247173,0.081863,-0.059471,2.504450,0.00000000,0.00000000,0.296224,-1.124795,1.552962,0.251522,-1.087716,1.519552,0.058079,0.033410
135.650000,0.017615,0.050,7.409376,-0.108190,28.406868,0.247043,-0.025816,-0.035973,2.669303,0.00000000,0.00000000,0.323255,-1.126847,1.552598,0.282505,-1.091686,1.519079,0.053822,0.033519
135.700000,0.018395,0.064,9.719526,-0.131284,28.407526,0.246580,-0.041135,-0.076335,0.824407,0.00000000,0.00000000,0.365462,-1.129976,1.548559,0.313722,-1.093008,1.547837,0.063590,0.000722
135.745000,0.018395,0.108,9.500387,0.003604,25.310859,0.243546,-0.027774,-0.005088,0.329375,0.00000000,0.00000000,0.406891,-1.131530,1.548830,0.350440,-1.094404,1.547950,0.067565,0.000880
135.770000,0.016806,0.057,9.668405,-0.211666,25.312013,0.244677,-0.073069,-0.035249,2.211545,0.00000000,0.00000000,0.425693,-1.134279,1.546441,0.380292,-1.098756,1.546427,0.057646,0.000014
135.825000,0.016908,0.012,9.575966,0.367530,21.477542,0.248435,-0.146050,0.288183,1.520927,0.00000000,0.00000000,0.458584,-1.142967,1.563090,0.404097,-1.105088,1.560454,0.066360,0.002637
135.855000,0.016908,0.066,31.756839,0.363828,21.913952,0.253411,-0.197349,0.403343,1.066539,0.00000000,0.00000000,0.475023,-1.148833,1.574678,0.426009,-1.112924,1.575905,0.060760,0.001227
135.900000,0.015579,0.045,0.161278,-0.295547,21.869979,0.256195,-0.101254,0.080217,3.865512,0.00000000,0.00000000,0.505568,-1.152503,1.577152,0.461482,-1.113021,1.552884,0.059181,0.024267
135.935000,0.018340,0.005,9.340535,-0.327732,21.864810,0.257098,0.032720,-0.260552,1.379069,0.00000000,0.00000000,0.532038,-1.151523,1.568203,0.491229,-1.112114,1.542193,0.056731,0.026010
135.970000,0.018340,0.069,7.679554,-0.294016,21.850178,0.247303,0.092016,-0.149452,0.393764,0.00000000,0.00000000,0.559638,-1.147684,1.560707,0.523785,-1.109317,1.537671,0.052511,0.023036
136.010000,0.018340,0.119,4.646612,-0.043158,21.682492,0.245124,0.048468,0.113612,1.024340,0.00000000,0.00000000,0.592148,-1.146101,1.565564,0.556332,-1.108525,1.542438,0.051911,0.023126
136.055000,0.014113,0.083,9.405103,0.262439,20.015880,0.247948,0.010068,0.190095,0.181183,0.00000000,0.00000000,0.628208,-1.145304,1.573125,0.587891,-1.109172,1.550335,0.054139,0.022790
136.105000,0.017885,0.062,2.896718,-0.168793,19.986695,0.259624,0.028371,-0.253703,0.919545,0.00000000,0.00000000,0.665832,-1.142846,1.566226,0.613485,-1.110528,1.557492,0.061520,0.008734
136.140000,0.014786,0.031,2.896718,-0.168793,19.986695,0.259624,-0.081633,-0.191630,5.500165,0.00000000,0.00000000,0.694215,-1.147694,1.562281,0.645969,-1.116322,1.553081,0.057549,0.009200
136.175000,0.014786,0.082,9.458935,0.122816,19.984988,0.249013,-0.069942,-0.204025,2.181608,0.00000000,0.00000000,0.720159,-1.149820,1.553498,0.675306,-1.119288,1.543715,0.054259,0.009783
136.225000,0.012540,0.038,9.611695,0.053063,19.984406,0.248703,-0.042533,0.035817,0.659344,0.00000000,0.00000000,0.760510,-1.152361,1.558058,0.708648,-1.118803,1.565873,0.061773,0.007816
136.260000,0.016822,0.014,9.620322,-0.084643,19.983980,0.247932,0.025921,0.056574,0.090014,0.00000000,0.00000000,0.787307,-1.151765,1.559123,0.743710,-1.117952,1.561983,0.055173,0.002859
136.300000,0.016822,0.060,15.776457,-0.232725,20.096634,0.248679,-0.006894,-0.041673,1.640767,0.00000000,0.00000000,0.815574,-1.152388,1.557583,0.771978,-1.118494,1.560436,0.055221,0.002853
136.340000,0.015581,0.032,11.267677,-0.040081,20.132594,0.248680,-0.074535,-0.170045,2.477063,0.00000000,0.00000000,0.839782,-1.155827,1.551244,0.799889,-1.121548,1.557556,0.052598,0.006312
136.405000,0.015581,0.115,18.588264,0.191436,20.270230,0.248011,-0.018924,-0.043873,1.515437,0.00000000,0.00000000,0.868229,-1.158225,1.549538,0.826501,-1.123428,1.555972,0.054333,0.006435
136.495000,0.014375,0.085,1.264156,-0.012107,19.646822,0.241148,-0.110858,-0.009976,2.016200,0.00000000,0.00000000,0.886669,-1.164034,1.542776,0.847508,-1.130211,1.549152,0.051745,0.006376
137.705000,0.014470,0.067,6.422128,-0.031703,5.727430,0.100861,-0.092464,0.001078,1.420540,0.00000000,0.00000000,0.890192,-1.186149,1.543430,0.850350,-1.151005,1.549751,0.053127,0.006321
137.900000,0.011693,0.068,0.103631,-0.013182,4.650299,0.048813,-0.105774,0.005172,0.301829,0.00000000,0.00000000,0.890863,-1.207339,1.543102,0.851294,-1.172737,1.549413,0.052565,0.006311
138.055000,0.013141,0.040,0.618086,-0.085552,2.723576,0.015216,-0.175811,0.001944,1.062489,0.00000000,0.00000000,0.892810,-1.227135,1.543344,0.881397,-1.188962,1.546952,0.039843,0.003608
138.180000,0.013275,0.112,6.714529,-0.029835,1.893442,0.014775,-0.205406,-0.007209,1.186338,0.00000000,0.00000000,0.895761,-1.250287,1.542747,0.884124,-1.211259,1.546854,0.040727,0.004108
138.300000,0.013100,0.069,0.345767,-0.051659,2.451827,0.020513,-0.168255,0.001357,0.317154,0.00000000,0.00000000,0.898392,-1.271092,1.542641,0.886841,-1.232053,1.546747,0.040713,0.004107
138.410000,0.014274,0.076,8.890985,-0.021341,3.521627,0.020489,-0.221391,0.004589,0.423934,0.00000000,0.00000000,0.901186,-1.292950,1.543181,0.889928,-1.255816,1.547194,0.038803,0.004013
138.525000,0.012534,0.001,6.048320,0.041677,3.698000,0.023917,-0.225915,0.029428,0.509711,0.00000000,0.00000000,0.904732,-1.316112,1.545126,0.892951,-1.276076,1.548654,0.041733,0.003528
138.625000,0.011945,0.063,6.835080,-0.143993,4.047592,0.028077,-0.273114,-0.001070,2.563444,0.00000000,0.00000000,0.907996,-1.340467,1.546807,0.896427,-1.299828,1.550795,0.042254,0.003988
138.725000,0.014229,0.099,0.165583,-0.045987,4.051204,0.027717,-0.246381,-0.008610,0.544249,0.00000000,0.00000000,0.909801,-1.364351,1.544747,0.898685,-1.324045,1.548869,0.041810,0.004122
138.805000,0.011210,0.054,8.244990,-0.042986,4.609015,0.027632,-0.236474,0.019623,0.408565,0.00000000,0.00000000,0.911649,-1.385613,1.545254,0.923327,-1.335909,1.549433,0.051058,0.004179
138.885000,0.012012,0.046,3.937462,-0.065608,4.624387,0.027682,-0.291663,0.005500,1.394070,0.00000000,0.00000000,0.913762,-1.407987,1.546096,0.925432,-1.357666,1.550186,0.051657,0.004090
138.960000,0.014426,0.078,3.204291,-0.033743,4.571696,0.027566,-0.328318,0.013746,0.598939,0.00000000,0.00000000,0.917686,-1.432174,1.546486,0.929755,-1.383569,1.550572,0.050082,0.004086
139.040000,0.013964,0.005,0.588409,-0.032183,4.586670,0.027516,-0.288580,0.008528,0.282706,0.00000000,0.00000000,0.918563,-1.455452,1.546311,0.930726,-1.406843,1.550392,0.050108,0.004081
139.120000,0.016548,0.026,11.506561,-0.030392,5.310068,0.027700,-0.290538,-0.002205,0.048012,0.00000000,0.00000000,0.922980,-1.479318,1.545647,0.947104,-1.423841,1.548816,0.060495,0.003169
139.200000,0.013677,0.079,5.221168,-0.085473,5.398641,0.028345,-0.326225,0.000922,0.783499,0.00000000,0.00000000,0.924377,-1.505240,1.546758,0.948584,-1.449759,1.549924,0.060531,0.003165
139.265000,0.009912,0.045,5.786324,-0.166938,5.507052,0.035470,-0.363496,-0.037149,0.227368,0.00000000,0.00000000,0.927477,-1.528810,1.544305,0.951537,-1.471562,1.547905,0.062098,0.003600
139.315000,0.008076,0.052,2.478380,0.016737,6.060585,0.036907,-0.386695,0.038998,0.968320,0.00000000,0.00000000,0.931273,-1.548581,1.544731,0.955949,-1.494943,1.548426,0.059042,0.003694
139.375000,0.007448,0.035,3.735273,-0.129729,5.990479,0.040693,-0.391522,-0.027740,0.516023,0.00000000,0.00000000,0.934349,-1.571909,1.544631,0.965242,-1.511914,1.546231,0.067482,0.001600
139.440000,0.007263,0.027,1.393237,-0.042099,6.078329,0.040670,-0.380577,-0.009037,0.940915,0.00000000,0.00000000,0.936269,-1.595817,1.542094,0.971374,-1.531410,1.545849,0.073352,0.003755
139.505000,0.007263,0.110,1.865525,-0.034992,6.099582,0.040663,-0.376222,0.005263,0.233839,0.00000000,0.00000000,0.936909,-1.619850,1.542612,0.972030,-1.553580,1.546041,0.075002,0.003429
139.550000,0.008354,0.026,1.229091,-0.025596,6.211355,0.040529,-0.404347,-0.002793,0.819108,0.00000000,0.00000000,0.937781,-1.637564,1.542303,0.976162,-1.575891,1.543861,0.072641,0.001557
139.620000,0.010426,0.001,5.549164,-0.015145,6.246114,0.040564,-0.425535,0.013960,0.070732,0.00000000,0.00000000,0.937689,-1.667008,1.542538,0.976002,-1.601354,1.544152,0.076015,0.001614
139.675000,0.010461,0.001,14.418631,-0.034464,6.430671,0.040413,-0.435390,0.012106,0.431992,0.00000000,0.00000000,0.937036,-1.690647,1.542828,0.975313,-1.627155,1.544454,0.074137,0.001626
139.730000,0.010461,0.064,1.411107,-0.044928,6.438791,0.039913,-0.431971,-0.003859,0.120372,0.00000000,0.00000000,0.936349,-1.714336,1.542738,0.974647,-1.653012,1.544407,0.072301,0.001669
139.795000,0.010567,0.075,2.329287,-0.036442,6.481916,0.039851,-0.428654,0.011684,0.067326,0.00000000,0.00000000,0.935668,-1.742330,1.542835,0.974023,-1.678834,1.544477,0.074181,0.001642
139.860000,0.010560,0.094,0.075740,-0.027518,6.417076,0.037113,-0.434162,0.001650,0.193214,0.00000000,0.00000000,0.934491,-1.770253,1.542840,0.972970,-1.704604,1.544455,0.076095,0.001616
139.910000,0.011356,0.070,0.514295,-0.050124,6.420448,0.037155,-0.431899,0.005625,0.027170,0.00000000,0.00000000,0.933845,-1.791898,1.542877,0.972285,-1.730565,1.544438,0.072384,0.001561
139.985000,0.010126,0.029,2.115293,-0.037164,6.434138,0.037186,-0.432675,-0.004131,0.253549,0.00000000,0.00000000,0.933032,-1.824345,1.542617,0.975724,-1.749755,1.544606,0.085943,0.001988
140.035000,0.010233,0.025,3.093174,-0.043057,6.096163,0.037082,-0.440121,0.004231,0.553202,0.00000000,0.00000000,0.932564,-1.846041,1.542863,0.977049,-1.774489,1.543909,0.084254,0.001046
140.100000,0.011530,0.009,10.380608,-0.042487,6.158726,0.037023,-0.420831,-0.009409,0.730137,0.00000000,0.00000000,0.932048,-1.874140,1.542679,0.976613,-1.800399,1.543708,0.086162,0.001029
140.165000,0.008920,0.012,2.399184,-0.055338,6.179053,0.034846,-0.438754,-0.005741,0.203409,0.00000000,0.00000000,0.931329,-1.902311,1.542607,0.977274,-1.826147,1.543589,0.088949,0.000982
140.225000,0.008920,0.100,1.846187,-0.022750,6.175457,0.034843,-0.435874,-0.001296,0.805551,0.00000000,0.00000000,0.930897,-1.928183,1.542397,0.976837,-1.851983,1.543434,0.088977,0.001038
140.275000,0.010695,0.054,3.090355,-0.033626,5.952907,0.031715,-0.435446,0.005946,0.121011,0.00000000,0.00000000,0.930499,-1.949778,1.542697,0.976369,-1.877952,1.543727,0.085224,0.001031
140.345000,0.012322,0.081,2.163872,-0.067009,6.011854,0.031997,-0.433644,0.004304,0.130297,0.00000000,0.00000000,0.929646,-1.980189,1.542775,0.975690,-1.904047,1.543797,0.088980,0.001021
140.405000,0.011736,0.052,3.370758,-0.047791,6.049484,0.031983,-0.419002,-0.005937,0.291326,0.00000000,0.00000000,0.928686,-2.005706,1.542676,0.974691,-1.929570,1.543678,0.088956,0.001003
140.455000,0.012365,0.092,0.601611,-0.027179,5.802939,0.032008,-0.428377,0.002456,0.138571,0.00000000,0.00000000,0.928100,-2.027370,1.542792,0.974084,-1.955513,1.543774,0.085311,0.000982
140.520000,0.012614,0.083,0.820161,-0.047981,5.750955,0.031811,-0.434594,0.003962,0.345739,0.00000000,0.00000000,0.927570,-2.055470,1.542543,0.973601,-1.981473,1.543557,0.087146,0.001014
140.580000,0.011747,0.065,3.152491,-0.019402,5.753918,0.031916,-0.428805,-0.003324,0.171690,0.00000000,0.00000000,0.926878,-2.081511,1.542622,0.972935,-2.007515,1.543632,0.087159,0.001010
140.640000,0.010118,0.046,0.230000,-0.053253,5.764895,0.031993,-0.422349,-0.007004,0.887752,0.00000000,0.00000000,0.925962,-2.107466,1.542614,0.972045,-2.033471,1.543630,0.087172,0.001016
140.690000,0.011094,0.036,4.288074,-0.036031,5.772047,0.031982,-0.371166,-0.003770,2.581175,0.00000000,0.00000000,0.925386,-2.127702,1.542786,0.971400,-2.057041,1.543698,0.084322,0.000911
142.715000,0.012648,0.095,0.219121,-0.031841,0.109546,0.011579,0.002760,0.000111,0.157125,0.00000000,0.00000000,0.922984,-2.148640,1.542758,0.969109,-2.074648,1.543770,0.087192,0.001012
143.725000,0.015629,0.020,0.151868,-0.030641,0.867637,0.012448,-0.094010,0.000020,0.969614,0.00000000,0.00000000,0.921891,-2.170265,1.543123,0.969093,-2.111584,1.544010,0.075310,0.000887
143.940000,0.015671,0.038,0.049198,-0.028488,1.198883,0.012475,-0.118394,0.009743,0.797564,0.00000000,0.00000000,0.920893,-2.191012,1.543398,0.968100,-2.132722,1.544289,0.075008,0.000891
144.100000,0.016255,0.085,0.131618,-0.035175,1.559929,0.012375,-0.131938,-0.006811,0.222537,0.00000000,0.00000000,0.919262,-2.211043,1.543270,0.966486,-2.152755,1.544165,0.075018,0.000895
144.240000,0.015320,0.096,0.105492,-0.044293,1.563603,0.010710,-0.162021,0.001208,0.242655,0.00000000,0.00000000,0.918170,-2.233077,1.543239,0.965414,-2.174790,1.544131,0.075029,0.000892
144.365000,0.013261,0.067,2.121392,-0.027149,1.586166,0.010793,-0.191026,0.005126,0.449179,0.00000000,0.00000000,0.917418,-2.256243,1.543261,0.964702,-2.197017,1.544157,0.075786,0.000896
144.480000,0.012864,0.082,0.417355,-0.025579,1.798119,0.011041,-0.186624,0.000346,0.470393,0.00000000,0.00000000,0.917089,-2.278090,1.543172,0.964374,-2.219803,1.544066,0.075054,0.000894
144.575000,0.015052,0.100,0.329945,-0.055197,1.916967,0.010981,-0.206501,-0.004557,0.062925,0.00000000,0.00000000,0.916095,-2.297718,1.543359,0.963400,-2.240492,1.544239,0.074246,0.000880
144.680000,0.013631,0.069,0.297752,-0.047886,2.183722,0.010755,-0.226271,-0.010098,0.277672,0.00000000,0.00000000,0.915579,-2.321145,1.543088,0.962902,-2.262860,1.543982,0.075077,0.000894
144.765000,0.013596,0.081,6.835754,-0.027617,2.408074,0.010770,-0.254205,0.008946,0.432416,0.00000000,0.00000000,0.915321,-2.342696,1.543277,0.962680,-2.283072,1.544166,0.076144,0.000889
144.845000,0.014508,0.007,6.633638,-0.044871,2.600949,0.011104,-0.268643,-0.006262,0.339168,0.00000000,0.00000000,0.915091,-2.364973,1.543105,0.962476,-2.305229,1.544024,0.076254,0.000919
144.920000,0.014040,0.024,3.767353,-0.017198,2.695539,0.011284,-0.295956,-0.001844,0.617506,0.00000000,0.00000000,0.914151,-2.386883,1.542756,0.962367,-2.326770,1.543884,0.077061,0.001127
144.995000,0.013142,0.035,1.158056,-0.021753,2.964267,0.011462,-0.317134,0.005969,0.214091,0.00000000,0.00000000,0.914041,-2.410405,1.542974,0.962314,-2.349171,1.543786,0.077974,0.000812
145.075000,0.012780,0.065,10.032535,-0.044083,3.353504,0.011731,-0.301325,-0.008422,0.758588,0.00000000,0.00000000,0.913333,-2.435365,1.542952,0.961547,-2.374049,1.543716,0.078001,0.000764
145.155000,0.014625,0.001,2.513215,-0.037388,3.379977,0.012325,-0.310468,0.009615,0.030856,0.00000000,0.00000000,0.912287,-2.460060,1.542983,0.960547,-2.398769,1.543786,0.078011,0.000803
145.245000,0.012000,0.023,0.581443,-0.037682,3.475712,0.012479,-0.323164,-0.003746,0.859766,0.00000000,0.00000000,0.911635,-2.488039,1.542845,0.960601,-2.423503,1.543578,0.081009,0.000733
145.325000,0.012764,0.031,0.955480,-0.044334,3.648432,0.011519,-0.301403,0.003333,0.327680,0.00000000,0.00000000,0.911450,-2.512550,1.542998,0.960450,-2.448073,1.543702,0.080984,0.000703
145.405000,0.012461,0.066,9.118137,-0.036170,3.811646,0.010682,-0.305758,0.007207,0.123652,0.00000000,0.00000000,0.910808,-2.537392,1.543048,0.959850,-2.472905,1.543766,0.081016,0.000718
145.475000,0.012653,0.047,1.121541,-0.049768,3.829216,0.010807,-0.320587,0.005030,0.145470,0.00000000,0.00000000,0.910296,-2.559350,1.543011,0.959254,-2.497976,1.543747,0.078509,0.000736
145.560000,0.013765,0.065,0.518169,-0.006748,3.786247,0.011765,-0.307746,-0.003029,0.589575,0.00000000,0.00000000,0.909653,-2.585428,1.543099,0.958683,-2.522489,1.543810,0.079782,0.000711
145.640000,0.012286,0.081,0.851616,-0.036850,3.796193,0.011740,-0.309429,0.000287,0.074854,0.00000000,0.00000000,0.908352,-2.609706,1.542885,0.957399,-2.546768,1.543600,0.079792,0.000716
145.725000,0.012467,0.031,5.391296,-0.043293,3.811346,0.011697,-0.304018,0.003479,0.281938,0.00000000,0.00000000,0.907521,-2.636155,1.543004,0.956641,-2.571650,1.543733,0.081078,0.000729
145.800000,0.014348,0.096,9.979428,-0.038951,4.056918,0.011718,-0.299036,-0.005415,0.116883,0.00000000,0.00000000,0.906897,-2.659016,1.542859,0.955979,-2.596079,1.543574,0.079813,0.000715
145.870000,0.012465,0.077,1.192831,-0.033495,4.069128,0.011851,-0.303044,0.009595,0.290850,0.00000000,0.00000000,0.906227,-2.680522,1.542823,0.955333,-2.620792,1.543566,0.077325,0.000743
145.965000,0.013596,0.022,0.913108,-0.044682,4.126234,0.012804,-0.318729,-0.002658,0.133398,0.00000000,0.00000000,0.905620,-2.710090,1.542619,0.954553,-2.646450,1.543757,0.080277,0.001138
146.035000,0.016495,0.007,1.015971,-0.039041,4.133767,0.012630,-0.308535,0.007580,0.093652,0.00000000,0.00000000,0.905247,-2.731598,1.542791,0.954154,-2.671054,1.543929,0.077830,0.001138
146.125000,0.012853,0.063,3.774852,-0.072954,4.431100,0.013455,-0.304778,-0.000863,0.237711,0.00000000,0.00000000,0.904877,-2.759031,1.542568,0.953815,-2.695409,1.543803,0.080267,0.001235
146.200000,0.013185,0.058,2.649687,-0.041590,4.394092,0.013486,-0.310197,0.004845,0.076125,0.00000000,0.00000000,0.904144,-2.782316,1.542437,0.953125,-2.720244,1.543560,0.079070,0.001123
146.285000,0.014198,0.081,6.302327,-0.036092,4.408103,0.013637,-0.313026,0.004675,0.150426,0.00000000,0.00000000,0.903298,-2.808601,1.542662,0.952323,-2.744999,1.543802,0.080304,0.001140
146.350000,0.013337,0.019,1.081385,-0.024945,4.415430,0.013896,-0.307084,0.011184,0.244576,0.00000000,0.00000000,0.902602,-2.828426,1.542527,0.951798,-2.768821,1.543560,0.077286,0.001034
146.435000,0.013184,0.029,1.034523,-0.016633,4.302594,0.013880,-0.300397,0.008635,0.171774,0.00000000,0.00000000,0.902143,-2.854546,1.542823,0.950898,-2.792178,1.543486,0.079164,0.000663
146.520000,0.015580,0.095,12.444341,-0.056533,4.532734,0.014156,-0.312568,-0.000264,0.446151,0.00000000,0.00000000,0.901196,-2.880799,1.542854,0.950020,-2.816886,1.543498,0.080428,0.000644
146.595000,0.014973,0.051,0.990401,-0.027968,4.362815,0.013674,-0.313130,0.005683,0.331940,0.00000000,0.00000000,0.900626,-2.904031,1.542937,0.949422,-2.841672,1.543588,0.079182,0.000651
146.675000,0.013285,0.086,1.129773,-0.044399,4.278034,0.013215,-0.317462,0.001102,0.475379,0.00000000,0.00000000,0.899977,-2.928832,1.542975,0.948813,-2.866497,1.543617,0.079187,0.000642
146.765000,0.013136,0.025,3.611255,-0.044087,4.074728,0.012979,-0.292437,-0.011813,0.987502,0.00000000,0.00000000,0.899026,-2.956683,1.542882,0.947586,-2.890591,1.544028,0.082014,0.001147
146.840000,0.013865,0.018,16.387311,-0.038711,4.598247,0.012890,-0.318291,-0.001696,0.857666,0.00000000,0.00000000,0.898063,-2.979910,1.542900,0.946526,-2.913632,1.543829,0.082105,0.000929
146.925000,0.014565,0.054,0.834052,-0.043015,4.469848,0.013176,-0.301351,-0.003627,0.831759,0.00000000,0.00000000,0.897387,-3.006333,1.542763,0.945780,-2.936791,1.543713,0.084723,0.000950
146.990000,0.014101,0.070,0.229241,-0.039691,4.465631,0.013182,-0.303461,0.007728,0.346295,0.00000000,0.00000000,0.896903,-3.026447,1.542891,0.945165,-2.961566,1.543782,0.080863,0.000891
147.070000,0.015729,0.023,0.713871,-0.034029,4.345403,0.012687,-0.305457,-0.001968,0.462649,0.00000000,0.00000000,0.896176,-3.051335,1.542827,0.944395,-2.988058,1.543765,0.079556,0.000938
147.155000,0.015445,0.031,0.525619,-0.027375,4.328759,0.012729,-0.303270,0.008846,0.668809,0.00000000,0.00000000,0.895284,-3.077688,1.542828,0.943632,-3.012793,1.543734,0.080926,0.000906
147.240000,0.015577,0.010,4.118119,-0.050969,4.352949,0.012028,-0.308365,0.000255,0.363067,0.00000000,0.00000000,0.894584,-3.103895,1.542523,0.942987,-3.037460,1.543440,0.082198,0.000918
147.320000,0.013947,0.083,5.984872,-0.033758,4.470313,0.012129,-0.306768,0.002880,0.006761,0.00000000,0.00000000,0.893931,-3.128721,1.542337,0.942357,-3.062287,1.543253,0.082211,0.000916
147.400000,0.014133,0.103,1.079323,-0.014857,4.434711,0.013394,-0.314721,-0.004688,0.296589,0.00000000,0.00000000,0.893238,-3.153669,1.542136,0.941687,-3.087235,1.543052,0.082224,0.000916
147.485000,0.014833,0.083,6.616924,0.018006,4.345824,0.015598,-0.302556,0.009911,0.271929,0.00000000,0.00000000,0.893042,-3.179332,1.542330,0.941471,-3.111428,1.543224,0.083404,0.000894
147.555000,0.014395,0.035,0.013830,-0.030967,4.346871,0.015287,-0.308302,0.002538,0.445375,0.00000000,0.00000000,0.892325,-3.200827,1.542557,0.940755,-3.135929,1.543491,0.080977,0.000934
147.640000,0.015342,0.047,4.106050,-0.027256,4.417255,0.014952,-0.306740,-0.000916,0.105993,0.00000000,0.00000000,0.891681,-3.227230,1.542296,0.939803,-3.159221,1.542896,0.083312,0.000600
147.715000,0.013598,0.092,0.182409,-0.025175,4.303666,0.014871,-0.305764,0.001461,0.165717,0.00000000,0.00000000,0.890703,-3.250293,1.542273,0.938793,-3.183826,1.542884,0.082040,0.000611
147.795000,0.016304,0.096,0.042157,-0.043345,4.038554,0.014320,-0.316078,0.003089,0.501190,0.00000000,0.00000000,0.889866,-3.275105,1.542285,0.937945,-3.208679,1.542894,0.082000,0.000609
147.870000,0.012323,0.011,0.296638,-0.021195,4.074642,0.014322,-0.303053,-0.001006,0.230600,0.00000000,0.00000000,0.889297,-3.298294,1.542524,0.937490,-3.234369,1.543081,0.080056,0.000556
147.955000,0.013421,0.028,5.228240,-0.063853,4.143270,0.014791,-0.316615,-0.002930,0.140492,0.00000000,0.00000000,0.888649,-3.324642,1.542303,0.936762,-3.258920,1.542998,0.081451,0.000696
148.040000,0.013272,0.056,2.897337,-0.049230,4.226231,0.014605,-0.305175,0.004084,0.590696,0.00000000,0.00000000,0.887938,-3.351006,1.542262,0.936116,-3.283730,1.542972,0.082747,0.000710
148.110000,0.009967,0.081,0.621438,-0.042887,4.163044,0.014322,-0.303867,-0.006093,0.713523,0.00000000,0.00000000,0.887476,-3.372844,1.542274,0.935648,-3.308623,1.542947,0.080280,0.000673
148.195000,0.008717,0.009,6.074432,-0.019832,3.951535,0.014400,-0.304470,-0.013056,0.205956,0.00000000,0.00000000,0.886412,-3.398882,1.541990,0.934567,-3.333147,1.542689,0.081485,0.000699
148.285000,0.010884,0.023,0.367232,-0.019508,4.076803,0.014664,-0.308504,0.002294,0.342551,0.00000000,0.00000000,0.885645,-3.426736,1.542100,0.933974,-3.358573,1.542958,0.083558,0.000858
148.365000,0.009724,0.028,0.942505,-0.048593,4.079383,0.014913,-0.303418,-0.009594,0.260904,0.00000000,0.00000000,0.884780,-3.451433,1.541835,0.933279,-3.382399,1.542902,0.084368,0.001066
148.440000,0.010738,0.057,1.219320,-0.039677,4.073635,0.014965,-0.314312,0.003852,0.061150,0.00000000,0.00000000,0.883866,-3.474492,1.541947,0.932299,-3.406963,1.542986,0.083102,0.001039
148.510000,0.015002,0.094,0.990952,-0.029908,3.393323,0.014626,-0.314643,0.006968,0.310339,0.00000000,0.00000000,0.883075,-3.496098,1.541999,0.931404,-3.431634,1.543007,0.080569,0.001008
148.595000,0.012054,0.108,0.190063,-0.044145,3.505124,0.015043,-0.311974,0.001086,0.104570,0.00000000,0.00000000,0.882706,-3.522207,1.541983,0.931150,-3.456228,1.543026,0.081853,0.001043
148.680000,0.012549,0.032,11.542402,-0.062210,3.800173,0.015335,-0.312387,-0.000496,0.334250,0.00000000,0.00000000,0.881816,-3.548771,1.541743,0.930326,-3.481244,1.542783,0.083146,0.001041
148.760000,0.012978,0.061,1.127493,-0.024821,3.792121,0.015580,-0.309168,0.003289,0.080531,0.00000000,0.00000000,0.881068,-3.573173,1.541590,0.929405,-3.504490,1.542846,0.083986,0.001256
148.840000,0.011576,0.066,0.027729,-0.028945,3.851939,0.015535,-0.307635,-0.005859,0.025869,0.00000000,0.00000000,0.880460,-3.597794,1.541665,0.928828,-3.529112,1.542920,0.084004,0.001254
148.920000,0.011455,0.012,1.218879,-0.028411,3.712942,0.015249,-0.310095,0.003308,0.271127,0.00000000,0.00000000,0.879667,-3.622539,1.541543,0.928066,-3.553858,1.542800,0.084021,0.001257
148.990000,0.011455,0.097,0.889074,-0.051265,3.607165,0.015119,-0.311509,0.000853,0.127136,0.00000000,0.00000000,0.879300,-3.644090,1.541715,0.927675,-3.578530,1.542973,0.081475,0.001258
149.070000,0.012674,0.041,4.042605,-0.035538,3.653004,0.014398,-0.311024,-0.009227,0.407728,0.00000000,0.00000000,0.878616,-3.668869,1.541469,0.926994,-3.603304,1.542671,0.081481,0.001201
149.160000,0.014790,0.050,0.936248,-0.018693,3.510093,0.012377,-0.303290,0.004769,0.076060,0.00000000,0.00000000,0.877843,-3.696705,1.541534,0.926335,-3.628027,1.542787,0.084073,0.001254
149.235000,0.014805,0.043,3.481107,-0.041343,3.449374,0.012561,-0.317410,-0.000728,0.458521,0.00000000,0.00000000,0.877094,-3.720044,1.541355,0.924727,-3.650221,1.541938,0.084524,0.000582
149.320000,0.016051,0.081,6.666987,-0.033296,3.564861,0.012516,-0.312163,0.005739,0.625596,0.00000000,0.00000000,0.876517,-3.746276,1.541367,0.924218,-3.674905,1.541964,0.085844,0.000597
149.400000,0.013085,0.006,0.792708,-0.043191,3.565450,0.012882,-0.302166,0.002520,0.145774,0.00000000,0.00000000,0.875981,-3.770972,1.541266,0.923697,-3.699601,1.541864,0.085852,0.000598
149.485000,0.012930,0.032,0.258398,-0.035702,3.782711,0.012922,-0.308949,0.006395,0.276821,0.00000000,0.00000000,0.875359,-3.797210,1.541412,0.923137,-3.724282,1.541988,0.087184,0.000576
149.555000,0.011612,0.057,0.885353,-0.023420,3.634241,0.013002,-0.318368,-0.001423,0.619261,0.00000000,0.00000000,0.874749,-3.818898,1.541475,0.922458,-3.749076,1.542049,0.084566,0.000573
149.630000,0.012971,0.069,4.362975,-0.058671,3.613894,0.012824,-0.300622,-0.004628,0.512710,0.00000000,0.00000000,0.873887,-3.841976,1.541075,0.921587,-3.773682,1.541712,0.083303,0.000637
149.715000,0.013813,0.007,1.075417,-0.054966,3.557227,0.013153,-0.321479,0.005080,0.835551,0.00000000,0.00000000,0.873484,-3.867991,1.541331,0.921194,-3.798194,1.541904,0.084545,0.000572
149.805000,0.014786,0.041,3.927452,-0.048742,3.724451,0.013182,-0.306017,0.002669,0.546170,0.00000000,0.00000000,0.872335,-3.895884,1.541068,0.920264,-3.824364,1.542175,0.086094,0.001107
149.885000,0.013746,0.026,0.818626,-0.036312,3.713624,0.012746,-0.313953,0.001742,0.768456,0.00000000,0.00000000,0.871918,-3.920394,1.541254,0.920311,-3.848358,1.542321,0.086782,0.001068
149.960000,0.013338,0.076,3.252854,-0.025532,3.733962,0.012619,-0.308543,-0.006423,0.208027,0.00000000,0.00000000,0.871373,-3.943545,1.540951,0.919753,-3.873056,1.542016,0.085494,0.001065
150.045000,0.014368,0.006,1.062603,-0.034250,3.980212,0.012178,-0.308509,0.000946,0.014383,0.00000000,0.00000000,0.870555,-3.969715,1.540847,0.918993,-3.897687,1.541902,0.086800,0.001054
150.125000,0.016619,0.008,2.465423,-0.045802,4.003349,0.012244,-0.305906,-0.003519,0.101926,0.00000000,0.00000000,0.870157,-3.994405,1.540820,0.918586,-3.922411,1.541903,0.086767,0.001083
150.200000,0.014358,0.016,4.034501,-0.028260,4.049493,0.012081,-0.300312,-0.003306,0.080737,0.00000000,0.00000000,0.869238,-4.017286,1.540685,0.917473,-3.947470,1.541922,0.084858,0.001236
150.275000,0.016101,0.054,4.316981,-0.017501,3.985301,0.011672,-0.317939,-0.005936,0.299742,0.00000000,0.00000000,0.868628,-4.040686,1.540784,0.916540,-3.971879,1.541866,0.083845,0.001082
150.355000,0.015106,0.059,1.007797,-0.060025,3.704643,0.011512,-0.304695,-0.000234,0.565273,0.00000000,0.00000000,0.867526,-4.065387,1.540482,0.915473,-3.996510,1.541574,0.083922,0.001092
150.440000,0.013410,0.089,1.048353,-0.051571,3.758727,0.011838,-0.303165,-0.000543,0.368421,0.00000000,0.00000000,0.866865,-4.091509,1.540657,0.914917,-4.021111,1.541766,0.085235,0.001108
150.520000,0.014648,0.008,1.026046,-0.013007,3.760719,0.012295,-0.309167,-0.010692,0.212382,0.00000000,0.00000000,0.866076,-4.116400,1.540627,0.913513,-4.047619,1.541370,0.083553,0.000743
150.590000,0.012497,0.009,8.409849,-0.035170,4.012148,0.012318,-0.302883,0.007403,0.114970,0.00000000,0.00000000,0.865686,-4.137812,1.540817,0.913056,-4.072446,1.541549,0.080726,0.000732
150.685000,0.012956,0.054,1.097588,-0.052238,4.092153,0.012345,-0.305468,-0.002472,0.031965,0.00000000,0.00000000,0.865173,-4.167213,1.540622,0.912643,-4.097135,1.541352,0.084642,0.000730
150.750000,0.013877,0.078,1.066743,-0.024029,4.056532,0.012520,-0.309103,-0.000361,0.102670,0.00000000,0.00000000,0.864603,-4.187379,1.540724,0.912105,-4.121964,1.541484,0.080843,0.000760
150.840000,0.014585,0.093,4.292049,-0.058837,4.126496,0.012323,-0.313463,0.006998,0.178880,0.00000000,0.00000000,0.863878,-4.215344,1.540766,0.911408,-4.146890,1.541474,0.083337,0.000709
150.920000,0.015192,0.005,4.935883,-0.037311,4.164579,0.012498,-0.298236,-0.002799,0.618278,0.00000000,0.00000000,0.863018,-4.240012,1.540706,0.910566,-4.171559,1.541417,0.083346,0.000711
151.000000,0.016702,0.013,1.337739,-0.029365,3.995910,0.012849,-0.322477,-0.001024,0.810494,0.00000000,0.00000000,0.862622,-4.264472,1.540796,0.909886,-4.195233,1.541739,0.083832,0.000944
151.080000,0.016411,0.054,0.806206,-0.039255,3.735294,0.012658,-0.311887,-0.004567,0.647817,0.00000000,0.00000000,0.861732,-4.288902,1.540573,0.909057,-4.218481,1.541722,0.084846,0.001148
151.150000,0.014050,0.092,6.896981,-0.038806,3.849396,0.012432,-0.308669,-0.002546,0.339135,0.00000000,0.00000000,0.860977,-4.310577,1.540782,0.908237,-4.243270,1.541971,0.082242,0.001189
151.245000,0.014860,0.095,0.573014,-0.053027,3.872758,0.012233,-0.303763,-0.004339,0.162317,0.00000000,0.00000000,0.859997,-4.340044,1.540649,0.907433,-4.268082,1.541817,0.086191,0.001168
151.320000,0.014327,0.004,8.323211,-0.036720,3.921142,0.011895,-0.310204,0.009989,0.125627,0.00000000,0.00000000,0.859637,-4.363101,1.540941,0.907047,-4.292682,1.542086,0.084891,0.001145
151.390000,0.013117,0.019,0.843407,-0.039783,3.790449,0.011378,-0.303144,-0.002449,0.154151,0.00000000,0.00000000,0.859166,-4.384849,1.540999,0.906118,-4.316786,1.541418,0.082686,0.000418
151.480000,0.013501,0.088,1.100184,-0.047638,3.676203,0.011356,-0.317052,-0.004496,0.253731,0.00000000,0.00000000,0.858502,-4.412952,1.541075,0.905543,-4.341751,1.541517,0.085337,0.000442
151.565000,0.014269,0.004,6.032163,-0.036505,3.656374,0.011327,-0.316785,-0.000622,0.347411,0.00000000,0.00000000,0.857490,-4.439217,1.541310,0.904580,-4.366455,1.541742,0.086671,0.000432
151.645000,0.014907,0.011,0.999816,-0.037877,3.710438,0.012099,-0.298541,-0.000452,0.821559,0.00000000,0.00000000,0.856513,-4.463838,1.541329,0.903652,-4.393608,1.542027,0.084584,0.000699
151.710000,0.011450,0.019,0.938769,-0.034607,3.444540,0.012167,-0.315002,0.000183,0.137769,0.00000000,0.00000000,0.855946,-4.483946,1.541501,0.902944,-4.418516,1.542297,0.080560,0.000796
151.790000,0.013308,0.075,1.159914,-0.060849,3.532016,0.012640,-0.310902,-0.003275,0.162646,0.00000000,0.00000000,0.855054,-4.508663,1.541349,0.902053,-4.443230,1.542093,0.080563,0.000744
151.875000,0.016188,0.079,1.096239,-0.036011,3.608988,0.012551,-0.307442,0.004965,0.285907,0.00000000,0.00000000,0.854130,-4.534867,1.541171,0.901226,-4.467854,1.541961,0.081907,0.000789
151.960000,0.014630,0.097,1.224158,-0.044313,3.975013,0.012376,-0.306049,-0.007457,0.323159,0.00000000,0.00000000,0.853794,-4.560783,1.540898,0.900928,-4.492245,1.541692,0.083181,0.000795
152.035000,0.017384,0.022,7.669962,-0.029479,3.950987,0.011549,-0.311535,0.010544,0.017282,0.00000000,0.00000000,0.853057,-4.584092,1.541207,0.899348,-4.518184,1.541606,0.080540,0.000399
152.125000,0.015479,0.030,4.323802,-0.055433,3.926309,0.011501,-0.325129,-0.003840,0.752136,0.00000000,0.00000000,0.852232,-4.611986,1.541344,0.898228,-4.541516,1.541683,0.084152,0.000340
152.200000,0.015802,0.079,4.029252,-0.020348,3.887645,0.011196,-0.305892,0.006572,0.139745,0.00000000,0.00000000,0.852089,-4.634926,1.541439,0.898037,-4.566013,1.541748,0.082826,0.000309
152.285000,0.012681,0.072,0.107784,-0.032904,3.685832,0.011107,-0.318717,-0.001078,0.333101,0.00000000,0.00000000,0.851487,-4.661005,1.541528,0.897501,-4.590525,1.541856,0.084170,0.000328
152.355000,0.015063,0.012,0.466927,-0.041058,3.671978,0.010949,-0.309977,0.005228,0.391059,0.00000000,0.00000000,0.850805,-4.682630,1.541484,0.896736,-4.615289,1.541773,0.081514,0.000288
152.435000,0.015266,0.027,5.930875,-0.052827,3.761299,0.010928,-0.305782,-0.005733,0.346133,0.00000000,0.00000000,0.850196,-4.707154,1.541581,0.894978,-4.639632,1.541802,0.081023,0.000221
152.520000,0.017848,0.012,8.112692,-0.060575,3.935283,0.010974,-0.309593,-0.003957,0.155817,0.00000000,0.00000000,0.849326,-4.733092,1.541398,0.894455,-4.662744,1.542149,0.083579,0.000751
152.600000,0.016884,0.095,6.337498,-0.065156,4.138500,0.011130,-0.304045,0.001739,0.483879,0.00000000,0.00000000,0.848802,-4.757366,1.541636,0.893949,-4.687018,1.542384,0.083589,0.000748
152.685000,0.019180,0.105,0.264477,-0.037957,4.136056,0.011074,-0.313944,-0.003194,0.040777,0.00000000,0.00000000,0.847909,-4.783541,1.541618,0.893147,-4.711666,1.542385,0.084927,0.000767
152.755000,0.015933,0.018,1.054031,-0.030352,4.126521,0.011372,-0.306112,0.002221,0.088866,0.00000000,0.00000000,0.847214,-4.805145,1.541500,0.892154,-4.737412,1.542341,0.081285,0.000841
152.840000,0.017357,0.008,1.806256,-0.037104,3.986516,0.011310,-0.307344,-0.000549,0.331157,0.00000000,0.00000000,0.846583,-4.831207,1.541546,0.891570,-4.761937,1.542373,0.082597,0.000827
152.920000,0.013951,0.072,1.654019,-0.022278,3.985943,0.011771,-0.310005,-0.009310,0.210098,0.00000000,0.00000000,0.845891,-4.855914,1.541443,0.890899,-4.786645,1.542272,0.082607,0.000829
152.990000,0.012666,0.060,1.085050,-0.019584,3.813571,0.012157,-0.311313,-0.000468,0.029442,0.00000000,0.00000000,0.845313,-4.877672,1.541571,0.890253,-4.811509,1.542348,0.079982,0.000777
153.080000,0.013985,0.004,0.988959,-0.052035,3.813505,0.012049,-0.310374,0.004537,0.017546,0.00000000,0.00000000,0.844430,-4.905464,1.541274,0.889479,-4.836196,1.542103,0.082629,0.000830
153.165000,0.015045,0.022,7.485425,-0.049489,3.935141,0.012114,-0.304784,0.005496,0.238557,0.00000000,0.00000000,0.844049,-4.931382,1.541601,0.887806,-4.860554,1.541798,0.083255,0.000197
153.240000,0.016658,0.011,4.245118,-0.039036,3.868077,0.012157,-0.310363,-0.009406,0.251083,0.00000000,0.00000000,0.843509,-4.954597,1.541428,0.886614,-4.885189,1.541835,0.081703,0.000407
153.315000,0.013639,0.087,0.001328,-0.037393,3.864294,0.011826,-0.311660,0.003107,0.089869,0.00000000,0.00000000,0.842743,-4.977897,1.541603,0.885813,-4.910041,1.542022,0.080371,0.000419
153.390000,0.018831,0.092,6.556863,-0.038143,3.982539,0.011744,-0.317149,-0.003059,0.057121,0.00000000,0.00000000,0.841995,-5.001413,1.541522,0.885028,-4.935115,1.541908,0.079040,0.000387
153.480000,0.015948,0.001,1.036486,-0.047835,3.733917,0.011623,-0.302276,0.001293,0.191644,0.00000000,0.00000000,0.841297,-5.029264,1.541539,0.884432,-4.959857,1.541946,0.081719,0.000406
153.555000,0.015948,0.127,1.198176,-0.046209,3.281667,0.011714,-0.308137,-0.001897,0.447838,0.00000000,0.00000000,0.840698,-5.052552,1.541490,0.883796,-4.984691,1.541887,0.080390,0.000397
153.640000,0.016971,0.012,1.313968,-0.026391,3.240441,0.011996,-0.304562,-0.000493,0.005654,0.00000000,0.00000000,0.839832,-5.078858,1.541281,0.882475,-5.008577,1.541923,0.082206,0.000642
153.720000,0.016974,0.096,2.401799,-0.040023,3.071019,0.012106,-0.319232,0.014507,0.705823,0.00000000,0.00000000,0.839274,-5.103617,1.541495,0.881933,-5.033336,1.542132,0.082214,0.000638
153.805000,0.018300,0.097,6.759813,-0.034935,3.145220,0.011968,-0.314125,-0.004179,0.225255,0.00000000,0.00000000,0.838628,-5.130024,1.541249,0.881361,-5.058205,1.541918,0.083571,0.000669
153.875000,0.017956,0.006,8.064629,-0.032391,3.379319,0.011654,-0.312185,0.006293,0.076511,0.00000000,0.00000000,0.837884,-5.151659,1.541518,0.880542,-5.082920,1.542153,0.080900,0.000635
153.955000,0.014724,0.026,1.047480,-0.046548,3.365381,0.011535,-0.309789,-0.001816,0.122220,0.00000000,0.00000000,0.837175,-5.176408,1.541404,0.880004,-5.107813,1.541930,0.080867,0.000526
154.045000,0.013498,0.054,1.124461,-0.023373,3.370335,0.012126,-0.309786,-0.000533,0.008730,0.00000000,0.00000000,0.836139,-5.204169,1.541306,0.879067,-5.132459,1.541842,0.083577,0.000535
154.120000,0.012791,0.036,3.742896,-0.037833,3.216872,0.011975,-0.304803,0.001881,0.756925,0.00000000,0.00000000,0.835513,-5.227480,1.541128,0.878336,-5.155499,1.541596,0.083756,0.000468
154.205000,0.015582,0.058,1.032188,-0.030747,2.834224,0.011851,-0.310293,-0.000758,0.090596,0.00000000,0.00000000,0.834903,-5.253885,1.541313,0.877765,-5.180368,1.541760,0.085099,0.000447
154.280000,0.015101,0.010,0.932825,-0.054753,2.705625,0.011662,-0.309670,0.006454,0.038249,0.00000000,0.00000000,0.834107,-5.276937,1.541590,0.876952,-5.204957,1.542057,0.083767,0.000467
154.360000,0.013089,0.018,0.389050,-0.062999,2.706499,0.011699,-0.315028,0.007498,0.069097,0.00000000,0.00000000,0.833411,-5.301531,1.541477,0.875953,-5.230607,1.541959,0.082704,0.000482
154.435000,0.012183,0.067,0.050631,-0.052711,2.836818,0.011841,-0.298980,-0.001297,0.215881,0.00000000,0.00000000,0.833459,-5.324085,1.541540,0.875991,-5.254692,1.542003,0.081390,0.000463
154.515000,0.014628,0.055,5.005240,-0.054400,3.168894,0.012086,-0.321089,0.000986,0.353062,0.00000000,0.00000000,0.832781,-5.348912,1.541463,0.875314,-5.279531,1.541956,0.081381,0.000493
154.595000,0.016226,0.001,0.134015,-0.028060,3.297968,0.012072,-0.307664,0.006913,0.123405,0.00000000,0.00000000,0.832145,-5.373686,1.541808,0.874669,-5.304309,1.542309,0.081372,0.000500
154.685000,0.017388,0.023,4.055116,-0.041195,3.392120,0.011857,-0.310848,-0.006467,0.125799,0.00000000,0.00000000,0.831154,-5.401449,1.541910,0.873924,-5.330747,1.542405,0.082632,0.000495
154.765000,0.015782,0.038,0.968975,-0.031443,3.392252,0.011811,-0.311115,0.006846,0.565829,0.00000000,0.00000000,0.830257,-5.426283,1.541836,0.873026,-5.355557,1.542309,0.082652,0.000473
154.840000,0.014666,0.061,0.933302,-0.052152,3.190261,0.011795,-0.297729,-0.007064,0.299082,0.00000000,0.00000000,0.829481,-5.449405,1.541807,0.872209,-5.380236,1.542279,0.081302,0.000471
154.910000,0.017473,0.053,0.725070,-0.047615,3.219221,0.011557,-0.311169,-0.005430,0.114925,0.00000000,0.00000000,0.828939,-5.471110,1.541826,0.871605,-5.405032,1.542351,0.078655,0.000525
154.995000,0.016106,0.116,0.316285,0.045828,3.092909,0.016774,-0.228903,0.026999,2.999693,0.00000000,0.00000000,0.830484,-5.494116,1.542456,0.873614,-5.425802,1.543449,0.080790,0.000993
155.110000,0.015179,0.097,7.786837,0.066567,3.675758,0.023818,-0.000216,-0.012804,0.170764,0.00000000,0.00000000,0.852575,-5.498475,1.546588,0.897961,-5.429321,1.547265,0.082717,0.000677
156.885000,0.019500,0.056,0.394146,-0.039033,1.150876,0.012755,0.073641,-0.001839,0.940817,0.00000000,0.00000000,0.869678,-5.484177,1.546617,0.912410,-5.415454,1.547092,0.080925,0.000475
157.035000,0.017319,0.010,3.387251,-0.064718,1.263346,0.012537,0.171721,-0.011288,0.801271,0.00000000,0.00000000,0.870274,-5.462542,1.546476,0.913056,-5.392369,1.546947,0.082185,0.000471
157.140000,0.017236,0.037,3.707065,-0.063981,1.349459,0.013108,0.225496,0.003424,0.029089,0.00000000,0.00000000,0.871148,-5.439615,1.546653,0.913287,-5.395545,1.546023,0.060974,0.000630
157.235000,0.014872,0.091,0.307325,-0.034626,1.458525,0.012703,0.256238,-0.008980,0.380721,0.00000000,0.00000000,0.871445,-5.416136,1.546466,0.913653,-5.370768,1.545813,0.061966,0.000653
157.320000,0.014946,0.028,0.838166,-0.024974,1.485419,0.012909,0.272379,0.003681,0.736977,0.00000000,0.00000000,0.872246,-5.393445,1.546473,0.913680,-5.361647,1.546636,0.052229,0.000163
157.405000,0.016742,0.034,4.516585,-0.060532,1.652451,0.012671,0.295256,0.003536,0.505049,0.00000000,0.00000000,0.872591,-5.369032,1.546463,0.913992,-5.338705,1.546653,0.051320,0.000190
157.475000,0.017355,0.053,4.459235,-0.023616,1.755791,0.012791,0.314627,-0.012095,0.262997,0.00000000,0.00000000,0.873382,-5.347618,1.546328,0.914299,-5.325170,1.546528,0.046670,0.000200
157.550000,0.015618,0.069,1.065573,-0.033733,1.771028,0.012948,0.327045,0.002165,0.463515,0.00000000,0.00000000,0.873814,-5.323623,1.546557,0.914721,-5.299480,1.546812,0.047500,0.000256
157.615000,0.014240,0.081,1.166353,-0.036432,1.800869,0.012385,0.335721,-0.002032,0.026729,0.00000000,0.00000000,0.874403,-5.301646,1.546447,0.915316,-5.279048,1.546627,0.046740,0.000180
157.680000,0.018888,0.072,1.445639,-0.038049,1.840478,0.012751,0.336779,-0.008167,0.652602,0.00000000,0.00000000,0.874494,-5.279306,1.546417,0.915367,-5.258408,1.546595,0.045906,0.000179
157.730000,0.015356,0.052,9.279340,-0.040328,2.227798,0.012165,0.369158,-0.008567,0.586285,0.00000000,0.00000000,0.874770,-5.261132,1.546333,0.915773,-5.236551,1.546452,0.047806,0.000118
157.805000,0.014084,0.047,0.543796,-0.028719,2.297122,0.012336,0.365375,-0.009171,0.134178,0.00000000,0.00000000,0.875868,-5.233160,1.546150,0.916644,-5.214153,1.546331,0.044988,0.000182
157.850000,0.012909,0.007,5.725114,-0.065197,2.459105,0.012674,0.401425,0.002005,0.686563,0.00000000,0.00000000,0.876279,-5.215714,1.546309,0.917212,-5.190931,1.546506,0.047851,0.000197
157.915000,0.015448,0.029,4.941126,-0.036191,2.769372,0.012213,0.409183,-0.000689,0.232957,0.00000000,0.00000000,0.876954,-5.189723,1.546210,0.916901,-5.177360,1.546387,0.041816,0.000178
157.985000,0.014986,0.013,2.536417,-0.042683,2.800313,0.011588,0.417887,0.007998,0.693155,0.00000000,0.00000000,0.877572,-5.160639,1.546308,0.917443,-5.152410,1.546455,0.040711,0.000147
158.030000,0.014581,0.020,2.205694,-0.055377,2.842931,0.011805,0.420640,0.001273,0.207889,0.00000000,0.00000000,0.877816,-5.141573,1.546351,0.917543,-5.133180,1.546404,0.040604,0.000052
158.095000,0.014581,0.106,2.402172,-0.029102,2.878118,0.011919,0.434128,0.008290,0.029940,0.00000000,0.00000000,0.878448,-5.113574,1.546454,0.918233,-5.107247,1.546592,0.040285,0.000139
158.165000,0.015065,0.080,1.568684,-0.041671,2.946949,0.011811,0.431920,0.008329,0.106248,0.00000000,0.00000000,0.879315,-5.083307,1.546843,0.918942,-5.081281,1.546971,0.039678,0.000128
158.210000,0.017084,0.087,4.512805,-0.032780,2.840374,0.011815,0.431695,0.000772,0.104292,0.00000000,0.00000000,0.879789,-5.063743,1.546913,0.919667,-5.055339,1.547087,0.040754,0.000174
158.275000,0.016951,0.088,7.759648,-0.050539,3.212988,0.011603,0.415900,0.004564,0.371270,0.00000000,0.00000000,0.880297,-5.036620,1.547142,0.920054,-5.030433,1.547229,0.040236,0.000086
158.340000,0.017385,0.092,0.622555,-0.032609,3.300122,0.011640,0.406750,-0.012761,0.508760,0.00000000,0.00000000,0.880969,-5.010422,1.546965,0.920689,-5.006274,1.547071,0.039936,0.000106
158.395000,0.016449,0.082,1.960636,-0.047644,3.256766,0.011669,0.397063,-0.006350,0.149578,0.00000000,0.00000000,0.881268,-4.988382,1.547092,0.920969,-4.982276,1.547192,0.040168,0.000100
158.460000,0.016102,0.028,4.513206,-0.036545,3.324840,0.011488,0.412172,0.005159,0.676965,0.00000000,0.00000000,0.881763,-4.962268,1.546726,0.921478,-4.958119,1.546832,0.039931,0.000106
158.515000,0.015625,0.035,6.571205,-0.035702,3.510917,0.011735,0.401239,0.013508,0.292012,0.00000000,0.00000000,0.881844,-4.940411,1.546910,0.922144,-4.940170,1.547389,0.040301,0.000479
158.575000,0.014386,0.031,1.828885,-0.057510,3.514088,0.011925,0.409983,-0.002663,0.213420,0.00000000,0.00000000,0.882345,-4.916196,1.546789,0.922618,-4.915973,1.547226,0.040273,0.000437
158.635000,0.013774,0.036,6.060766,-0.046813,3.612096,0.012068,0.404693,0.006120,0.594725,0.00000000,0.00000000,0.882895,-4.892141,1.546842,0.923191,-4.891883,1.547345,0.040297,0.000503
158.705000,0.015206,0.016,1.619929,-0.040976,3.739637,0.011796,0.404711,0.001317,0.271780,0.00000000,0.00000000,0.883537,-4.863886,1.546918,0.923726,-4.869946,1.547295,0.040643,0.000377
158.760000,0.013465,0.019,0.728423,-0.042783,3.812212,0.011428,0.401583,-0.003969,0.132663,0.00000000,0.00000000,0.884068,-4.841873,1.546925,0.924004,-4.845725,1.547341,0.040121,0.000416
158.820000,0.013465,0.104,1.681361,-0.049254,3.822651,0.011122,0.407764,-0.002298,0.342423,0.00000000,0.00000000,0.884615,-4.817626,1.547213,0.924541,-4.821478,1.547632,0.040111,0.000418
158.885000,0.014762,0.071,3.546115,-0.041802,3.858112,0.010795,0.399221,-0.014774,0.693198,0.00000000,0.00000000,0.885277,-4.791425,1.546879,0.925145,-4.797299,1.547303,0.040299,0.000424
158.935000,0.014818,0.051,1.779389,-0.025687,3.863772,0.010848,0.400431,0.010922,0.223559,0.00000000,0.00000000,0.885547,-4.771384,1.547108,0.925445,-4.773222,1.547593,0.039941,0.000486
159.000000,0.015367,0.068,3.856852,0.013972,3.983096,0.013371,0.405711,0.025157,0.027032,0.00000000,0.00000000,0.886484,-4.745213,1.549002,0.926380,-4.749064,1.549419,0.040081,0.000416
159.065000,0.014934,0.060,4.684573,0.037308,4.059108,0.019384,0.402915,0.061692,0.436039,0.00000000,0.00000000,0.887282,-4.719178,1.552949,0.927205,-4.725107,1.553067,0.040361,0.000118
159.110000,0.015250,0.030,5.886922,0.044680,4.155573,0.025420,0.403668,0.091156,0.169092,0.00000000,0.00000000,0.887582,-4.701066,1.556973,0.928864,-4.705816,1.550614,0.041555,0.006360
159.170000,0.013585,0.032,2.174587,0.083842,4.269403,0.035280,0.409111,0.132439,0.097865,0.00000000,0.00000000,0.887910,-4.676762,1.563506,0.929275,-4.681515,1.557577,0.041638,0.005930
159.235000,0.012183,0.022,6.875028,0.091066,4.361948,0.038877,0.406689,0.129286,0.300427,0.00000000,0.00000000,0.888164,-4.650430,1.571876,0.930125,-4.657650,1.560713,0.042578,0.011163
159.295000,0.016342,0.009,3.662496,0.074388,4.382149,0.044392,0.407574,0.121252,0.803012,0.00000000,0.00000000,0.888444,-4.625796,1.579103,0.930671,-4.633001,1.567920,0.042837,0.011183
159.350000,0.016597,0.004,5.529859,0.094729,4.467489,0.049693,0.400101,0.121155,0.035952,0.00000000,0.00000000,0.888801,-4.603982,1.585690,0.931328,-4.609328,1.575128,0.042861,0.010562
159.420000,0.016597,0.088,4.779449,0.107991,4.271199,0.054312,0.424026,0.124345,1.122178,0.00000000,0.00000000,0.888751,-4.575355,1.594558,0.931524,-4.584648,1.582785,0.043770,0.011773
159.485000,0.013981,0.047,1.993834,0.080633,4.815053,0.056120,0.404140,0.117830,0.389186,0.00000000,0.00000000,0.887753,-4.549458,1.602583,0.930894,-4.560734,1.590210,0.044590,0.012373
159.545000,0.015797,0.099,7.953546,0.097216,4.840373,0.058920,0.412478,0.116989,0.651133,0.00000000,0.00000000,0.887028,-4.525278,1.609720,0.930422,-4.536575,1.597291,0.044840,0.012428
159.605000,0.016259,0.043,7.158808,0.082963,4.882486,0.059778,0.404570,0.124824,0.154320,0.00000000,0.00000000,0.886427,-4.501004,1.617219,0.930078,-4.512366,1.604834,0.045106,0.012384
159.660000,0.012962,0.069,5.043460,0.090502,4.930427,0.061177,0.409323,0.114044,0.015861,0.00000000,0.00000000,0.885644,-4.478370,1.623807,0.929558,-4.487633,1.612031,0.044881,0.011775
159.720000,0.013363,0.071,6.986315,0.063995,5.037164,0.060731,0.391615,0.127281,0.062271,0.00000000,0.00000000,0.885117,-4.454737,1.631294,0.929310,-4.463996,1.619518,0.045152,0.011776
159.785000,0.010805,0.025,3.731786,0.076104,5.025035,0.061511,0.402810,0.128004,0.177842,0.00000000,0.00000000,0.883057,-4.428933,1.639526,0.929199,-4.442473,1.624094,0.048088,0.015433
159.840000,0.011745,0.046,2.738068,0.085146,5.000340,0.061546,0.404885,0.117447,0.229984,0.00000000,0.00000000,0.881788,-4.407075,1.646004,0.928087,-4.418628,1.631179,0.047718,0.014825
159.890000,0.011745,0.108,0.768017,0.083357,4.904987,0.061456,0.406004,0.128871,0.520706,0.00000000,0.00000000,0.880399,-4.386979,1.652330,0.926626,-4.394385,1.638807,0.046816,0.013523
159.960000,0.013727,0.025,5.312194,0.099905,4.783683,0.061097,0.412990,0.127613,0.324240,0.00000000,0.00000000,0.877744,-4.358542,1.661090,0.925219,-4.368439,1.648047,0.048496,0.013043
160.010000,0.014707,0.007,0.069155,0.088909,4.793654,0.060031,0.411606,0.124333,0.439026,0.00000000,0.00000000,0.876129,-4.338082,1.666964,0.923598,-4.343946,1.655198,0.047830,0.011766
160.075000,0.014707,0.095,7.487806,0.076627,4.987431,0.058290,0.395448,0.125012,0.065215,0.00000000,0.00000000,0.874016,-4.312299,1.675253,0.921956,-4.320093,1.662828,0.048570,0.012425
160.145000,0.011857,0.002,6.828315,0.089004,5.010112,0.056082,0.407273,0.113517,0.485401,0.00000000,0.00000000,0.871248,-4.283906,1.683679,0.919845,-4.295715,1.669992,0.050011,0.013688
160.190000,0.011857,0.096,1.339748,0.088445,4.915944,0.055144,0.399388,0.113853,0.022419,0.00000000,0.00000000,0.869718,-4.266211,1.689214,0.918055,-4.272042,1.677404,0.048687,0.011810
160.255000,0.011866,0.086,2.194729,0.085744,5.233214,0.051409,0.401256,0.125768,0.256740,0.00000000,0.00000000,0.866545,-4.240442,1.697345,0.915335,-4.248195,1.684917,0.049402,0.012429
160.320000,0.014822,0.074,6.810150,0.078768,5.190807,0.047948,0.404579,0.114097,0.249998,0.00000000,0.00000000,0.863147,-4.214398,1.705084,0.912505,-4.224117,1.692039,0.050305,0.013045
160.370000,0.013053,0.058,5.418598,0.136332,5.350081,0.045178,0.400685,0.139385,0.227862,0.00000000,0.00000000,0.860326,-4.194440,1.711283,0.909503,-4.200158,1.699846,0.049509,0.011436
160.445000,0.013854,0.039,1.212371,0.129593,5.347041,0.041614,0.392817,0.154043,0.233898,0.00000000,0.00000000,0.856424,-4.164829,1.723301,0.908373,-4.178475,1.705770,0.053711,0.017531
160.490000,0.012992,0.019,5.318835,0.154181,5.371762,0.036799,0.400819,0.190690,0.197872,0.00000000,0.00000000,0.853350,-4.147081,1.731631,0.904680,-4.154634,1.716761,0.051883,0.014870
160.560000,0.013144,0.029,2.149179,0.149266,5.380267,0.034251,0.403056,0.182382,0.053549,0.00000000,0.00000000,0.848525,-4.119159,1.744610,0.900997,-4.130692,1.727948,0.053725,0.016662
160.625000,0.013144,0.130,0.708593,0.135450,5.322476,0.028384,0.400966,0.190208,0.323506,0.00000000,0.00000000,0.843917,-4.093557,1.757120,0.897118,-4.106988,1.739496,0.054870,0.017624
160.685000,0.011473,0.013,8.407024,0.142364,5.378352,0.026576,0.414012,0.175479,0.113227,0.00000000,0.00000000,0.839670,-4.069365,1.767878,0.893307,-4.082754,1.750356,0.055283,0.017522
160.735000,0.011473,0.089,6.825791,0.135370,5.378635,0.025558,0.396540,0.197169,0.688162,0.00000000,0.00000000,0.835941,-4.049501,1.777044,0.889192,-4.058841,1.761327,0.054064,0.015717
160.805000,0.010989,0.084,2.288835,0.131554,5.221649,0.026211,0.403775,0.189955,0.186813,0.00000000,0.00000000,0.830160,-4.021758,1.790270,0.884665,-4.035008,1.772644,0.056093,0.017626
160.850000,0.012232,0.078,0.206107,0.162779,5.273782,0.027950,0.405572,0.182409,0.001759,0.00000000,0.00000000,0.825993,-4.004131,1.798576,0.879587,-4.011384,1.783728,0.054083,0.014848
160.915000,0.016555,0.060,9.589783,0.153865,5.464096,0.028780,0.399304,0.188629,0.159303,0.00000000,0.00000000,0.820178,-3.978796,1.810652,0.874568,-3.987918,1.794914,0.055150,0.015737
160.980000,0.014983,0.026,2.312378,0.144884,5.448757,0.030203,0.400919,0.191465,0.281434,0.00000000,0.00000000,0.814311,-3.953421,1.823024,0.869549,-3.964407,1.806363,0.056320,0.016661
161.045000,0.013120,0.042,4.266227,0.151210,5.428354,0.031440,0.417039,0.179368,0.499653,0.00000000,0.00000000,0.807988,-3.927495,1.834768,0.864141,-3.940337,1.817179,0.057604,0.017589
161.105000,0.011182,0.040,2.958778,0.144251,4.945579,0.031328,0.399935,0.174987,0.025625,0.00000000,0.00000000,0.801910,-3.904077,1.845792,0.858442,-3.916840,1.828138,0.057955,0.017654
161.150000,0.011182,0.128,2.970005,0.151772,4.943587,0.031501,0.400898,0.194805,0.146300,0.00000000,0.00000000,0.796913,-3.886551,1.854398,0.852187,-3.893334,1.839704,0.055689,0.014694
161.215000,0.009410,0.007,3.776580,0.173054,4.851275,0.033722,0.401695,0.184577,0.009049,0.00000000,0.00000000,0.789671,-3.861260,1.866924,0.845891,-3.869918,1.851212,0.056883,0.015712
161.285000,0.011675,0.018,5.410565,0.142608,4.873021,0.033682,0.401714,0.170466,0.024349,0.00000000,0.00000000,0.781473,-3.834399,1.879611,0.839277,-3.846810,1.862043,0.059122,0.017567
161.345000,0.013434,0.006,0.862309,0.159277,4.837884,0.033177,0.405940,0.183164,0.195724,0.00000000,0.00000000,0.774042,-3.811293,1.890711,0.832243,-3.823550,1.873106,0.059478,0.017606
161.400000,0.013434,0.094,1.929251,0.143562,4.753963,0.032037,0.404155,0.187631,0.538322,0.00000000,0.00000000,0.766480,-3.790421,1.901180,0.824440,-3.800633,1.884521,0.058854,0.016660
161.460000,0.015056,0.012,2.571287,0.146331,4.734154,0.030629,0.390567,0.182063,0.380131,0.00000000,0.00000000,0.758632,-3.767879,1.912120,0.816970,-3.777964,1.895459,0.059203,0.016661
161.510000,0.015056,0.096,3.335885,0.160978,4.740121,0.030386,0.407652,0.187091,0.048089,0.00000000,0.00000000,0.751880,-3.748892,1.921321,0.809203,-3.755046,1.906538,0.057652,0.014783
161.575000,0.011908,0.065,10.442496,0.146008,4.951591,0.029308,0.401077,0.189202,0.507929,0.00000000,0.00000000,0.742800,-3.724141,1.933364,0.801164,-3.732135,1.917676,0.058909,0.015688
161.640000,0.012267,0.078,3.275816,0.133997,4.901110,0.028326,0.401832,0.182282,0.322684,0.00000000,0.00000000,0.733176,-3.699814,1.945173,0.792651,-3.709484,1.928513,0.060256,0.016661
161.705000,0.013531,0.034,5.166927,0.151435,4.812718,0.026153,0.406412,0.191714,0.161537,0.00000000,0.00000000,0.723559,-3.675536,1.957030,0.784190,-3.686944,1.939431,0.061695,0.017598
161.765000,0.013811,0.022,5.812112,0.132252,4.751090,0.024009,0.405205,0.188115,0.285303,0.00000000,0.00000000,0.714105,-3.653148,1.968342,0.775128,-3.664354,1.950789,0.062043,0.017554
161.815000,0.014339,0.019,2.480034,0.149444,4.631245,0.021988,0.408419,0.181390,0.302208,0.00000000,0.00000000,0.706180,-3.634416,1.977210,0.765980,-3.641742,1.961446,0.060248,0.015764
161.875000,0.013230,0.005,11.811223,0.163927,4.613192,0.021565,0.402307,0.175213,0.547592,0.00000000,0.00000000,0.696786,-3.612142,1.988286,0.756942,-3.619385,1.972563,0.060590,0.015722
161.945000,0.013230,0.079,2.763961,0.150402,4.553198,0.018487,0.399837,0.186271,0.259028,0.00000000,0.00000000,0.685142,-3.586510,2.001318,0.747346,-3.597264,1.983685,0.063127,0.017633
162.005000,0.015020,0.025,2.338368,0.149471,4.341597,0.013966,0.410660,0.187078,0.288940,0.00000000,0.00000000,0.674978,-3.564392,2.012266,0.737565,-3.574960,1.994717,0.063472,0.017550
162.055000,0.015020,0.088,2.287125,0.137144,4.307071,0.013657,0.403804,0.184848,0.278451,0.00000000,0.00000000,0.666510,-3.546201,2.021410,0.727740,-3.552974,2.005649,0.061604,0.015761
162.125000,0.016521,0.080,4.234160,0.137064,4.592461,0.013806,0.394284,0.200862,0.126237,0.00000000,0.00000000,0.654695,-3.520972,2.034462,0.718014,-3.531263,2.016861,0.064150,0.017601
162.170000,0.011651,0.060,1.239943,0.136411,4.559117,0.013840,0.412380,0.191648,0.187751,0.00000000,0.00000000,0.646478,-3.504207,2.042839,0.707521,-3.508801,2.028307,0.061216,0.014531
162.235000,0.014273,0.102,7.698754,0.186743,4.616896,0.015377,0.399151,0.219908,0.133707,0.00000000,0.00000000,0.635153,-3.480778,2.056829,0.697383,-3.487082,2.041332,0.062548,0.015497
162.300000,0.013205,0.057,13.014560,0.218501,4.892672,0.021089,0.399516,0.252764,0.072457,0.00000000,0.00000000,0.623049,-3.457594,2.073358,0.686575,-3.465463,2.056698,0.064011,0.016661
162.360000,0.014147,0.053,4.527558,0.195845,4.817553,0.023277,0.401517,0.235854,0.259115,0.00000000,0.00000000,0.611356,-3.436135,2.087599,0.675241,-3.443812,2.070938,0.064345,0.016661
162.425000,0.014463,0.043,1.991131,0.207641,4.759934,0.026720,0.408139,0.254230,0.230809,0.00000000,0.00000000,0.598273,-3.413171,2.103917,0.663498,-3.422390,2.086059,0.065873,0.017858
162.480000,0.016044,0.038,9.768804,0.238854,4.992515,0.028839,0.412595,0.255123,0.577239,0.00000000,0.00000000,0.587072,-3.393933,2.117706,0.651663,-3.401211,2.101045,0.065000,0.016661
162.545000,0.016044,0.115,6.821423,0.195885,4.966424,0.030810,0.403435,0.249048,0.036354,0.00000000,0.00000000,0.573425,-3.371385,2.133830,0.639428,-3.380277,2.115928,0.066599,0.017902
162.600000,0.013681,0.100,0.243130,0.224330,4.753251,0.033330,0.405039,0.253874,0.827674,0.00000000,0.00000000,0.561602,-3.351868,2.148074,0.626898,-3.358728,2.131414,0.065655,0.016661
162.650000,0.014034,0.003,2.300062,0.208344,4.753213,0.033966,0.400269,0.242498,0.258718,0.00000000,0.00000000,0.551075,-3.335141,2.160045,0.614508,-3.338486,2.145797,0.063520,0.014248
162.720000,0.014034,0.090,1.961145,0.214367,4.760351,0.034464,0.412989,0.242554,0.531718,0.00000000,0.00000000,0.535241,-3.311800,2.177597,0.601208,-3.318226,2.160937,0.066279,0.016660
162.785000,0.015099,0.065,7.307768,0.211860,4.895102,0.035228,0.390774,0.250970,0.189449,0.00000000,0.00000000,0.519995,-3.291182,2.193606,0.587483,-3.298937,2.175587,0.067932,0.018019
162.830000,0.015647,0.087,2.276209,0.235786,4.921746,0.036339,0.396236,0.244839,0.504773,0.00000000,0.00000000,0.509409,-3.276457,2.204738,0.573834,-3.279176,2.190461,0.064482,0.014278
162.895000,0.017414,0.092,2.379333,0.194929,4.969154,0.036527,0.398128,0.233536,0.272067,0.00000000,0.00000000,0.494019,-3.255229,2.220604,0.559716,-3.259355,2.205147,0.065827,0.015457
162.960000,0.017197,0.069,2.794063,0.184355,4.925288,0.036023,0.406723,0.241068,0.210739,0.00000000,0.00000000,0.478356,-3.234086,2.236473,0.545626,-3.239575,2.219812,0.067493,0.016661
163.025000,0.016823,0.042,0.844754,0.184231,4.916795,0.036266,0.414926,0.242548,0.305691,0.00000000,0.00000000,0.461705,-3.212661,2.252487,0.530569,-3.219510,2.234608,0.069203,0.017879
163.085000,0.017307,0.029,3.702367,0.213187,4.978569,0.036229,0.406144,0.251337,0.261255,0.00000000,0.00000000,0.446617,-3.193913,2.267384,0.515820,-3.200421,2.249458,0.069509,0.017926
163.135000,0.016155,0.018,2.056810,0.206679,4.996517,0.035991,0.406610,0.242047,0.058327,0.00000000,0.00000000,0.433462,-3.178589,2.279529,0.500384,-3.181794,2.264084,0.066999,0.015445
163.205000,0.019379,0.009,2.782845,0.216871,5.005341,0.035585,0.418973,0.252220,0.562271,0.00000000,0.00000000,0.414816,-3.156744,2.297005,0.484747,-3.162733,2.279092,0.070187,0.017913
163.260000,0.021389,0.019,13.673245,0.202358,5.161362,0.033779,0.396944,0.245459,0.375750,0.00000000,0.00000000,0.400089,-3.140040,2.310289,0.468937,-3.144239,2.293628,0.068975,0.016661
163.325000,0.017641,0.015,5.206198,0.199954,5.275813,0.032186,0.396662,0.233419,0.011778,0.00000000,0.00000000,0.382380,-3.120770,2.326150,0.452906,-3.126154,2.308298,0.070731,0.017852
163.380000,0.017641,0.103,2.600455,0.198697,5.242809,0.031120,0.406584,0.249650,0.491908,0.00000000,0.00000000,0.367092,-3.104776,2.339684,0.436531,-3.108430,2.323023,0.069536,0.016661
163.445000,0.015080,0.087,6.585359,0.197498,5.412820,0.029039,0.397362,0.253374,0.197548,0.00000000,0.00000000,0.348724,-3.086055,2.355579,0.419790,-3.090871,2.337677,0.071229,0.017901
163.505000,0.015741,0.058,2.353769,0.215995,5.423270,0.028417,0.401652,0.240891,0.403272,0.00000000,0.00000000,0.332084,-3.069006,2.370207,0.403509,-3.073511,2.352355,0.071568,0.017852
163.555000,0.021434,0.078,2.306943,0.225703,5.202734,0.028140,0.405271,0.255236,0.411685,0.00000000,0.00000000,0.317989,-3.054821,2.382942,0.386881,-3.056253,2.367526,0.068907,0.015416
163.620000,0.015303,0.053,6.993111,0.210465,5.283849,0.026624,0.406992,0.249085,0.883235,0.00000000,0.00000000,0.298893,-3.037054,2.398882,0.369470,-3.039581,2.382222,0.070623,0.016660
163.685000,0.020234,0.052,6.454276,0.213560,5.357378,0.025091,0.416973,0.247998,0.395842,0.00000000,0.00000000,0.279429,-3.019220,2.414405,0.351762,-3.022815,2.396601,0.072423,0.017804
163.730000,0.017517,0.013,0.637047,0.242966,5.105156,0.021152,0.411295,0.246235,0.378859,0.00000000,0.00000000,0.265701,-3.007158,2.425738,0.333785,-3.006394,2.411634,0.068088,0.014104
163.805000,0.020138,0.037,3.431819,0.198682,5.158632,0.015736,0.403130,0.248017,0.180923,0.00000000,0.00000000,0.242730,-2.987086,2.444523,0.315703,-2.990099,2.426601,0.073035,0.017922
163.855000,0.018653,0.034,2.799171,0.213694,5.163169,0.014891,0.407592,0.245318,0.333045,0.00000000,0.00000000,0.227185,-2.973640,2.456879,0.297353,-2.973677,2.441469,0.070167,0.015410
163.915000,0.018796,0.022,4.037059,0.187743,5.070951,0.014684,0.403994,0.242095,0.447121,0.00000000,0.00000000,0.208527,-2.958232,2.471789,0.278888,-2.957975,2.456325,0.070361,0.015464
163.985000,0.017906,0.009,7.635286,0.223756,4.871804,0.014971,0.400591,0.246562,0.102862,0.00000000,0.00000000,0.186293,-2.940860,2.488953,0.260065,-2.942769,2.471061,0.073797,0.017893
164.040000,0.017906,0.086,9.396925,0.194326,4.992885,0.014727,0.408124,0.242244,0.188063,0.00000000,0.00000000,0.168451,-2.927610,2.502496,0.240870,-2.927980,2.485836,0.072420,0.016660
164.100000,0.018234,0.083,2.171659,0.231304,4.941812,0.014514,0.405556,0.241887,0.020933,0.00000000,0.00000000,0.148914,-2.912902,2.516884,0.221580,-2.912948,2.500223,0.072667,0.016660
164.155000,0.019555,0.038,11.345543,0.220281,5.105579,0.014167,0.402611,0.243238,0.395665,0.00000000,0.00000000,0.130934,-2.899911,2.530488,0.202175,-2.898454,2.515101,0.071256,0.015387
164.215000,0.018857,0.059,4.459869,0.202620,5.109756,0.013911,0.403590,0.257547,0.221245,0.00000000,0.00000000,0.111113,-2.886238,2.545441,0.182587,-2.884520,2.529978,0.071494,0.015462
164.280000,0.017500,0.073,2.375572,0.233416,5.097846,0.014078,0.409368,0.236000,0.429926,0.00000000,0.00000000,0.089239,-2.871510,2.560950,0.162604,-2.870568,2.544290,0.073371,0.016660
164.345000,0.017778,0.059,2.644620,0.222813,5.097623,0.014263,0.409644,0.237918,0.061401,0.00000000,0.00000000,0.067076,-2.857005,2.576974,0.142385,-2.856810,2.559109,0.075309,0.017865
164.405000,0.018150,0.010,7.198064,0.199214,5.107200,0.014403,0.403863,0.252065,0.531600,0.00000000,0.00000000,0.046202,-2.844162,2.591929,0.121726,-2.843604,2.574044,0.075525,0.017886
164.465000,0.018397,0.017,7.146642,0.216372,5.132555,0.013944,0.404813,0.238133,0.596725,0.00000000,0.00000000,0.025450,-2.831894,2.606524,0.101207,-2.830923,2.588677,0.075763,0.017847
164.520000,0.021097,0.031,2.523259,0.212747,4.903862,0.013855,0.393676,0.246887,0.252568,0.00000000,0.00000000,0.006440,-2.820586,2.619864,0.080664,-2.818272,2.603204,0.074261,0.016660
164.585000,0.017600,0.031,2.804219,0.211124,4.914171,0.013307,0.403537,0.247596,0.334181,0.00000000,0.00000000,-0.016580,-2.807703,2.635600,0.059659,-2.805999,2.617855,0.076258,0.017745
164.630000,0.020832,0.012,2.227888,0.183386,4.899673,0.013606,0.414626,0.243954,0.091460,0.00000000,0.00000000,-0.032647,-2.799022,2.646739,0.038410,-2.793847,2.632396,0.071245,0.014344
164.705000,0.018685,0.008,2.305159,0.212017,4.918043,0.013590,0.412300,0.239863,0.107743,0.00000000,0.00000000,-0.059460,-2.784395,2.664574,0.017143,-2.781952,2.646667,0.076642,0.017907
164.765000,0.018685,0.094,2.822890,0.176805,4.907501,0.014330,0.407258,0.231454,0.215463,0.00000000,0.00000000,-0.081194,-2.773381,2.678996,-0.004366,-2.770575,2.661164,0.076879,0.017832
164.825000,0.021083,0.090,9.249297,0.211174,5.373356,0.014392,0.413772,0.244147,0.248574,0.00000000,0.00000000,-0.103210,-2.762822,2.693787,-0.026229,-2.759532,2.675889,0.077051,0.017897
164.875000,0.022603,0.068,3.923346,0.216860,5.385723,0.014504,0.394105,0.249447,0.269286,0.00000000,0.00000000,-0.121294,-2.754894,2.706228,-0.047782,-2.749624,2.690716,0.073700,0.015512
164.940000,0.020356,0.050,2.781918,0.214888,4.972239,0.014170,0.394901,0.245893,0.166817,0.00000000,0.00000000,-0.145167,-2.744121,2.722148,-0.069648,-2.739292,2.705488,0.075674,0.016660
165.005000,0.019167,0.044,2.220320,0.238212,4.884649,0.014830,0.397416,0.271798,0.120017,0.00000000,0.00000000,-0.169046,-2.733585,2.739139,-0.091522,-2.729191,2.721105,0.077649,0.018034
165.055000,0.019001,0.032,4.090071,0.281080,4.923380,0.018769,0.404097,0.289594,0.246655,0.00000000,0.00000000,-0.187639,-2.725763,2.753522,-0.113725,-2.719358,2.738466,0.074191,0.015057
165.120000,0.016258,0.005,14.501000,0.317042,5.361617,0.025676,0.408128,0.319009,0.583573,0.00000000,0.00000000,-0.212590,-2.715928,2.774577,-0.136591,-2.709980,2.757917,0.076231,0.016661
165.185000,0.018049,0.026,1.566041,0.304668,5.356921,0.028422,0.400719,0.352042,0.274603,0.00000000,0.00000000,-0.237123,-2.706701,2.797745,-0.159069,-2.701057,2.779277,0.078258,0.018467
165.245000,0.019462,0.017,6.110005,0.377903,5.604996,0.038293,0.405553,0.372822,0.363226,0.00000000,0.00000000,-0.260270,-2.698580,2.820962,-0.182055,-2.692538,2.802183,0.078448,0.018779
165.305000,0.014663,0.013,7.112923,0.405857,5.646480,0.049497,0.417471,0.412030,0.545365,0.00000000,0.00000000,-0.283934,-2.691480,2.845802,-0.205589,-2.685016,2.826988,0.078611,0.018814
165.360000,0.014690,0.002,3.310506,0.386344,5.615509,0.058196,0.408294,0.432226,0.486195,0.00000000,0.00000000,-0.305345,-2.684782,2.869214,-0.228815,-2.677292,2.852553,0.076896,0.016660
165.425000,0.014690,0.105,7.330742,0.387161,5.835994,0.064988,0.406550,0.418096,0.100504,0.00000000,0.00000000,-0.330915,-2.677867,2.896970,-0.252334,-2.670449,2.878114,0.078930,0.018857
165.485000,0.015689,0.072,2.735661,0.400436,5.919611,0.070938,0.405831,0.444078,0.139685,0.00000000,0.00000000,-0.354711,-2.672191,2.923205,-0.275937,-2.664431,2.904430,0.079155,0.018776
165.535000,0.011050,0.064,6.152733,0.413747,5.954531,0.074144,0.395313,0.417368,0.425663,0.00000000,0.00000000,-0.374235,-2.668259,2.944509,-0.299445,-2.659191,2.930052,0.075338,0.014457
165.600000,0.015600,0.051,3.856865,0.391983,6.007307,0.077963,0.411346,0.434686,0.093793,0.00000000,0.00000000,-0.400222,-2.663366,2.972726,-0.323321,-2.654299,2.956066,0.077433,0.016659
165.665000,0.014631,0.048,7.228626,0.384720,6.022688,0.080403,0.394343,0.437845,0.819043,0.00000000,0.00000000,-0.426260,-2.659183,3.000953,-0.347258,-2.650041,2.982114,0.079530,0.018840
165.720000,0.016731,0.035,2.910610,0.384301,5.818671,0.082397,0.400574,0.432862,0.486887,0.00000000,0.00000000,-0.448435,-2.656023,3.024171,-0.371405,-2.646154,3.007511,0.077659,0.016661
165.780000,0.015149,0.018,3.761632,0.374828,5.836273,0.083200,0.414731,0.446625,0.912390,0.00000000,0.00000000,-0.472820,-2.653422,3.050261,-0.395744,-2.643147,3.033602,0.077758,0.016659
165.835000,0.015104,0.014,7.745926,0.410389,5.717300,0.084876,0.407970,0.431327,0.154011,0.00000000,0.00000000,-0.495019,-2.651352,3.074029,-0.419940,-2.640449,3.059651,0.075866,0.014378
165.900000,0.015968,0.008,3.840514,0.387275,5.720287,0.084794,0.416333,0.415821,0.184451,0.00000000,0.00000000,-0.521569,-2.649803,3.102175,-0.444426,-2.638717,3.085515,0.077936,0.016660
165.965000,0.015968,0.105,7.189894,0.394369,6.530760,0.085740,0.398935,0.439740,0.345405,0.00000000,0.00000000,-0.548175,-2.648724,3.130541,-0.468963,-2.637239,3.111711,0.080041,0.018831
166.020000,0.017033,0.078,2.307866,0.380735,6.534019,0.085447,0.400749,0.432680,0.779967,0.00000000,0.00000000,-0.570465,-2.648630,-3.128605,-0.493295,-2.636729,3.137922,0.078082,0.016659
166.085000,0.018239,0.073,1.080976,0.388708,6.441528,0.083833,0.405337,0.435794,0.305338,0.00000000,0.00000000,-0.596811,-2.649243,-3.100666,-0.517642,-2.636865,-3.119476,0.080130,0.018809
166.130000,0.016728,0.063,4.107753,0.376519,6.381926,0.083002,0.408349,0.422829,0.114825,0.00000000,0.00000000,-0.614927,-2.650271,-3.081558,-0.541768,-2.637736,-3.093915,0.074225,0.012358
166.195000,0.017949,0.076,6.482654,0.406449,6.605795,0.080835,0.404527,0.424378,0.099410,0.00000000,0.00000000,-0.641026,-2.651888,-3.053684,-0.565912,-2.638956,-3.068237,0.076219,0.014552
166.260000,0.018475,0.077,5.174192,0.392339,6.721072,0.078589,0.393957,0.412007,0.719441,0.00000000,0.00000000,-0.667223,-2.654579,-3.026569,-0.590139,-2.641065,-3.043229,0.078260,0.016660
166.310000,0.017650,0.036,4.216517,0.437140,6.800525,0.074558,0.391239,0.469077,0.682428,0.00000000,0.00000000,-0.687106,-2.657016,-3.003884,-0.614144,-2.643649,-3.015764,0.074176,0.011880
166.380000,0.017136,0.011,7.592721,0.469695,7.270447,0.071612,0.399579,0.493840,0.244812,0.00000000,0.00000000,-0.715178,-2.661186,-2.969535,-0.638198,-2.646872,-2.986194,0.078300,0.016659
166.415000,0.017662,0.004,2.438913,0.480218,7.089732,0.069784,0.400140,0.513106,0.447494,0.00000000,0.00000000,-0.729176,-2.663836,-2.952059,-0.654198,-2.649658,-2.966145,0.076307,0.014086
166.460000,0.017662,0.059,2.849527,0.477535,7.005082,0.068356,0.408466,0.516926,0.416298,0.00000000,0.00000000,-0.747153,-2.667069,-2.928560,-0.670266,-2.652223,-2.945220,0.078308,0.016660
166.495000,0.017662,0.102,1.677731,0.483604,6.994209,0.067202,0.402392,0.521080,0.397189,0.00000000,0.00000000,-0.760835,-2.670246,-2.910278,-0.686020,-2.655570,-2.924231,0.076242,0.013953
166.540000,0.017933,0.060,5.519661,0.565447,7.099299,0.067353,0.403550,0.553768,0.394014,0.00000000,0.00000000,-0.778499,-2.674706,-2.885157,-0.701734,-2.659336,-2.901816,0.078288,0.016660
166.585000,0.017695,0.056,21.540683,0.554270,7.664670,0.067127,0.406658,0.600829,0.369476,0.00000000,0.00000000,-0.796266,-2.679806,-2.857993,-0.717613,-2.663652,-2.877577,0.080294,0.019584
166.620000,0.015736,0.007,4.158544,0.553927,7.646577,0.066746,0.405023,0.610182,0.299069,0.00000000,0.00000000,-0.809598,-2.683683,-2.836347,-0.732978,-2.667793,-2.853004,0.078249,0.016657
166.660000,0.015736,0.056,7.828681,0.591798,7.686002,0.068284,0.405816,0.633002,0.039636,0.00000000,0.00000000,-0.825178,-2.689030,-2.811343,-0.748645,-2.672881,-2.828005,0.078218,0.016662
166.695000,0.015736,0.103,22.172492,0.575958,8.179796,0.069086,0.411242,0.620077,0.052301,0.00000000,0.00000000,-0.839036,-2.693422,-2.789401,-0.764516,-2.677690,-2.803096,0.076163,0.013695
166.745000,0.019267,0.029,3.230631,0.628071,8.021979,0.072677,0.406644,0.619282,0.423624,0.00000000,0.00000000,-0.858108,-2.700893,-2.758535,-0.779766,-2.683546,-2.778278,0.080239,0.019743
166.775000,0.018372,0.007,1.781539,0.599691,7.836992,0.075216,0.417331,0.622499,0.317079,0.00000000,0.00000000,-0.869471,-2.705587,-2.740093,-0.794982,-2.689486,-2.753500,0.076209,0.013406
166.820000,0.018372,0.061,24.767715,0.564419,8.460377,0.075490,0.412746,0.616285,0.070293,0.00000000,0.00000000,-0.886368,-2.712962,-2.712548,-0.810226,-2.695790,-2.729207,0.078055,0.016659
166.855000,0.019239,0.035,0.649262,0.583906,8.382010,0.076367,0.392366,0.603973,0.413734,0.00000000,0.00000000,-0.898923,-2.718557,-2.691315,-0.824666,-2.702030,-2.704992,0.076074,0.013677
166.890000,0.016812,0.015,14.266875,0.556329,8.538477,0.077606,0.399187,0.604966,0.008965,0.00000000,0.00000000,-0.911575,-2.724979,-2.670299,-0.839266,-2.709210,-2.680932,0.074009,0.010633
166.940000,0.016812,0.083,3.884731,0.578777,8.432160,0.081059,0.403074,0.604384,0.032449,0.00000000,0.00000000,-0.929630,-2.734299,-2.639559,-0.853837,-2.716403,-2.656217,0.077877,0.016659
166.970000,0.016632,0.061,5.061256,0.580738,8.386638,0.082626,0.410291,0.614053,0.266586,0.00000000,0.00000000,-0.940264,-2.740437,-2.621294,-0.868085,-2.724198,-2.631813,0.073982,0.010519
167.020000,0.016632,0.112,11.215436,0.569449,8.478326,0.083610,0.392571,0.608152,0.799131,0.00000000,0.00000000,-0.957227,-2.750378,-2.591073,-0.881699,-2.732020,-2.607733,0.077728,0.016660
167.065000,0.017379,0.005,6.536731,0.618534,8.497827,0.086023,0.396309,0.621071,0.186527,0.00000000,0.00000000,-0.972732,-2.759835,-2.562681,-0.895671,-2.740129,-2.582476,0.079541,0.019796
167.095000,0.016843,0.030,0.466455,0.586174,8.413640,0.087675,0.394878,0.619329,0.226851,0.00000000,0.00000000,-0.982754,-2.766416,-2.544480,-0.909200,-2.748751,-2.558010,0.075645,0.013530
167.135000,0.016843,0.103,19.141085,0.547963,8.718969,0.087782,0.407563,0.615435,0.389859,0.00000000,0.00000000,-0.995867,-2.775555,-2.519758,-0.922413,-2.757707,-2.533325,0.075592,0.013567
167.185000,0.017337,0.029,16.961578,0.568461,8.939462,0.088383,0.395379,0.600978,0.233728,0.00000000,0.00000000,-1.011935,-2.787191,-2.489836,-0.935412,-2.766729,-2.509515,0.079212,0.019679
167.215000,0.017337,0.108,7.582583,0.567174,8.896224,0.088753,0.408155,0.611984,0.118988,0.00000000,0.00000000,-1.021863,-2.794584,-2.471588,-0.948762,-2.776378,-2.485165,0.075334,0.013577
167.255000,0.017950,0.021,2.390199,0.535768,8.876250,0.088223,0.402159,0.606924,0.299797,0.00000000,0.00000000,-1.034446,-2.804905,-2.447447,-0.961316,-2.786582,-2.460962,0.075390,0.013514
167.300000,0.017950,0.080,1.616198,0.596410,8.957775,0.087577,0.405567,0.626269,0.453093,0.00000000,0.00000000,-1.048219,-2.816937,-2.419627,-0.973787,-2.797054,-2.436285,0.077042,0.016658
167.335000,0.016954,0.041,6.960313,0.563596,8.926420,0.087248,0.404019,0.623938,0.796464,0.00000000,0.00000000,-1.058507,-2.826847,-2.397591,-0.985752,-2.808078,-2.411108,0.075136,0.013517
167.380000,0.016954,0.084,4.164163,0.547517,8.944734,0.086159,0.395729,0.608821,0.683256,0.00000000,0.00000000,-1.071619,-2.839233,-2.370030,-0.997555,-2.818957,-2.386693,0.076790,0.016662
167.425000,0.016357,0.032,16.964685,0.581128,9.101714,0.085170,0.384358,0.597171,0.749046,0.00000000,0.00000000,-1.084137,-2.851893,-2.343026,-1.008797,-2.829986,-2.362758,0.078460,0.019732
167.465000,0.016357,0.110,2.961328,0.552641,9.090771,0.083482,0.388369,0.602321,0.858883,0.00000000,0.00000000,-1.095602,-2.863376,-2.319158,-1.020526,-2.841170,-2.338963,0.078291,0.019805
167.500000,0.016357,0.159,17.891124,0.610901,9.266654,0.083391,0.405339,0.625819,0.013252,0.00000000,0.00000000,-1.105123,-2.873817,-2.297156,-1.031630,-2.852978,-2.313816,0.076390,0.016660
167.535000,0.018880,0.070,2.443840,0.601031,9.206078,0.082294,0.397411,0.602918,0.502025,0.00000000,0.00000000,-1.114221,-2.884323,-2.276226,-1.042157,-2.864868,-2.289954,0.074644,0.013727
167.580000,0.019666,0.041,3.194910,0.587030,8.893980,0.081508,0.399401,0.611544,0.168416,0.00000000,0.00000000,-1.125610,-2.898026,-2.248965,-1.052517,-2.876843,-2.265624,0.076100,0.016660
167.625000,0.019666,0.095,0.839843,0.628426,8.883123,0.080819,0.394958,0.622263,0.271750,0.00000000,0.00000000,-1.136866,-2.911981,-2.221159,-1.062735,-2.889011,-2.240856,0.077608,0.019697
167.655000,0.019978,0.042,4.842235,0.565362,8.898668,0.078435,0.399053,0.603226,0.264290,0.00000000,0.00000000,-1.144314,-2.921426,-2.202985,-1.072899,-2.901519,-2.216464,0.074138,0.013479
167.700000,0.019978,0.097,0.408087,0.564676,8.864608,0.072136,0.410818,0.617653,0.116287,0.00000000,0.00000000,-1.155155,-2.936073,-2.175139,-1.082693,-2.914391,-2.191798,0.075637,0.016659
167.745000,0.022704,0.052,15.372620,0.578681,9.020329,0.069166,0.398045,0.620541,0.029078,0.00000000,0.00000000,-1.165507,-2.950797,-2.147421,-1.092147,-2.927335,-2.167123,0.077021,0.019702
167.775000,0.023390,0.001,3.009888,0.592980,9.003108,0.065420,0.399720,0.635226,0.083749,0.00000000,0.00000000,-1.172358,-2.960861,-2.128703,-1.101438,-2.940606,-2.142185,0.073756,0.013482
167.820000,0.023390,0.056,2.805476,0.557924,8.969865,0.061139,0.402084,0.619276,0.314960,0.00000000,0.00000000,-1.182124,-2.975877,-2.100806,-1.110320,-2.953741,-2.117464,0.075138,0.016658
167.860000,0.018796,0.053,8.672085,0.559313,8.997115,0.051892,0.417846,-121.841179,0.659834,0.00000000,0.00000000,-1.189696,-2.990303,-2.076600,-1.118132,-2.968039,-2.093261,0.074947,0.016660
167.905000,0.022459,0.044,7.470596,0.561491,9.111517,0.046376,0.407332,0.610245,0.525714,0.00000000,0.00000000,-1.198389,-3.006595,-2.048883,-1.126134,-2.982417,-2.068590,0.076192,0.019707
167.945000,0.021460,0.016,0.746113,0.591859,9.037773,0.042388,0.398786,0.612128,0.220212,0.00000000,0.00000000,-1.205465,-3.020891,-2.024619,-1.133458,-2.996592,-2.044412,0.075996,0.019793
167.975000,0.021460,0.057,5.173005,0.597953,9.053914,0.038729,0.413270,0.623937,0.372230,0.00000000,0.00000000,-1.210882,-3.031704,-2.005737,-1.140883,-3.010925,-2.019289,0.073018,0.013552
168.025000,0.021460,0.107,1.608290,0.594494,8.824022,0.035888,0.401362,0.619998,0.359277,0.00000000,0.00000000,-1.218958,-3.050055,-1.974566,-1.147535,-3.025486,-1.994338,0.075531,0.019772
168.055000,0.023073,0.021,3.258459,0.589174,8.851679,0.030537,0.400276,0.613452,0.392629,0.00000000,0.00000000,-1.223730,-3.061213,-1.956261,-1.154123,-3.040244,-1.969813,0.072698,0.013552
168.090000,0.022263,0.035,8.681726,0.578157,8.846615,0.027377,0.401079,0.619552,0.339103,0.00000000,0.00000000,-1.228868,-3.074394,-1.934865,-1.160096,-3.055118,-1.945295,0.071423,0.010430
168.145000,0.018869,0.005,16.304223,0.530278,9.030506,0.024956,0.396174,0.595606,0.040318,0.00000000,0.00000000,-1.236878,-3.095171,-1.901792,-1.166242,-3.070217,-1.921354,0.074914,0.019561
168.175000,0.018869,0.063,0.565401,0.571812,8.904779,0.022795,0.408849,0.602234,0.053283,0.00000000,0.00000000,-1.240759,-3.106834,-1.883393,-1.171727,-3.085601,-1.897057,0.072224,0.013664
168.220000,0.024104,0.020,3.677253,0.571949,8.807335,0.022750,0.406140,0.600604,0.449801,0.00000000,0.00000000,-1.246368,-3.124185,-1.856865,-1.177027,-3.100958,-1.873529,0.073128,0.016663
168.255000,0.024104,0.067,5.586628,0.563908,8.666417,0.022384,0.407749,0.599471,0.517955,0.00000000,0.00000000,-1.250124,-3.137685,-1.835358,-1.181563,-3.116362,-1.849000,0.071800,0.013642
168.305000,0.020996,0.011,8.724620,0.555391,8.794137,0.022501,0.403208,0.600579,0.121488,0.00000000,0.00000000,-1.255480,-3.157133,-1.805567,-1.186136,-3.131812,-1.825149,0.073823,0.019582
168.340000,0.020996,0.057,7.797336,0.564030,8.465413,0.022572,0.418530,0.589871,0.897364,0.00000000,0.00000000,-1.258669,-3.171091,-1.784991,-1.190107,-3.147653,-1.801651,0.072457,0.016660
168.375000,0.021196,0.075,2.141239,0.557101,8.484846,0.022205,0.404398,0.599802,0.252859,0.00000000,0.00000000,-1.261629,-3.184998,-1.764290,-1.193683,-3.163543,-1.777831,0.071253,0.013541
168.415000,0.020031,0.017,0.940579,0.561755,9.059900,0.020912,0.403927,0.623668,0.043485,0.00000000,0.00000000,-1.264396,-3.201010,-1.739247,-1.196687,-3.179438,-1.752736,0.071062,0.013489
168.460000,0.020031,0.077,16.239910,0.575498,8.714455,0.020861,0.406275,0.612432,0.470564,0.00000000,0.00000000,-1.267024,-3.218925,-1.711301,-1.199258,-3.195341,-1.727964,0.071753,0.016663
168.495000,0.021280,0.028,7.333174,0.559263,8.729898,0.020934,0.397714,0.615823,0.127980,0.00000000,0.00000000,-1.269500,-3.232464,-1.689790,-1.202299,-3.210831,-1.703532,0.070597,0.013742
168.545000,0.023096,0.003,4.612433,0.555632,8.574617,0.020946,0.401943,0.608956,0.462841,0.00000000,0.00000000,-1.271931,-3.252547,-1.659502,-1.204518,-3.226819,-1.679278,0.072156,0.019776
168.570000,0.023096,0.063,1.502999,0.577707,8.582598,0.020937,0.403258,0.608716,0.311002,0.00000000,0.00000000,-1.273005,-3.262888,-1.644238,-1.206416,-3.243350,-1.654734,0.069396,0.010495
168.620000,0.019942,0.010,7.941519,0.556184,8.694986,0.021060,0.411405,0.609238,0.044267,0.00000000,0.00000000,-1.274308,-3.283306,-1.613540,-1.207614,-3.259591,-1.630200,0.070785,0.016660
168.650000,0.019942,0.058,3.090063,0.582584,8.603639,0.021086,0.414692,0.618903,0.447196,0.00000000,0.00000000,-1.274983,-3.295601,-1.594708,-1.208741,-3.275958,-1.605221,0.069093,0.010514
168.705000,0.020003,0.035,15.743186,0.582804,8.715345,0.020153,0.398397,0.622100,0.268139,0.00000000,0.00000000,-1.275666,-3.317783,-1.560693,-1.209417,-3.292095,-1.580458,0.071054,0.019765
168.740000,0.020003,0.080,14.582416,0.575025,8.798547,0.020153,0.391672,0.625233,0.219015,0.00000000,0.00000000,-1.275621,-3.331770,-1.538642,-1.209734,-3.308027,-1.555302,0.070035,0.016660
168.770000,0.022732,0.040,5.918543,0.603591,8.881076,0.020517,0.402161,0.631862,0.359338,0.00000000,0.00000000,-1.274729,-3.344095,-1.519927,-1.208832,-3.324513,-1.530384,0.068745,0.010456
168.820000,0.022073,0.023,7.455589,0.573237,8.458740,0.021210,0.400830,0.616781,0.543846,0.00000000,0.00000000,-1.273497,-3.364319,-1.488985,-1.208152,-3.340607,-1.505645,0.069514,0.016660
168.865000,0.022073,0.092,6.615546,0.581020,8.510895,0.021192,0.400954,0.607315,0.117973,0.00000000,0.00000000,-1.271751,-3.382438,-1.461316,-1.206882,-3.356765,-1.481031,0.069765,0.019715
168.895000,0.024109,0.028,4.458813,0.569685,8.536638,0.020434,0.413224,0.610914,0.613500,0.00000000,0.00000000,-1.270441,-3.394305,-1.443282,-1.205386,-3.372776,-1.456704,0.068525,0.013421
168.945000,0.024109,0.080,8.902785,0.580906,8.432420,0.020420,0.410207,0.623965,0.069931,0.00000000,0.00000000,-1.267429,-3.414472,-1.412190,-1.203211,-3.388855,-1.431936,0.069139,0.019746
168.980000,0.025049,0.018,7.520522,0.541525,8.446110,0.020794,0.388526,0.604356,0.616977,0.00000000,0.00000000,-1.265151,-3.428106,-1.391146,-1.200870,-3.404524,-1.407808,0.068470,0.016662
169.015000,0.027469,0.005,8.881875,0.573975,8.674542,0.020353,0.401790,0.629587,0.383554,0.00000000,0.00000000,-1.262343,-3.441965,-1.369484,-1.197907,-3.420407,-1.383089,0.067947,0.013605
169.065000,0.027469,0.083,3.199097,0.552154,8.409251,0.020612,0.400289,0.601984,0.379348,0.00000000,0.00000000,-1.257896,-3.461536,-1.339130,-1.194627,-3.436137,-1.358809,0.068177,0.019679
169.095000,0.025951,0.040,9.574223,0.578284,8.479549,0.020354,0.394996,0.619391,0.312175,0.00000000,0.00000000,-1.255266,-3.473414,-1.320435,-1.191217,-3.451819,-1.333887,0.067592,0.013452
169.145000,0.025951,0.098,6.387205,0.549793,8.326903,0.018251,0.409037,0.617118,0.284835,0.00000000,0.00000000,-1.249488,-3.492675,-1.289380,-1.186871,-3.467405,-1.309064,0.067524,0.019684
169.185000,0.026310,0.046,7.842618,0.536139,8.426549,0.018556,0.405088,0.609828,0.197475,0.00000000,0.00000000,-1.244786,-3.508361,-1.265346,-1.182382,-3.483163,-1.284841,0.067300,0.019494
169.220000,0.031226,0.062,5.008483,0.575251,8.449497,0.018442,0.410808,0.603088,0.026569,0.00000000,0.00000000,-1.240365,-3.522030,-1.243910,-1.177653,-3.498848,-1.260572,0.066860,0.016662
169.265000,0.029914,0.007,5.741858,0.545037,8.472939,0.016978,0.410668,0.609122,0.025898,0.00000000,0.00000000,-1.234296,-3.539504,-1.216328,-1.172573,-3.514463,-1.236174,0.066609,0.019846
169.300000,0.029914,0.064,2.734502,0.600565,8.447396,0.017479,0.405524,0.623257,0.644931,0.00000000,0.00000000,-1.229361,-3.552622,-1.194533,-1.167160,-3.529619,-1.211194,0.066318,0.016661
169.345000,0.024247,0.009,7.910698,0.545920,8.546487,0.017830,0.403559,0.610209,0.322696,0.00000000,0.00000000,-1.222373,-3.569305,-1.166795,-1.161246,-3.544655,-1.186718,0.065910,0.019923
169.380000,0.024247,0.058,0.019210,0.566694,8.301518,0.017809,0.410866,0.620055,0.393602,0.00000000,0.00000000,-1.216190,-3.582217,-1.145200,-1.154483,-3.559429,-1.161861,0.065780,0.016661
169.425000,0.024557,0.019,6.419310,0.590940,8.347221,0.017760,0.406191,0.620607,0.110900,0.00000000,0.00000000,-1.208740,-3.598997,-1.116761,-1.148156,-3.574397,-1.136629,0.065388,0.019868
169.465000,0.024557,0.063,1.252117,0.578756,8.331184,0.017704,0.410030,0.626265,0.222984,0.00000000,0.00000000,-1.201775,-3.613607,-1.091889,-1.141480,-3.589249,-1.111614,0.065029,0.019725
169.495000,0.025277,0.054,4.166420,0.548723,8.359864,0.017856,0.392013,0.621763,0.790330,0.00000000,0.00000000,-1.196562,-3.624489,-1.073327,-1.134657,-3.603762,-1.086890,0.065283,0.013563
169.535000,0.025277,0.098,4.985212,0.554424,8.267367,0.017932,0.398946,0.624237,0.202400,0.00000000,0.00000000,-1.188944,-3.638681,-1.048631,-1.127248,-3.618126,-1.062134,0.065029,0.013503
169.580000,0.025403,0.090,7.525665,0.572789,8.291326,0.020646,0.398810,0.618590,0.359768,0.00000000,0.00000000,-1.180345,-3.654688,-1.020449,-1.119852,-3.632487,-1.037110,0.064439,0.016661
169.615000,0.026014,0.049,2.989167,0.587246,8.247895,0.020431,0.409318,0.623377,0.439051,0.00000000,0.00000000,-1.172983,-3.666793,-0.998928,-1.111738,-3.646416,-1.012522,0.064545,0.013594
169.650000,0.026014,0.089,4.565439,0.553105,8.278294,0.020334,0.394305,0.600064,0.673961,0.00000000,0.00000000,-1.165685,-3.678529,-0.977786,-1.103494,-3.660015,-0.988420,0.064889,0.010634
169.695000,0.029492,0.064,0.171729,0.610015,8.064154,0.021043,0.412437,0.607082,0.914413,0.00000000,0.00000000,-1.155645,-3.693636,-0.950140,-1.094679,-3.673576,-0.963687,0.064181,0.013548
169.745000,0.027719,0.019,0.052652,0.556750,8.057691,0.020993,0.412455,0.615962,0.755278,0.00000000,0.00000000,-1.143832,-3.710328,-0.919622,-1.085528,-3.687097,-0.939338,0.062761,0.019716
169.775000,0.027719,0.089,6.613445,0.566214,7.731350,0.020220,0.405376,0.612873,0.638024,0.00000000,0.00000000,-1.136268,-3.720057,-0.901043,-1.075643,-3.700189,-0.914607,0.063797,0.013564
169.825000,0.026503,0.052,2.579989,0.588510,7.738296,0.020355,0.405690,0.618129,0.170383,0.00000000,0.00000000,-1.123333,-3.735850,-0.869877,-1.065571,-3.713025,-0.889623,0.062109,0.019746
169.855000,0.024290,0.003,3.592206,0.576351,7.737554,0.020363,0.404055,0.615516,0.045295,0.00000000,0.00000000,-1.115612,-3.745070,-0.851313,-1.055322,-3.725514,-0.864874,0.063383,0.013561
169.890000,0.024290,0.038,9.412528,0.545076,7.779301,0.020628,0.403280,0.624348,0.038779,0.00000000,0.00000000,-1.106187,-3.755778,-0.829803,-1.044654,-3.737776,-0.840224,0.064112,0.010421
169.945000,0.026312,0.033,3.531201,0.569687,7.748969,0.020474,0.411276,0.628008,0.637856,0.00000000,0.00000000,-1.090888,-3.772335,-0.795763,-1.033776,-3.749972,-0.815551,0.061334,0.019789
169.980000,0.026312,0.095,7.134071,0.585503,7.706264,0.020531,0.409438,0.607951,0.389264,0.00000000,0.00000000,-1.080854,-3.782434,-0.774507,-1.022502,-3.761873,-0.791168,0.061868,0.016661
170.015000,0.027903,0.065,7.374969,0.588533,7.745652,0.020538,0.400522,0.616904,0.040809,0.00000000,0.00000000,-1.070640,-3.791651,-0.753120,-1.010940,-3.772559,-0.766681,0.062678,0.013561
170.055000,0.027903,0.114,1.579038,0.582651,6.949566,0.020471,0.393868,0.627503,0.553169,0.00000000,0.00000000,-1.058410,-3.801806,-0.728194,-0.998887,-3.782828,-0.741872,0.062475,0.013678
170.090000,0.026262,0.047,5.637435,0.566334,6.675079,0.020472,0.404665,0.609302,0.152939,0.00000000,0.00000000,-1.047632,-3.810766,-0.707017,-0.986542,-3.793718,-0.717518,0.063424,0.010501
170.145000,0.026262,0.094,2.301306,0.594676,6.599653,0.020575,0.428496,0.629252,0.185489,0.00000000,0.00000000,-1.029964,-3.825692,-0.672699,-0.973890,-3.804636,-0.692441,0.059897,0.019742
170.175000,0.025775,0.058,8.634171,0.569253,6.667543,0.020415,0.404340,0.641583,0.083799,0.00000000,0.00000000,-1.020620,-3.833211,-0.653603,-0.961552,-3.814926,-0.667252,0.061834,0.013649
170.220000,0.025921,0.028,7.909389,0.585395,6.767099,0.020467,0.400890,0.607054,0.110063,0.00000000,0.00000000,-1.006372,-3.844239,-0.626278,-0.949061,-3.824910,-0.642938,0.060483,0.016660
170.255000,0.025793,0.004,2.783912,0.524930,6.669582,0.021622,0.399069,0.602816,0.234204,0.00000000,0.00000000,-0.994822,-3.852620,-0.605335,-0.936114,-3.834626,-0.618905,0.061404,0.013570
170.295000,0.025793,0.042,7.295707,0.597687,6.654751,0.021728,0.394382,0.617510,0.484289,0.00000000,0.00000000,-0.982014,-3.861767,-0.580756,-0.923447,-3.843975,-0.594232,0.061209,0.013476
170.345000,0.024364,0.037,9.572650,0.548534,6.371889,0.022164,0.376698,0.622265,1.201967,0.00000000,0.00000000,-0.965672,-3.872235,-0.549733,-0.910471,-3.852553,-0.569331,0.058604,0.019598
170.385000,0.024364,0.100,5.372675,0.597399,6.022140,0.022419,0.390650,0.612997,0.100223,0.00000000,0.00000000,-0.952251,-3.880338,-0.525024,-0.897135,-3.860912,-0.544703,0.058439,0.019679
170.420000,0.026525,0.040,7.170214,0.549330,6.044986,0.022260,0.371787,0.609128,0.737380,0.00000000,0.00000000,-0.941272,-3.886451,-0.503808,-0.884672,-3.868200,-0.520468,0.059469,0.016660
170.460000,0.025014,0.026,22.958452,0.583728,6.840451,0.021211,0.358147,0.614104,0.360947,0.00000000,0.00000000,-0.928452,-3.893909,-0.479403,-0.871979,-3.875871,-0.496063,0.059284,0.016660
170.500000,0.025014,0.100,5.520090,0.609139,6.864593,0.023209,0.370419,0.606513,0.266038,0.00000000,0.00000000,-0.915173,-3.900953,-0.454896,-0.858819,-3.883135,-0.471556,0.059104,0.016660
170.535000,0.023265,0.048,3.647584,0.560593,6.862281,0.023274,0.374215,0.620039,0.292360,0.00000000,0.00000000,-0.903351,-3.906791,-0.432747,-0.845550,-3.890068,-0.446440,0.060171,0.013693
170.570000,0.023265,0.096,7.566933,0.561512,6.811245,0.023307,0.367138,0.607479,0.030618,0.00000000,0.00000000,-0.891941,-3.912409,-0.411637,-0.832504,-3.896557,-0.422335,0.061514,0.010698
170.620000,0.023123,0.046,3.386764,0.562926,6.737397,0.022918,0.380628,0.616922,0.849971,0.00000000,0.00000000,-0.875013,-3.920051,-0.380991,-0.818982,-3.902900,-0.397652,0.058597,0.016660
170.655000,0.023123,0.101,3.308116,0.589740,6.630564,0.023025,0.372771,0.626503,0.006013,0.00000000,0.00000000,-0.862865,-3.925012,-0.359316,-0.805183,-3.908775,-0.372923,0.059924,0.013607
170.705000,0.021537,0.042,8.977918,0.580212,7.054021,0.023031,0.362546,0.602644,0.574668,0.00000000,0.00000000,-0.845614,-3.931633,-0.328751,-0.791540,-3.914230,-0.348651,0.056806,0.019900
170.735000,0.025046,0.036,2.812422,0.594218,6.933970,0.023186,0.372446,0.622601,0.085532,0.00000000,0.00000000,-0.835146,-3.935336,-0.310339,-0.777553,-3.919439,-0.323925,0.059746,0.013586
170.785000,0.023737,0.003,10.690332,0.581228,6.963965,0.023189,0.383204,0.619016,0.067840,0.00000000,0.00000000,-0.816941,-3.940773,-0.279477,-0.762998,-3.924016,-0.299184,0.056485,0.019707
170.815000,0.023737,0.098,2.056972,0.563317,6.914124,0.022967,0.377994,0.609550,0.087202,0.00000000,0.00000000,-0.806265,-3.943925,-0.261013,-0.748876,-3.928412,-0.274690,0.059449,0.013678
170.865000,0.024736,0.040,0.571363,0.652849,6.781651,0.025139,0.373970,0.623006,0.312655,0.00000000,0.00000000,-0.788537,-3.948803,-0.230276,-0.734684,-3.932560,-0.249984,0.056249,0.019708
170.905000,0.019998,0.001,8.801408,0.614174,6.858644,0.025150,0.369419,0.624301,0.040364,0.00000000,0.00000000,-0.774043,-3.952503,-0.204921,-0.720390,-3.936574,-0.224745,0.055967,0.019824
170.940000,0.019998,0.043,1.013045,0.584623,6.848491,0.024989,0.380619,0.623367,0.343756,0.00000000,0.00000000,-0.761175,-3.955250,-0.183074,-0.705747,-3.939990,-0.199734,0.057490,0.016660
170.975000,0.021152,0.001,1.410190,0.592125,6.752327,0.024570,0.380394,0.637140,0.109700,0.00000000,0.00000000,-0.748126,-3.957453,-0.161048,-0.690831,-3.942760,-0.174485,0.059148,0.013436
171.015000,0.021152,0.089,0.890060,0.597990,6.752376,0.024685,0.383900,0.624067,0.339460,0.00000000,0.00000000,-0.733022,-3.959655,-0.136080,-0.675833,-3.945144,-0.149653,0.059001,0.013573
171.055000,0.019514,0.041,9.231468,0.607105,6.857006,0.024869,0.369635,0.611969,0.554513,0.00000000,0.00000000,-0.718261,-3.961240,-0.111165,-0.660964,-3.946856,-0.124689,0.059074,0.013524
171.095000,0.020777,0.001,3.680573,0.546147,6.885388,0.025356,0.386740,0.615487,0.616478,0.00000000,0.00000000,-0.702887,-3.962637,-0.086155,-0.645757,-3.948575,-0.099825,0.058835,0.013670
171.145000,0.020777,0.072,3.136370,0.594686,6.857728,0.025005,0.365128,0.606862,0.409454,0.00000000,0.00000000,-0.684383,-3.964010,-0.055649,-0.631012,-3.949889,-0.075462,0.055207,0.019814
171.175000,0.018750,0.001,8.527560,0.606891,6.918020,0.024935,0.366962,0.623465,0.523600,0.00000000,0.00000000,-0.673315,-3.964736,-0.037037,-0.616136,-3.951083,-0.050583,0.058787,0.013546
171.225000,0.018750,0.054,4.856411,0.576466,6.912626,0.023189,0.379061,0.610393,0.604957,0.00000000,0.00000000,-0.654442,-3.965340,-0.006173,-0.601056,-3.951769,-0.025928,0.055083,0.019755
171.260000,0.021424,0.005,5.064148,0.552947,7.477199,0.023498,0.368093,0.609655,0.292312,0.00000000,0.00000000,-0.641381,-3.965539,0.015010,-0.586141,-3.952274,-0.001649,0.056810,0.016660
171.295000,0.021424,0.071,6.821341,0.596537,7.520532,0.023260,0.375321,0.612807,0.524419,0.00000000,0.00000000,-0.628435,-3.965291,0.036150,-0.571243,-3.952186,0.022710,0.058675,0.013440
171.340000,0.019314,0.024,1.455836,0.545593,7.529668,0.023437,0.380156,0.623357,0.144832,0.00000000,0.00000000,-0.611299,-3.964371,0.063924,-0.556044,-3.951606,0.047265,0.056710,0.016659
171.375000,0.019314,0.076,0.843900,0.581936,7.527126,0.023193,0.376357,0.594140,0.238413,0.00000000,0.00000000,-0.598334,-3.963623,0.084584,-0.541229,-3.950938,0.070962,0.058497,0.013622
171.425000,0.017634,0.060,1.443948,0.576762,7.522072,0.023200,0.367691,0.606656,0.061430,0.00000000,0.00000000,-0.579910,-3.961722,0.115051,-0.526519,-3.949652,0.095309,0.054739,0.019742
171.455000,0.019874,0.005,1.982360,0.581485,7.512885,0.023161,0.371079,0.597655,0.428001,0.00000000,0.00000000,-0.568743,-3.960380,0.133137,-0.511544,-3.948072,0.119571,0.058508,0.013566
171.495000,0.019874,0.065,12.647980,0.535115,7.670378,0.024017,0.374112,0.609921,0.188637,0.00000000,0.00000000,-0.554024,-3.958182,0.157742,-0.496822,-3.946074,0.144154,0.058469,0.013588
171.540000,0.021671,0.064,6.140057,0.561653,7.589590,0.023647,0.377376,0.609705,0.182190,0.00000000,0.00000000,-0.537384,-3.955445,0.184856,-0.481990,-3.943913,0.168198,0.056581,0.016658
171.580000,0.018067,0.030,5.083043,0.573946,7.565562,0.023617,0.371577,0.615383,0.025927,0.00000000,0.00000000,-0.522518,-3.952590,0.209153,-0.467079,-3.941306,0.192492,0.056576,0.016661
171.610000,0.018067,0.091,6.010374,0.552949,7.605637,0.023882,0.386974,0.599462,0.329280,0.00000000,0.00000000,-0.511236,-3.950150,0.227301,-0.452123,-3.938164,0.216659,0.060316,0.010643
171.660000,0.018348,0.006,5.212111,0.533641,7.623787,0.024940,0.382519,0.612216,0.426995,0.00000000,0.00000000,-0.493034,-3.945697,0.258115,-0.437485,-3.934905,0.241455,0.056588,0.016660
171.695000,0.018348,0.076,25.491559,0.557156,8.341725,0.025124,0.367620,0.589529,0.299427,0.00000000,0.00000000,-0.480475,-3.942377,0.278398,-0.423078,-3.931258,0.264659,0.058464,0.013739
171.740000,0.017727,0.048,10.856069,0.554415,8.377714,0.025342,0.391188,0.611761,0.752194,0.00000000,0.00000000,-0.463720,-3.937741,0.305792,-0.408042,-3.927439,0.289132,0.056623,0.016661
171.775000,0.019476,0.005,12.691458,0.569841,8.437760,0.025314,0.400460,0.629859,0.263144,0.00000000,0.00000000,-0.450520,-3.933684,0.327963,-0.392927,-3.923052,0.314394,0.058566,0.013569
171.825000,0.019476,0.073,4.811551,0.633046,8.418364,0.026363,0.375971,0.656771,0.707946,0.00000000,0.00000000,-0.433072,-3.927486,0.360667,-0.378816,-3.918293,0.340599,0.055030,0.020067
171.860000,0.018014,0.036,14.163310,0.645718,8.574365,0.030367,0.366946,0.679898,0.468110,0.00000000,0.00000000,-0.421328,-3.922602,0.384372,-0.365404,-3.913008,0.367714,0.056741,0.016659
171.905000,0.018014,0.082,6.857431,0.649752,8.675386,0.030697,0.369855,0.664404,0.345644,0.00000000,0.00000000,-0.405634,-3.916286,0.415000,-0.351472,-3.907663,0.394564,0.054844,0.020436
171.940000,0.019703,0.060,9.526135,0.690029,8.803667,0.034029,0.389106,0.711519,0.544999,0.00000000,0.00000000,-0.393458,-3.910802,0.439953,-0.337340,-3.901675,0.423293,0.056855,0.016660
171.975000,0.019703,0.108,6.992875,0.666346,8.819178,0.035461,0.385556,0.719736,0.283850,0.00000000,0.00000000,-0.381871,-3.904941,0.465259,-0.323978,-3.895120,0.452284,0.058720,0.012975
172.025000,0.019313,0.027,6.865795,0.712081,8.691447,0.040221,0.379026,0.726043,0.043452,0.00000000,0.00000000,-0.364857,-3.896226,0.501656,-0.310288,-3.888389,0.481235,0.055129,0.020421
172.060000,0.018597,0.033,0.484633,0.715307,8.594417,0.043197,0.378190,0.748752,0.225931,0.00000000,0.00000000,-0.352838,-3.889943,0.528517,-0.296379,-3.881495,0.511858,0.057088,0.016660
172.105000,0.019262,0.002,0.719656,0.706535,8.085089,0.045809,0.388623,0.720864,0.554452,0.00000000,0.00000000,-0.338350,-3.880976,0.561376,-0.283382,-3.873755,0.541086,0.055441,0.020290
172.135000,0.019262,0.048,9.574061,0.659659,8.197961,0.046405,0.369138,0.716981,0.974262,0.00000000,0.00000000,-0.328940,-3.875004,0.582592,-0.270657,-3.865826,0.569661,0.059001,0.012931
172.170000,0.017522,0.006,21.026868,0.690666,8.563899,0.048111,0.374086,0.717560,0.019275,0.00000000,0.00000000,-0.318313,-3.867155,0.607838,-0.258374,-3.857208,0.598443,0.060759,0.009395
172.220000,0.017522,0.083,7.032869,0.689041,8.550242,0.051057,0.389683,0.723081,1.023885,0.00000000,0.00000000,-0.302905,-3.856110,0.644616,-0.245890,-3.848498,0.627956,0.057522,0.016660
172.265000,0.019358,0.033,12.606593,0.700934,8.671566,0.052325,0.384472,0.737312,0.440199,0.00000000,0.00000000,-0.288879,-3.845642,0.677877,-0.233351,-3.839415,0.657461,0.055876,0.020416
172.305000,0.019358,0.081,6.541019,0.699478,8.725942,0.053730,0.381229,0.740911,0.819526,0.00000000,0.00000000,-0.277126,-3.836077,0.707445,-0.221205,-3.830088,0.687144,0.056241,0.020301
172.335000,0.016724,0.047,6.471389,0.711890,8.497502,0.055472,0.381361,0.735040,0.828082,0.00000000,0.00000000,-0.268151,-3.828768,0.729291,-0.209277,-3.820503,0.716314,0.059451,0.012976
172.375000,0.020476,0.007,0.105707,0.673930,8.445547,0.055878,0.373126,0.735252,0.490429,0.00000000,0.00000000,-0.257173,-3.818691,0.758527,-0.198263,-3.810565,0.745577,0.059468,0.012950
172.420000,0.020476,0.088,12.987961,0.713865,8.471504,0.058869,0.380395,0.732604,0.219658,0.00000000,0.00000000,-0.244593,-3.806734,0.792156,-0.186763,-3.800101,0.775498,0.058209,0.016659
172.460000,0.020174,0.065,7.893470,0.710095,8.509790,0.059570,0.373935,0.751324,1.027895,0.00000000,0.00000000,-0.234392,-3.796081,0.822215,-0.176386,-3.789619,0.805555,0.058365,0.016660
172.495000,0.020174,0.110,8.063580,0.697382,8.615354,0.060417,0.359149,0.727393,0.672466,0.00000000,0.00000000,-0.225395,-3.786988,0.847199,-0.166073,-3.779300,0.834163,0.059818,0.013036
172.530000,0.019735,0.023,0.823506,0.728273,8.614520,0.061996,0.367344,0.746615,0.161560,0.00000000,0.00000000,-0.217047,-3.777246,0.873544,-0.156265,-3.768295,0.864654,0.061437,0.008890
172.585000,0.022549,0.029,1.425606,0.787750,8.587523,0.066871,0.370195,0.787028,0.139695,0.00000000,0.00000000,-0.204383,-3.761419,0.916886,-0.147004,-3.756857,0.896175,0.057560,0.020712
172.620000,0.022549,0.096,8.236211,0.753871,8.710288,0.068677,0.373952,0.804600,0.266726,0.00000000,0.00000000,-0.196332,-3.751356,0.945240,-0.137586,-3.745534,0.928580,0.059034,0.016660
172.655000,0.022315,0.068,1.776342,0.766454,8.708925,0.070792,0.376872,0.811482,0.080094,0.00000000,0.00000000,-0.188898,-3.740768,0.973680,-0.128980,-3.733638,0.961109,0.060340,0.012571
172.705000,0.023477,0.016,8.749438,0.754415,8.802769,0.071865,0.358209,0.834876,0.176092,0.00000000,0.00000000,-0.178312,-3.726266,1.015252,-0.120175,-3.722267,0.994374,0.058275,0.020878
172.745000,0.023477,0.095,22.956502,0.805512,9.236951,0.075132,0.365177,0.872514,0.254869,0.00000000,0.00000000,-0.169889,-3.714236,1.050357,-0.111819,-3.710343,1.029290,0.058201,0.021066
172.780000,0.022043,0.005,9.259566,0.845092,9.347346,0.082690,0.371181,0.891609,0.541845,0.00000000,0.00000000,-0.163254,-3.703003,1.081147,-0.103707,-3.697739,1.064486,0.059779,0.016662
172.815000,0.022043,0.079,3.862984,0.865264,9.332400,0.087232,0.382329,0.880603,0.174124,0.00000000,0.00000000,-0.156768,-3.691274,1.112008,-0.096118,-3.684454,1.099690,0.061033,0.012319
172.860000,0.021037,0.065,13.400467,0.948423,9.466891,0.094969,0.376632,0.925802,0.356813,0.00000000,0.00000000,-0.149097,-3.676069,1.154050,-0.089103,-3.671045,1.137389,0.060204,0.016660
172.895000,0.023338,0.027,9.441285,0.855423,9.123664,0.097363,0.383393,0.912784,0.194194,0.00000000,0.00000000,-0.143219,-3.663747,1.185488,-0.082363,-3.657133,1.173367,0.061214,0.012121
172.945000,0.023338,0.091,8.955398,0.987805,9.134896,0.108985,0.376755,0.926882,0.436220,0.00000000,0.00000000,-0.136000,-3.645761,1.232580,-0.076294,-3.642816,1.210900,0.059779,0.021680
172.965000,0.020212,0.004,8.955398,0.987805,9.134896,0.108985,0.387537,0.969150,0.539091,0.00000000,0.00000000,-0.133608,-3.638204,1.252612,-0.073514,-3.635425,1.230968,0.060158,0.021643
172.995000,0.020212,0.058,9.690000,0.950209,9.257019,0.112764,0.396008,0.984926,0.047694,0.00000000,0.00000000,-0.129991,-3.626935,1.281802,-0.068516,-3.620378,1.270155,0.061823,0.011647
173.015000,0.020212,0.089,5.646103,0.991371,9.278087,0.118595,0.398328,0.996982,0.116033,0.00000000,0.00000000,-0.127763,-3.619279,1.302149,-0.066263,-3.612754,1.290613,0.061846,0.011536
173.060000,0.021739,0.045,4.887333,0.962646,9.291964,0.122279,0.386582,1.015355,0.071974,0.00000000,0.00000000,-0.123083,-3.602818,1.347157,-0.061873,-3.598238,1.330496,0.061382,0.016661
173.100000,0.019052,0.008,0.104129,1.016023,9.242923,0.128732,0.371040,0.961264,0.167620,0.00000000,0.00000000,-0.119950,-3.588247,1.385948,-0.058497,-3.583721,1.369286,0.061619,0.016662
173.145000,0.019052,0.061,0.104129,1.016023,9.242923,0.128732,0.385993,0.981221,0.747682,0.00000000,0.00000000,-0.116451,-3.571252,1.430454,-0.054999,-3.568739,1.408815,0.061503,0.021639
173.185000,0.019321,0.037,9.483377,0.947923,9.286395,0.129902,0.386005,0.994555,0.498992,0.00000000,0.00000000,-0.114554,-3.555970,1.470103,-0.052786,-3.553518,1.448539,0.061816,0.021564
173.220000,0.019321,0.077,26.232678,0.911770,9.899947,0.129456,0.372987,0.967166,0.808967,0.00000000,0.00000000,-0.114085,-3.542841,1.503670,-0.051877,-3.538419,1.487010,0.062365,0.016660
173.255000,0.015732,0.016,2.230153,0.943615,9.842131,0.128826,0.369008,0.993732,0.179946,0.00000000,0.00000000,-0.113722,-3.529734,1.538311,-0.051309,-3.523501,1.526584,0.062723,0.011727
173.295000,0.015732,0.061,8.973526,0.943151,9.910522,0.129222,0.377702,0.960700,0.147956,0.00000000,0.00000000,-0.114175,-3.514968,1.577198,-0.051528,-3.508680,1.565545,0.062961,0.011653
173.315000,0.016642,0.028,4.444346,0.967709,9.900984,0.127664,0.370579,0.991903,0.356108,0.00000000,0.00000000,-0.114449,-3.507407,1.597453,-0.051756,-3.501162,1.585812,0.063004,0.011641
173.360000,0.016642,0.077,19.526515,0.989889,9.641699,0.127061,0.378049,1.005778,0.376381,0.00000000,0.00000000,-0.115723,-3.490236,1.641958,-0.052638,-3.485793,1.625295,0.063241,0.016663
173.375000,0.016678,0.035,4.444876,0.965128,9.554838,0.125037,0.378049,1.005778,0.376381,0.00000000,0.00000000,-0.116219,-3.484889,1.656929,-0.053225,-3.478611,1.645346,0.063306,0.011584
173.425000,0.016678,0.085,8.711741,1.001381,9.504548,0.124091,0.372163,1.002882,0.581957,0.00000000,0.00000000,-0.117633,-3.466335,1.706759,-0.053911,-3.463580,1.684911,0.063781,0.021848
173.440000,0.016412,0.018,2.758902,0.957213,9.490935,0.123480,0.371612,0.995389,0.027560,0.00000000,0.00000000,-0.118059,-3.460808,1.721689,-0.054484,-3.456330,1.705028,0.063733,0.016661
173.475000,0.016412,0.090,9.228527,0.931370,9.479859,0.122867,0.377518,0.980933,0.065716,0.00000000,0.00000000,-0.120266,-3.447928,1.756128,-0.056897,-3.441480,1.744292,0.063696,0.011836
173.505000,0.016412,0.114,3.918871,0.899951,9.299710,0.120987,0.374147,0.987170,0.168545,0.00000000,0.00000000,-0.122456,-3.437015,1.786035,-0.058242,-3.434204,1.764383,0.064275,0.021651
173.540000,0.017776,0.042,13.949091,0.934652,9.436250,0.119514,0.368462,0.980191,0.003461,0.00000000,0.00000000,-0.125647,-3.424349,1.819560,-0.061463,-3.419751,1.802899,0.064349,0.016661
173.570000,0.020208,0.032,2.003155,0.942239,9.331711,0.118983,0.382314,0.978633,0.469993,0.00000000,0.00000000,-0.128689,-3.413554,1.849057,-0.065512,-3.405241,1.842153,0.063721,0.006904
173.610000,0.020208,0.074,0.003328,0.935217,9.290623,0.117478,0.376345,0.982715,0.156183,0.00000000,0.00000000,-0.133299,-3.399052,1.888476,-0.069772,-3.390755,1.881469,0.064066,0.007007
173.655000,0.020484,0.075,25.125029,0.930992,9.899898,0.115534,0.355082,0.978920,0.885971,0.00000000,0.00000000,-0.138704,-3.383619,1.932328,-0.074422,-3.377092,1.920543,0.064613,0.011785
173.675000,0.020484,0.104,1.041984,1.017787,9.832934,0.116585,0.369316,0.986847,0.711691,0.00000000,0.00000000,-0.141423,-3.376678,1.952277,-0.077219,-3.370164,1.940881,0.064533,0.011396
173.705000,0.020484,0.122,9.351025,0.939148,9.892573,0.115696,0.371799,1.004387,0.124196,0.00000000,0.00000000,-0.146227,-3.366426,1.982737,-0.080355,-3.363262,1.961138,0.065948,0.021598
173.735000,0.017782,0.073,9.520376,0.938771,9.954487,0.114396,0.380942,0.969542,0.282498,0.00000000,0.00000000,-0.150426,-3.356071,2.011783,-0.085779,-3.349351,1.999879,0.064996,0.011905
173.785000,0.017590,0.065,2.500113,0.963071,9.823228,0.111776,0.359848,0.982020,0.271337,0.00000000,0.00000000,-0.158091,-3.339574,2.060983,-0.091688,-3.336130,2.039370,0.066492,0.021613
173.820000,0.021405,0.032,2.860289,0.898163,9.458345,0.109112,0.372592,0.988708,0.180231,0.00000000,0.00000000,-0.164958,-3.328225,2.095055,-0.099167,-3.322985,2.078395,0.065999,0.016660
173.850000,0.021405,0.109,5.592149,0.921045,9.507339,0.106982,0.390919,0.979402,0.439011,0.00000000,0.00000000,-0.170987,-3.318081,2.124081,-0.106900,-3.309508,2.117396,0.064657,0.006684
173.905000,0.018892,0.031,2.911658,0.931767,9.437517,0.101325,0.369857,0.981652,0.456832,0.00000000,0.00000000,-0.182293,-3.300849,2.178114,-0.115020,-3.297007,2.156550,0.067383,0.021563
173.940000,0.018892,0.087,1.857825,0.923393,9.377276,0.098090,0.379801,0.954599,0.181493,0.00000000,0.00000000,-0.189477,-3.290001,2.211226,-0.123046,-3.284358,2.194566,0.066671,0.016660
173.980000,0.018126,0.076,8.633562,0.946666,9.442965,0.095234,0.371505,0.973096,0.007508,0.00000000,0.00000000,-0.198447,-3.278161,2.250414,-0.131817,-3.272370,2.233752,0.066881,0.016661
174.020000,0.018608,0.006,8.755473,0.899971,9.537277,0.090076,0.373930,0.986599,0.277324,0.00000000,0.00000000,-0.207907,-3.266895,2.289154,-0.141088,-3.260948,2.272494,0.067083,0.016660
174.065000,0.018608,0.067,1.598151,0.933213,9.533041,0.086625,0.371450,0.994073,0.124023,0.00000000,0.00000000,-0.219000,-3.254344,2.333516,-0.150708,-3.249582,2.312090,0.068459,0.021426
174.100000,0.020557,0.002,10.408652,0.995022,9.457125,0.079297,0.377561,0.997668,0.710866,0.00000000,0.00000000,-0.227528,-3.244367,2.369132,-0.160331,-3.238096,2.352471,0.067489,0.016660
174.115000,0.020557,0.053,10.408652,0.995022,9.457125,0.079297,0.372476,1.024905,0.254230,0.00000000,0.00000000,-0.231497,-3.239963,2.384460,-0.165555,-3.232379,2.372758,0.066377,0.011702
174.155000,0.019178,0.037,5.176159,0.944255,9.610977,0.068328,0.369274,0.976285,0.648724,0.00000000,0.00000000,-0.242298,-3.230132,2.423996,-0.176065,-3.222376,2.412274,0.066686,0.011722
174.200000,0.019178,0.108,31.083426,0.927970,10.430525,0.062477,0.368498,0.977574,0.336827,0.00000000,0.00000000,-0.254813,-3.219770,2.467933,-0.187203,-3.213048,2.451272,0.067944,0.016660
174.235000,0.019136,0.051,8.806848,0.911790,10.527773,0.059442,0.370305,0.970410,0.336274,0.00000000,0.00000000,-0.265041,-3.211952,2.501853,-0.198739,-3.203965,2.489997,0.066782,0.011856
174.270000,0.019136,0.091,15.806304,0.939695,10.634925,0.054165,0.383401,0.982415,0.737889,0.00000000,0.00000000,-0.275722,-3.203735,2.536010,-0.210926,-3.194269,2.529233,0.065484,0.006778
174.315000,0.020705,0.040,1.156619,0.946858,10.642250,0.048955,0.383419,0.984448,0.217560,0.00000000,0.00000000,-0.289809,-3.194293,2.580128,-0.223292,-3.185912,2.568431,0.067042,0.011697
174.350000,0.024015,0.031,6.370100,0.905248,10.659218,0.038087,0.381070,1.003067,0.418390,0.00000000,0.00000000,-0.300995,-3.187242,2.615148,-0.236035,-3.177928,2.608875,0.065624,0.006273
174.400000,0.024015,0.095,36.425041,1.027824,11.710098,0.037756,0.368221,0.979872,0.585707,0.00000000,0.00000000,-0.317607,-3.177946,2.664492,-0.249290,-3.170184,2.647832,0.068756,0.016660
174.415000,0.024015,0.122,9.279773,0.958017,11.710498,0.035117,0.365638,0.999433,0.415122,0.00000000,0.00000000,-0.322381,-3.175391,2.679667,-0.255579,-3.166694,2.667964,0.067365,0.011703
174.460000,0.025564,0.067,9.587132,0.923738,11.797938,0.033364,0.351201,0.998235,0.721857,0.00000000,0.00000000,-0.336637,-3.168796,2.724617,-0.268166,-3.160718,2.707957,0.068946,0.016660
174.495000,0.021731,0.057,14.444403,0.939606,11.818655,0.033376,0.378515,0.988176,0.994545,0.00000000,0.00000000,-0.349193,-3.164444,2.758903,-0.282503,-3.155529,2.747228,0.067283,0.011675
174.540000,0.021731,0.108,9.600048,0.930451,11.821807,0.030850,0.396811,0.975901,0.796346,0.00000000,0.00000000,-0.365758,-3.158269,2.802611,-0.297108,-3.149707,2.785951,0.069182,0.016660
174.575000,0.021731,0.147,1.215417,0.946089,11.817666,0.030490,0.384917,0.990087,0.099080,0.00000000,0.00000000,-0.378469,-3.154188,2.837298,-0.311529,-3.144821,2.825566,0.067593,0.011732
174.625000,0.022520,0.031,4.817861,1.001775,11.753959,0.030912,0.390834,1.012852,0.468004,0.00000000,0.00000000,-0.397184,-3.148666,2.887996,-0.326422,-3.140091,2.866216,0.071280,0.021780
174.660000,0.022520,0.109,9.684256,0.962119,11.857387,0.030371,0.380819,1.025464,0.803023,0.00000000,0.00000000,-0.410170,-3.145566,2.923170,-0.341301,-3.136266,2.906510,0.069494,0.016659
174.690000,0.025559,0.041,5.842277,0.919374,11.862911,0.030559,0.368174,0.998130,0.564585,0.00000000,0.00000000,-0.421360,-3.143792,2.952626,-0.355965,-3.133480,2.945941,0.066203,0.006685
174.725000,0.025559,0.064,5.842277,0.919374,11.862911,0.030559,0.380105,0.988640,0.596516,0.00000000,0.00000000,-0.434093,-3.140923,2.988115,-0.363401,-3.131503,2.966348,0.071316,0.021767
174.755000,0.019074,0.008,18.821703,0.984007,12.106311,0.029337,0.379115,0.998223,0.558654,0.00000000,0.00000000,-0.445271,-3.139022,3.017845,-0.378214,-3.128719,3.006192,0.067843,0.011653
174.790000,0.016746,0.015,2.371739,0.918672,11.988004,0.029592,0.366147,0.995060,0.160487,0.00000000,0.00000000,-0.458085,-3.137604,3.052353,-0.392653,-3.127250,3.045592,0.066246,0.006761
174.840000,0.016746,0.070,1.811586,0.914540,11.881959,0.029929,0.374039,0.971359,0.045844,0.00000000,0.00000000,-0.476759,-3.136199,3.101045,-0.407726,-3.125791,3.084384,0.069814,0.016661
174.885000,0.017779,0.017,9.025224,0.942424,11.503324,0.029535,0.380881,0.974975,0.032443,0.00000000,0.00000000,-0.493918,-3.135951,-3.137940,-0.422781,-3.125480,3.123681,0.071904,0.021563
174.925000,0.017779,0.058,9.587394,0.858021,11.616455,0.032030,0.374755,0.928659,0.770276,0.00000000,0.00000000,-0.508932,-3.135445,-3.101150,-0.438009,-3.124387,-3.122630,0.071780,0.021480
174.960000,0.016089,0.032,9.629679,0.983116,11.598333,0.032476,0.365426,0.989535,0.501641,0.00000000,0.00000000,-0.521693,-3.135964,-3.066491,-0.452649,-3.124808,-3.083150,0.069939,0.016659
174.975000,0.016089,0.074,9.629679,0.983116,11.598333,0.032476,0.376297,0.992604,0.543540,0.00000000,0.00000000,-0.527156,-3.136600,-3.051404,-0.460062,-3.125491,-3.063064,0.068008,0.011661
175.020000,0.016089,0.126,1.298408,0.919205,11.318920,0.032054,0.389248,1.004458,0.532243,0.00000000,0.00000000,-0.544303,-3.138090,-3.006302,-0.475291,-3.126557,-3.022961,0.069969,0.016659
175.050000,0.017987,0.004,15.535867,0.981216,11.473278,0.031491,0.363335,0.952687,0.066668,0.00000000,0.00000000,-0.555173,-3.139552,-2.977614,-0.489740,-3.128510,-2.984911,0.066358,0.007296
175.105000,0.017987,0.058,9.569888,0.955394,11.587998,0.031475,0.364605,0.978714,0.063510,0.00000000,0.00000000,-0.574788,-3.143601,-2.924429,-0.504061,-3.131212,-2.945858,0.071804,0.021429
175.140000,0.017987,0.114,2.170248,0.938419,11.482412,0.031266,0.351820,0.975354,0.477672,0.00000000,0.00000000,-0.586984,-3.146692,-2.889741,-0.518110,-3.134447,-2.906400,0.069954,0.016660
175.185000,0.020789,0.057,2.170248,0.938419,11.482412,0.031266,0.350085,0.969466,0.086738,0.00000000,0.00000000,-0.602117,-3.151638,-2.846493,-0.531560,-3.138682,-2.868150,0.071737,0.021657
175.215000,0.016529,0.017,1.811550,0.936877,11.365851,0.031367,0.368644,0.977475,0.453946,0.00000000,0.00000000,-0.612972,-3.154803,-2.817412,-0.546004,-3.142693,-2.829157,0.068054,0.011745
175.255000,0.016529,0.060,8.778842,0.924595,11.463201,0.031464,0.379637,0.987713,0.291961,0.00000000,0.00000000,-0.627258,-3.160013,-2.777908,-0.560334,-3.147710,-2.789667,0.068045,0.011759
175.305000,0.017455,0.046,2.835455,0.934320,10.986335,0.031439,0.371347,0.983239,0.079500,0.00000000,0.00000000,-0.644339,-3.167134,-2.728920,-0.574044,-3.153153,-2.750420,0.071672,0.021500
175.335000,0.017455,0.096,1.165964,0.984014,10.986292,0.030189,0.378968,0.993675,0.782162,0.00000000,0.00000000,-0.654741,-3.171637,-2.698785,-0.588028,-3.159034,-2.710406,0.067893,0.011621
175.365000,0.017357,0.001,0.478519,0.922415,10.926240,0.030327,0.378068,1.014401,0.044978,0.00000000,0.00000000,-0.664825,-3.176481,-2.668631,-0.594826,-3.162135,-2.690200,0.071454,0.021569
175.400000,0.017357,0.042,2.379356,1.046440,10.870090,0.033586,0.375652,0.993355,0.171863,0.00000000,0.00000000,-0.676423,-3.182298,-2.633773,-0.608129,-3.168558,-2.650431,0.069662,0.016658
175.435000,0.016764,0.073,1.409630,0.917014,10.872218,0.033718,0.390564,0.978643,0.502472,0.00000000,0.00000000,-0.688084,-3.189864,-2.600048,-0.621674,-3.176863,-2.611848,0.067670,0.011800
175.485000,0.022643,0.018,9.411993,0.916457,10.995608,0.033576,0.370193,0.936167,0.226435,0.00000000,0.00000000,-0.703890,-3.199724,-2.553294,-0.634262,-3.184588,-2.574786,0.071254,0.021492
175.520000,0.022643,0.074,2.739432,0.916947,10.909106,0.033789,0.379005,0.968819,0.519363,0.00000000,0.00000000,-0.714958,-3.207136,-2.519289,-0.647072,-3.192750,-2.535949,0.069393,0.016661
175.555000,0.018285,0.050,26.251284,0.952508,11.463237,0.033763,0.386219,0.963292,0.435353,0.00000000,0.00000000,-0.725509,-3.215120,-2.485428,-0.659373,-3.201677,-2.497132,0.067488,0.011703
175.590000,0.018285,0.094,0.044051,0.930389,11.464391,0.033690,0.388215,0.976887,0.131726,0.00000000,0.00000000,-0.736376,-3.223245,-2.450895,-0.671629,-3.210870,-2.457938,0.065919,0.007042
175.635000,0.021366,0.046,4.606022,0.962448,11.408342,0.033782,0.357738,0.971606,0.805504,0.00000000,0.00000000,-0.748736,-3.234240,-2.407020,-0.682605,-3.220476,-2.418689,0.067548,0.011669
175.680000,0.021366,0.092,9.357224,0.941880,11.419338,0.033171,0.376769,0.982757,0.161692,0.00000000,0.00000000,-0.761019,-3.245963,-2.363218,-0.693774,-3.230804,-2.379878,0.068932,0.016660
175.720000,0.022854,0.052,8.976514,0.949611,11.465553,0.032854,0.367450,0.967285,0.726013,0.00000000,0.00000000,-0.771771,-3.256575,-2.324627,-0.704702,-3.241235,-2.341287,0.068801,0.016660
175.765000,0.023880,0.044,1.984285,0.935089,11.391981,0.032115,0.354997,0.974126,1.172494,0.00000000,0.00000000,-0.783610,-3.267965,-2.280504,-0.715356,-3.251207,-2.301949,0.070282,0.021444
175.800000,0.023880,0.093,2.331754,0.919868,11.247961,0.032171,0.376368,0.942746,0.526601,0.00000000,0.00000000,-0.791787,-3.278191,-2.247373,-0.725075,-3.262516,-2.264034,0.068529,0.016661
175.830000,0.019426,0.038,10.782756,0.944336,11.300378,0.032171,0.381701,0.960857,0.074712,0.00000000,0.00000000,-0.799220,-3.286928,-2.218868,-0.734842,-3.274284,-2.225684,0.065608,0.006816
175.885000,0.020740,0.017,0.843886,0.899243,10.948104,0.032390,0.389039,0.977142,0.360630,0.00000000,0.00000000,-0.810950,-3.304085,-2.165277,-0.743528,-3.286661,-2.186690,0.069636,0.021412
175.915000,0.020740,0.102,8.274374,0.940895,10.822217,0.032387,0.371881,0.964394,0.239521,0.00000000,0.00000000,-0.816828,-3.313371,-2.136644,-0.751683,-3.298806,-2.148352,0.066753,0.011709
175.965000,0.021599,0.019,0.254379,0.933584,10.819231,0.032421,0.365646,-123.498009,0.123133,0.00000000,0.00000000,-0.826315,-3.329081,-2.087864,-0.759506,-3.311210,-2.109378,0.069159,0.021514
176.000000,0.021462,0.014,6.357344,0.929771,10.313784,0.032095,0.361829,0.968259,0.492956,0.00000000,0.00000000,-0.832617,-3.340125,-2.053493,-0.766931,-3.323761,-2.070152,0.067694,0.016659
176.030000,0.021462,0.068,10.531980,0.951744,9.120987,0.030069,0.361458,0.956805,0.018531,0.00000000,0.00000000,-0.837544,-3.349623,-2.025225,-0.773561,-3.336431,-2.032199,0.065328,0.006974
176.050000,0.018037,0.014,10.531980,0.951744,9.120987,0.030069,0.357112,0.961341,0.217287,0.00000000,0.00000000,-0.840654,-3.355956,-2.005305,-0.776862,-3.342495,-2.012137,0.065197,0.006831
176.095000,0.018037,0.083,5.851452,0.899722,9.066774,0.030533,0.362161,0.943773,0.025667,0.00000000,0.00000000,-0.847518,-3.370667,-1.963183,-0.783107,-3.355728,-1.974840,0.066120,0.011657
176.140000,0.021154,0.032,2.491699,0.964750,8.769716,0.030704,0.379884,0.987326,0.917827,0.00000000,0.00000000,-0.853667,-3.386374,-1.918387,-0.788749,-3.369652,-1.935048,0.067037,0.016661
176.180000,0.021154,0.093,2.659974,0.887363,8.667909,0.031594,0.395422,0.974529,0.629003,0.00000000,0.00000000,-0.858499,-3.401045,-1.879364,-0.793825,-3.384241,-1.896023,0.066822,0.016659
176.225000,0.022241,0.038,0.869072,0.947468,8.668287,0.031600,0.375310,0.958375,0.287895,0.00000000,0.00000000,-0.863927,-3.417012,-1.835854,-0.798981,-3.398359,-1.857428,0.067572,0.021574
176.255000,0.022241,0.100,7.381932,0.943712,8.694400,0.030376,0.370799,0.971635,0.262049,0.00000000,0.00000000,-0.867264,-3.427720,-1.806667,-0.803597,-3.412418,-1.818419,0.065481,0.011752
176.295000,0.019640,0.035,8.921407,0.931343,8.680530,0.030354,0.366898,0.980038,0.195034,0.00000000,0.00000000,-0.870879,-3.441881,-1.767457,-0.807245,-3.426739,-1.779291,0.065411,0.011834
176.340000,0.019640,0.087,4.910060,0.943228,8.570453,0.030869,0.368245,0.992410,0.171738,0.00000000,0.00000000,-0.873935,-3.458523,-1.722735,-0.810216,-3.441454,-1.739396,0.065966,0.016661
176.370000,0.019470,0.035,9.644600,0.934107,8.667708,0.030734,0.371615,0.961824,0.708050,0.00000000,0.00000000,-0.876239,-3.469420,-1.694285,-0.813319,-3.455902,-1.701254,0.064357,0.006969
176.420000,0.021552,0.062,20.602663,0.934182,8.747050,0.030079,0.371370,0.992405,0.429767,0.00000000,0.00000000,-0.878522,-3.487794,-1.645076,-0.815289,-3.470645,-1.661738,0.065517,0.016661
176.465000,0.021552,0.109,9.585446,0.901920,8.850914,0.030391,0.378773,0.932266,0.203620,0.00000000,0.00000000,-0.879896,-3.505561,-1.602692,-0.816964,-3.486313,-1.624422,0.065810,0.021730
176.490000,0.019734,0.071,6.243284,0.928326,8.887970,0.030236,0.411781,0.977900,0.725670,0.00000000,0.00000000,-0.880375,-3.515457,-1.578311,-0.817890,-3.502481,-1.584732,0.063818,0.006420
176.540000,0.019907,0.023,8.685550,0.958071,8.774760,0.028547,0.381514,0.994340,0.538442,0.00000000,0.00000000,-0.880231,-3.535013,-1.528674,-0.817785,-3.517829,-1.545333,0.064767,0.016660
176.575000,0.019907,0.078,9.195834,0.916142,8.877368,0.028501,0.371722,0.985381,0.216894,0.00000000,0.00000000,-0.879311,-3.548013,-1.494229,-0.816871,-3.532734,-1.506088,0.064282,0.011859
176.625000,0.022826,0.013,9.518003,0.993174,8.874900,0.028837,0.369110,0.988727,0.078237,0.00000000,0.00000000,-0.877196,-3.566718,-1.444468,-0.815447,-3.547681,-1.466281,0.064617,0.021813
176.640000,0.022826,0.035,0.460480,0.930709,8.874105,0.028712,0.376649,1.005200,0.376984,0.00000000,0.00000000,-0.876438,-3.572290,-1.429527,-0.814614,-3.555163,-1.446187,0.064153,0.016660
176.675000,0.025428,0.023,9.885501,0.978819,8.824669,0.029030,0.376540,0.980768,0.114626,0.00000000,0.00000000,-0.874427,-3.585195,-1.395237,-0.812560,-3.569935,-1.407057,0.063721,0.011820
176.725000,0.025428,0.071,9.508503,0.936056,8.646680,0.028488,0.369931,0.978257,0.235183,0.00000000,0.00000000,-0.870996,-3.603195,-1.346008,-0.809981,-3.584484,-1.367764,0.063820,0.021755
176.745000,0.025428,0.093,0.861549,0.872838,8.546151,0.029958,0.378848,0.990413,0.445828,0.00000000,0.00000000,-0.869829,-3.610810,-1.326031,-0.809020,-3.591865,-1.347359,0.063692,0.021328
176.780000,0.024460,0.048,23.852180,0.913723,9.108408,0.029565,0.376345,0.964016,0.190001,0.00000000,0.00000000,-0.866718,-3.623292,-1.292556,-0.805745,-3.606320,-1.309217,0.063291,0.016661
176.820000,0.026063,0.026,3.446379,0.932030,9.117299,0.029576,0.373454,0.977244,0.716557,0.00000000,0.00000000,-0.862508,-3.637442,-1.253383,-0.801771,-3.620538,-1.270044,0.063045,0.016661
176.865000,0.026063,0.073,14.909654,0.955395,9.351708,0.029623,0.375259,0.991194,0.571397,0.00000000,0.00000000,-0.857136,-3.653644,-1.208603,-0.797308,-3.634943,-1.230356,0.062683,0.021753
176.900000,0.023998,0.007,0.307505,0.948632,9.346683,0.029657,0.391509,0.995939,0.503644,0.00000000,0.00000000,-0.852496,-3.665868,-1.174259,-0.792234,-3.649127,-1.190921,0.062544,0.016661
176.920000,0.023998,0.028,14.469843,0.930217,9.457235,0.029614,0.375113,1.007052,0.819752,0.00000000,0.00000000,-0.850192,-3.673003,-1.153763,-0.790050,-3.656300,-1.170423,0.062419,0.016660
176.955000,0.023998,0.122,8.808425,0.930799,9.540299,0.029628,0.365058,0.970510,0.499442,0.00000000,0.00000000,-0.845264,-3.684740,-1.119670,-0.784664,-3.669783,-1.131539,0.062419,0.011869
177.000000,0.023998,0.170,2.512442,0.919212,9.576454,0.028978,0.358355,0.960821,0.391049,0.00000000,0.00000000,-0.838130,-3.699612,-1.075975,-0.778432,-3.683106,-1.092636,0.061938,0.016661
177.040000,0.026274,0.046,0.780746,0.933582,9.568219,0.024448,0.370003,0.971159,0.219236,0.00000000,0.00000000,-0.831114,-3.712864,-1.036928,-0.771638,-3.696473,-1.053590,0.061693,0.016662
177.085000,0.026883,0.017,2.877775,0.938383,9.577514,0.024311,0.376296,0.974993,0.314661,0.00000000,0.00000000,-0.822596,-3.727367,-0.993562,-0.764291,-3.709478,-1.014934,0.060987,0.021372
177.115000,0.026883,0.066,9.534495,0.944481,9.598675,0.023983,0.412773,0.993642,0.526373,0.00000000,0.00000000,-0.815905,-3.737582,-0.963710,-0.755759,-3.723188,-0.975442,0.061845,0.011732
177.165000,0.025468,0.024,12.786785,0.935173,9.627036,0.023813,0.380420,0.980669,1.617668,0.00000000,0.00000000,-0.804568,-3.753280,-0.914327,-0.746915,-3.735696,-0.935989,0.060275,0.021662
177.185000,0.025468,0.046,9.665880,0.971025,9.733345,0.024112,0.383083,0.998940,0.133142,0.00000000,0.00000000,-0.799884,-3.759550,-0.894358,-0.742329,-3.742202,-0.915939,0.060113,0.021581
177.220000,0.024472,0.043,6.397801,0.965252,9.102658,0.024331,0.372259,0.992562,0.546536,0.00000000,0.00000000,-0.791429,-3.769655,-0.859820,-0.732904,-3.753917,-0.876480,0.060603,0.016660
177.255000,0.024472,0.096,1.594745,0.939042,9.107204,0.024306,0.368022,0.976474,0.424033,0.00000000,0.00000000,-0.782909,-3.779390,-0.825650,-0.723310,-3.765189,-0.837435,0.061268,0.011785
177.285000,0.024472,0.135,5.295666,1.032552,9.115402,0.027472,0.387972,0.989617,0.997492,0.00000000,0.00000000,-0.775259,-3.787856,-0.795517,-0.718361,-3.771053,-0.817350,0.059327,0.021833
177.325000,0.025497,0.043,1.141802,0.960852,9.010450,0.027629,0.380640,0.982264,0.532245,0.00000000,0.00000000,-0.764866,-3.797990,-0.757130,-0.708133,-3.781461,-0.778400,0.059093,0.021270
177.350000,0.020862,0.053,4.113754,0.923754,9.023699,0.027616,0.390046,0.955885,1.065133,0.00000000,0.00000000,-0.757874,-3.804587,-0.733275,-0.696949,-3.792362,-0.740212,0.062140,0.006937
177.405000,0.023178,0.007,31.901834,0.932754,10.031334,0.027626,0.401944,0.985193,0.172414,0.00000000,0.00000000,-0.741169,-3.818780,-0.679393,-0.685016,-3.802599,-0.701217,0.058438,0.021825
177.435000,0.023178,0.097,9.122874,0.944164,10.124874,0.027492,0.386048,0.960646,0.121829,0.00000000,0.00000000,-0.731937,-3.826051,-0.650981,-0.672874,-3.812377,-0.662801,0.060624,0.011820
177.480000,0.021730,0.058,8.606143,0.964076,10.087956,0.027694,0.377199,0.990482,0.332536,0.00000000,0.00000000,-0.718092,-3.836186,-0.606362,-0.660687,-3.821660,-0.623022,0.059215,0.016660
177.500000,0.021730,0.080,36.871993,0.933963,10.736601,0.027696,0.394578,1.000024,0.868955,0.00000000,0.00000000,-0.711443,-3.840811,-0.585904,-0.654115,-3.826396,-0.602565,0.059112,0.016660
177.535000,0.021378,0.050,0.878746,0.939970,10.732343,0.027076,0.377439,0.994080,0.950178,0.00000000,0.00000000,-0.700581,-3.848436,-0.551622,-0.641814,-3.835298,-0.563374,0.060218,0.011752
177.580000,0.021378,0.104,4.288423,0.935758,10.650564,0.027085,0.387639,0.990437,0.647372,0.00000000,0.00000000,-0.686002,-3.857220,-0.507299,-0.628951,-3.843227,-0.523959,0.058742,0.016660
177.595000,0.021378,0.122,9.131649,0.953633,10.755051,0.027124,0.387639,0.990437,0.647372,0.00000000,0.00000000,-0.681070,-3.860115,-0.492276,-0.622426,-3.847197,-0.503912,0.060050,0.011635
177.630000,0.022964,0.041,3.323963,0.912401,10.751653,0.027378,0.368980,0.994222,0.689296,0.00000000,0.00000000,-0.669642,-3.866343,-0.457934,-0.609782,-3.854522,-0.464897,0.061016,0.006963
177.680000,0.022698,0.032,6.460044,0.950152,10.695194,0.026591,0.363854,0.986634,0.093581,0.00000000,0.00000000,-0.653936,-3.874754,-0.408805,-0.597182,-3.861292,-0.425465,0.058329,0.016660
177.720000,0.024527,0.003,9.482174,0.978641,10.693362,0.026563,0.398392,0.974664,0.989197,0.00000000,0.00000000,-0.639739,-3.881246,-0.369707,-0.583095,-3.868020,-0.386368,0.058168,0.016660
177.735000,0.024527,0.043,9.482174,0.978641,10.693362,0.026563,0.398392,0.974664,0.989197,0.00000000,0.00000000,-0.634063,-3.883353,-0.354709,-0.575597,-3.870915,-0.366323,0.059774,0.011614
177.780000,0.024527,0.093,9.505890,0.884782,10.767983,0.027747,0.372056,0.966814,0.787267,0.00000000,0.00000000,-0.618381,-3.889112,-0.311345,-0.561871,-3.876241,-0.328005,0.057957,0.016661
177.810000,0.025111,0.031,1.810192,0.917713,10.764636,0.027770,0.358588,0.923798,0.055917,0.00000000,0.00000000,-0.608208,-3.892095,-0.283539,-0.548139,-3.880126,-0.291055,0.061250,0.007515
177.860000,0.022761,0.007,1.562864,0.914722,10.930029,0.027574,0.369778,0.973094,0.089134,0.00000000,0.00000000,-0.590206,-3.895910,-0.234791,-0.533813,-3.883506,-0.251451,0.057741,0.016660
177.900000,0.022761,0.067,1.703060,0.988452,10.889582,0.028308,0.380880,0.977322,0.493063,0.00000000,0.00000000,-0.575027,-3.898897,-0.196336,-0.518687,-3.886746,-0.212997,0.057636,0.016661
177.945000,0.021964,0.064,8.828610,0.910155,10.887967,0.028645,0.366275,0.962312,0.641861,0.00000000,0.00000000,-0.558702,-3.901794,-0.152723,-0.504264,-3.889568,-0.174231,0.055794,0.021508
177.985000,0.022898,0.005,13.888324,0.945010,11.035971,0.027875,0.375296,0.983605,0.807299,0.00000000,0.00000000,-0.544286,-3.903897,-0.113335,-0.489922,-3.892001,-0.134765,0.055651,0.021430
178.010000,0.022898,0.083,5.270707,0.983439,10.964242,0.028539,0.377246,0.976655,0.340945,0.00000000,0.00000000,-0.534795,-3.904764,-0.088877,-0.474774,-3.893800,-0.095552,0.061015,0.006675
178.045000,0.022898,0.114,5.270707,0.983439,10.964242,0.028539,0.379634,0.995317,0.075332,0.00000000,0.00000000,-0.521572,-3.906456,-0.053523,-0.467249,-3.894855,-0.075174,0.055548,0.021651
178.075000,0.021427,0.040,0.497643,0.868009,10.611580,0.030388,0.374492,0.965627,0.257077,0.00000000,0.00000000,-0.510519,-3.907140,-0.024750,-0.452439,-3.896253,-0.036785,0.059092,0.012035
178.110000,0.021427,0.081,4.568430,0.965440,10.536106,0.030028,0.384181,0.987469,0.070977,0.00000000,0.00000000,-0.496685,-3.907340,0.009717,-0.436698,-3.896376,0.002928,0.060981,0.006788
178.160000,0.021492,0.070,2.932087,0.914822,10.955413,0.029826,0.365925,0.984686,0.938304,0.00000000,0.00000000,-0.478132,-3.906816,0.058980,-0.421937,-3.896278,0.042320,0.057175,0.016660
178.190000,0.018222,0.034,9.712466,0.972247,10.975170,0.030046,0.368485,0.983735,0.496145,0.00000000,0.00000000,-0.467080,-3.906000,0.088415,-0.406919,-3.895711,0.081932,0.061034,0.006483
178.240000,0.018222,0.087,18.008744,0.917658,11.112897,0.030021,0.369569,0.972668,0.616406,0.00000000,0.00000000,-0.448158,-3.904122,0.137730,-0.391922,-3.894084,0.121071,0.057125,0.016659
178.275000,0.016862,0.031,2.842087,0.937105,11.014787,0.029124,0.379931,0.981604,0.518112,0.00000000,0.00000000,-0.435047,-3.902289,0.172177,-0.376904,-3.892206,0.160300,0.059011,0.011877
178.315000,0.017186,0.028,9.341716,0.891275,11.124362,0.029913,0.369478,0.956344,0.347202,0.00000000,0.00000000,-0.420540,-3.899902,0.209574,-0.362249,-3.890086,0.197966,0.059112,0.011608
178.360000,0.017186,0.102,17.960409,0.972098,11.218385,0.029926,0.372788,0.972454,0.157971,0.00000000,0.00000000,-0.403844,-3.897047,0.253611,-0.347497,-3.887748,0.236952,0.057110,0.016659
178.375000,0.017771,0.002,17.960409,0.972098,11.218385,0.029926,0.361878,0.997007,0.545521,0.00000000,0.00000000,-0.398645,-3.896064,0.268725,-0.340386,-3.886591,0.257336,0.059025,0.011389
178.425000,0.017771,0.041,9.463846,0.937359,11.332054,0.028327,0.381908,0.988499,0.251127,0.00000000,0.00000000,-0.380510,-3.890072,0.318085,-0.325768,-3.881833,0.296402,0.055359,0.021682
178.455000,0.016657,0.064,6.807328,0.913945,11.786436,0.028323,0.386482,0.966710,0.113002,0.00000000,0.00000000,-0.369547,-3.886642,0.347144,-0.311319,-3.877353,0.335190,0.058965,0.011954
178.500000,0.016657,0.117,8.584102,0.958981,11.754962,0.028362,0.369990,0.957313,0.839848,0.00000000,0.00000000,-0.354184,-3.880678,0.390504,-0.297570,-3.872209,0.373843,0.057244,0.016661
178.530000,0.014715,0.037,9.660090,0.906181,11.868312,0.028781,0.369224,0.982221,0.222038,0.00000000,0.00000000,-0.344045,-3.876222,0.419915,-0.283946,-3.866259,0.412840,0.060920,0.007075
178.580000,0.015172,0.002,9.522557,0.952291,11.836996,0.028780,0.373187,0.966416,0.533275,0.00000000,0.00000000,-0.327315,-3.867828,0.468181,-0.270491,-3.859808,0.451519,0.057387,0.016662
178.620000,0.015172,0.063,2.437049,0.950090,11.770026,0.029154,0.369108,0.980707,0.165353,0.00000000,0.00000000,-0.314206,-3.860771,0.507221,-0.257266,-3.852971,0.490559,0.057471,0.016661
178.655000,0.015805,0.065,9.482303,0.970843,11.867632,0.029263,0.384449,0.995186,0.308186,0.00000000,0.00000000,-0.302573,-3.854218,0.542577,-0.243779,-3.845447,0.530890,0.059445,0.011687
178.690000,0.015805,0.104,4.385406,0.982464,11.890396,0.029762,0.407885,0.980917,0.163636,0.00000000,0.00000000,-0.290537,-3.846421,0.576512,-0.230026,-3.836996,0.569978,0.061241,0.006534
178.735000,0.018178,0.073,1.057606,0.983084,11.876612,0.030264,0.391631,1.006443,0.155029,0.00000000,0.00000000,-0.276115,-3.836673,0.621595,-0.217255,-3.828457,0.609871,0.059431,0.011724
178.785000,0.015369,0.024,16.038302,0.931647,11.869649,0.032068,0.370321,0.963671,0.708297,0.00000000,0.00000000,-0.261068,-3.826028,0.669725,-0.204955,-3.820194,0.648352,0.056415,0.021374
178.820000,0.015369,0.086,9.002455,0.974946,11.857643,0.032142,0.364255,0.973259,0.116388,0.00000000,0.00000000,-0.251258,-3.817702,0.703978,-0.193610,-3.810956,0.687317,0.058042,0.016661
178.840000,0.017143,0.003,9.002455,0.974946,11.857643,0.032142,0.374677,0.985956,0.521114,0.00000000,0.00000000,-0.245604,-3.812560,0.724235,-0.187870,-3.805909,0.707574,0.058115,0.016661
178.870000,0.017143,0.065,4.279854,0.967083,11.802999,0.032193,0.374245,0.992197,0.466600,0.00000000,0.00000000,-0.237117,-3.804990,0.753882,-0.176594,-3.795986,0.747262,0.061189,0.006620
178.890000,0.017143,0.091,4.279854,0.967083,11.802999,0.032193,0.375701,0.995668,0.072797,0.00000000,0.00000000,-0.231869,-3.799878,0.774005,-0.171235,-3.790989,0.767345,0.061282,0.006660
178.935000,0.019251,0.047,11.573082,0.970943,11.840155,0.029824,0.376416,1.007084,0.168119,0.00000000,0.00000000,-0.219706,-3.788422,0.818721,-0.160156,-3.780876,0.807170,0.060026,0.011551
178.970000,0.019251,0.091,9.443386,0.992858,12.043703,0.030455,0.373375,0.949807,0.099302,0.00000000,0.00000000,-0.210757,-3.779379,0.852198,-0.150116,-3.770487,0.844752,0.061289,0.007446
179.000000,0.019966,0.050,9.443386,0.992858,12.043703,0.030455,0.358179,0.956496,0.759800,0.00000000,0.00000000,-0.203615,-3.771245,0.881627,-0.145199,-3.765300,0.864967,0.058718,0.016660
179.035000,0.024925,0.007,5.767528,0.945260,11.991244,0.030440,0.382440,0.987291,0.290363,0.00000000,0.00000000,-0.195102,-3.760562,0.915925,-0.135396,-3.753257,0.904162,0.060151,0.011763
179.065000,0.024925,0.044,9.574474,1.008193,11.282300,0.031764,0.374919,0.986133,0.376094,0.00000000,0.00000000,-0.188651,-3.752008,0.946217,-0.130984,-3.747601,0.924459,0.057835,0.021757
179.100000,0.021848,0.001,9.742256,0.918084,11.293527,0.031970,0.362736,0.990914,0.345649,0.00000000,0.00000000,-0.181404,-3.741292,0.980373,-0.122492,-3.735721,0.963713,0.059175,0.016660
179.130000,0.021848,0.061,0.115290,0.884838,11.238698,0.032857,0.371816,0.973054,0.130525,0.00000000,0.00000000,-0.175241,-3.731967,1.009551,-0.114176,-3.723420,1.002622,0.061661,0.006928
179.180000,0.023582,0.012,8.714346,0.931724,10.055848,0.032868,0.371437,0.989209,0.080159,0.00000000,0.00000000,-0.165480,-3.715694,1.058772,-0.106144,-3.710391,1.042109,0.059572,0.016663
179.220000,0.023582,0.071,23.148458,0.933366,10.564936,0.032879,0.374851,0.993169,0.320461,0.00000000,0.00000000,-0.157972,-3.702463,1.098652,-0.098417,-3.697287,1.081991,0.059780,0.016661
179.255000,0.020870,0.044,17.721298,0.917291,10.768080,0.033010,0.374099,0.983084,0.738617,0.00000000,0.00000000,-0.151964,-3.690925,1.133200,-0.091386,-3.684257,1.121316,0.060944,0.011884
179.305000,0.020910,0.006,11.233823,0.845245,10.856422,0.035427,0.309356,0.904695,1.772309,0.00000000,0.00000000,-0.144834,-3.675388,1.179678,-0.085581,-3.671741,1.158820,0.059365,0.020858
179.330000,0.020910,0.066,5.130398,0.723714,10.938452,0.047895,0.194751,0.797236,3.501144,0.00000000,0.00000000,-0.141319,-3.670034,1.201337,-0.080189,-3.663453,1.192500,0.061483,0.008837
179.380000,0.021156,0.014,17.342211,0.553703,11.085257,0.071090,0.121121,0.710379,3.681474,0.00000000,0.00000000,-0.137987,-3.664576,1.236791,-0.077803,-3.659738,1.220131,0.060378,0.016660
179.425000,0.021156,0.081,3.978225,0.452526,10.985461,0.096948,0.012630,0.577764,2.134840,0.00000000,0.00000000,-0.137682,-3.664373,1.261975,-0.077461,-3.659546,1.242759,0.060414,0.019216
179.480000,0.019540,0.001,4.415100,0.281823,10.844805,0.150380,0.013495,0.395835,0.103965,0.00000000,0.00000000,-0.138172,-3.663380,1.284187,-0.077968,-3.658539,1.267525,0.060398,0.016662
179.945000,0.022119,0.092,0.036119,-0.224512,9.547215,0.468547,0.009116,-0.156698,0.006048,0.00000000,0.00000000,-0.133221,-3.659271,1.262277,-0.072923,-3.654557,1.246530,0.060482,0.015747
180.035000,0.021875,0.023,2.773486,-0.272022,9.044580,0.499777,0.001925,-0.212119,0.370735,0.00000000,0.00000000,-0.133461,-3.658900,1.244230,-0.073184,-3.654141,1.226494,0.060464,0.017735
180.140000,0.023431,0.071,6.014842,-0.321606,7.588814,0.525972,0.007752,-0.263098,0.155106,0.00000000,0.00000000,-0.133089,-3.658796,1.217832,-0.072810,-3.654041,1.201173,0.060467,0.016659
180.210000,0.019042,0.007,5.803604,-0.319400,7.384668,0.537513,-0.014682,-0.297782,0.742066,0.00000000,0.00000000,-0.133364,-3.658992,1.197927,-0.073212,-3.654304,1.178161,0.060334,0.019767
180.290000,0.021003,0.007,4.892777,-0.390990,7.359988,0.546077,-0.004374,-0.346100,0.026312,0.00000000,0.00000000,-0.133549,-3.659019,1.171846,-0.073239,-3.654204,1.151713,0.060501,0.020133
180.355000,0.021003,0.093,5.182074,-0.412181,7.253798,0.548715,-0.005154,-0.360353,0.296399,0.00000000,0.00000000,-0.133613,-3.659159,1.148782,-0.073337,-3.654414,1.130274,0.060463,0.018509
180.420000,0.020782,0.048,0.989489,-0.396953,7.237191,0.549482,-0.000778,-0.379229,0.263163,0.00000000,0.00000000,-0.133703,-3.659360,1.124596,-0.073433,-3.654595,1.107936,0.060458,0.016659
180.475000,0.019234,0.030,3.969504,-0.339974,6.805922,0.542474,0.018022,-0.361489,0.755759,0.00000000,0.00000000,-0.132789,-3.658902,1.104017,-0.072344,-3.654127,1.085855,0.060634,0.018162
180.535000,0.020533,0.080,5.241445,-0.399962,6.864663,0.530888,-0.005087,-0.351036,0.060694,0.00000000,0.00000000,-0.132850,-3.658932,1.082406,-0.072612,-3.654183,1.063862,0.060425,0.018544
180.605000,0.021251,0.001,2.390316,-0.410154,6.548694,0.513087,-0.003629,-0.355331,0.252553,0.00000000,0.00000000,-0.133075,-3.659104,1.057221,-0.072820,-3.654254,1.042403,0.060449,0.014817
180.650000,0.021251,0.086,3.352589,-0.425749,6.397483,0.500936,-0.004704,-0.377924,0.011108,0.00000000,0.00000000,-0.133091,-3.659395,1.040355,-0.072845,-3.654662,1.019707,0.060431,0.020648
180.715000,0.020530,0.077,0.160125,-0.441255,6.204752,0.472020,-0.026192,-0.408719,0.523343,0.00000000,0.00000000,-0.133082,-3.660176,1.014049,-0.072840,-3.655433,0.995306,0.060428,0.018743
180.780000,0.019723,0.048,1.974684,-0.458019,6.029989,0.443019,0.000561,-0.459383,0.172839,0.00000000,0.00000000,-0.133011,-3.660374,0.984893,-0.072758,-3.655619,0.968231,0.060440,0.016662
180.835000,0.021541,0.053,5.660281,-0.499185,5.842258,0.401349,0.011727,-0.473891,0.250330,0.00000000,0.00000000,-0.133127,-3.659357,0.959520,-0.072874,-3.654579,0.940506,0.060443,0.019014
180.890000,0.018800,0.010,1.753060,-0.520941,4.588967,0.347712,-0.006036,-0.503078,0.516156,0.00000000,0.00000000,-0.133197,-3.659390,0.932493,-0.072950,-3.654625,0.910912,0.060436,0.021581
180.955000,0.020799,0.004,0.998058,-0.524975,4.353595,0.319021,0.014511,-0.482625,1.245379,0.00000000,0.00000000,-0.132199,-3.660250,0.900729,-0.071699,-3.655359,0.882015,0.060697,0.018714
181.000000,0.020799,0.084,2.273014,-0.560695,4.107078,0.254911,0.007511,-0.482051,0.012038,0.00000000,0.00000000,-0.131893,-3.660420,0.878468,-0.071641,-3.655685,0.861806,0.060438,0.016662
181.065000,0.021239,0.069,1.701035,-0.511225,3.363899,0.207621,0.006650,-0.502410,0.124046,0.00000000,0.00000000,-0.132106,-3.659202,0.846141,-0.071822,-3.654521,0.831937,0.060465,0.014204
181.125000,0.023422,0.081,1.275338,-0.579330,3.360267,0.187953,-0.002757,-0.508228,0.398181,0.00000000,0.00000000,-0.131997,-3.659504,0.815417,-0.071773,-3.654612,0.801490,0.060422,0.013927
181.155000,0.021571,0.009,3.062237,-0.612032,3.372891,0.163590,-0.006748,-0.576094,0.100098,0.00000000,0.00000000,-0.131947,-3.660284,0.797353,-0.071609,-3.655547,0.777797,0.060524,0.019555
181.200000,0.021571,0.056,2.847298,-0.674556,3.369559,0.158641,0.013558,-0.589404,0.752359,0.00000000,0.00000000,-0.131382,-3.660485,0.770511,-0.071131,-3.655758,0.753851,0.060436,0.016661
181.235000,0.021825,0.069,1.808610,-0.716544,3.381964,0.159026,0.005623,-0.653761,0.114514,0.00000000,0.00000000,-0.131258,-3.659996,0.747515,-0.071001,-3.655255,0.727443,0.060444,0.020072
181.275000,0.021825,0.121,7.897049,-0.806979,3.548249,0.163417,0.001438,-0.730261,0.242995,0.00000000,0.00000000,-0.131394,-3.660040,0.718485,-0.071138,-3.655303,0.697926,0.060442,0.020559
181.310000,0.020766,0.051,11.879536,-0.971435,3.844977,0.180827,-0.001121,-0.795767,0.010307,0.00000000,0.00000000,-0.131437,-3.660198,0.690650,-0.070906,-3.655299,0.665898,0.060729,0.024752
181.365000,0.020766,0.091,11.823392,-0.932081,4.149125,0.189683,0.008500,-0.885159,0.192562,0.00000000,0.00000000,-0.130470,-3.660377,0.642381,-0.070230,-3.655846,0.630022,0.060409,0.012359
181.395000,0.018399,0.002,1.465590,-1.006951,4.147507,0.200127,-0.011519,-0.955084,0.704610,0.00000000,0.00000000,-0.130629,-3.660388,0.614406,-0.070442,-3.655880,0.592903,0.060356,0.021502
181.440000,0.018399,0.077,12.401176,-0.924099,4.443413,0.205916,-0.001736,-0.945888,0.489161,0.00000000,0.00000000,-0.130391,-3.661068,0.572081,-0.070150,-3.656358,0.555420,0.060425,0.016661
181.455000,0.018399,0.098,20.448749,-1.109971,5.194048,0.219779,0.012620,-0.960056,0.717797,0.00000000,0.00000000,-0.130165,-3.661163,0.557064,-0.069769,-3.656464,0.535123,0.060578,0.021942
181.485000,0.018399,0.118,20.448749,-1.109971,5.194048,0.219779,0.022985,-0.995083,0.518247,0.00000000,0.00000000,-0.129628,-3.660335,0.525232,-0.069401,-3.655839,0.513937,0.060395,0.011294
181.505000,0.018974,0.021,9.593120,-1.129172,5.420851,0.233241,0.023185,-1.070700,0.009989,0.00000000,0.00000000,-0.129515,-3.659992,0.503525,-0.069303,-3.655367,0.492358,0.060390,0.011167
181.510000,0.018974,0.041,9.641843,-1.173622,5.633615,0.246926,0.005337,-1.089187,0.892380,0.00000000,0.00000000,-0.129636,-3.660139,0.497696,-0.069507,-3.655724,0.469918,0.060291,0.027778
181.545000,0.018974,0.067,9.641843,-1.173622,5.633615,0.246926,0.009790,-1.101678,0.222652,0.00000000,0.00000000,-0.129393,-3.660291,0.458966,-0.069082,-3.655342,0.447831,0.060515,0.011135
181.560000,0.016254,0.003,5.494907,-1.158255,5.708843,0.257396,-0.000185,-1.114206,0.498755,0.00000000,0.00000000,-0.129391,-3.660712,0.441996,-0.069145,-3.656018,0.425336,0.060429,0.016660
181.575000,0.016254,0.054,5.494907,-1.158255,5.708843,0.257396,-0.003256,-1.130683,0.153546,0.00000000,0.00000000,-0.129432,-3.660606,0.425017,-0.069236,-3.655906,0.402664,0.060379,0.022353
181.605000,0.016254,0.081,5.540727,-1.229824,5.740087,0.270167,0.001167,-1.148979,0.221155,0.00000000,0.00000000,-0.129634,-3.660292,0.390040,-0.069242,-3.655609,0.379509,0.060574,0.010531
181.620000,0.016573,0.024,10.116831,-1.266173,5.869765,0.282740,-0.005164,-1.174277,0.316593,0.00000000,0.00000000,-0.129809,-3.660057,0.371970,-0.069551,-3.655357,0.355311,0.060441,0.016659
181.635000,0.016573,0.056,10.116831,-1.266173,5.869765,0.282740,0.004086,-1.239614,0.462534,0.00000000,0.00000000,-0.129440,-3.659694,0.352727,-0.069109,-3.655004,0.329930,0.060513,0.022797
181.665000,0.016573,0.085,6.781483,-1.261827,5.912378,0.293632,-0.004420,-1.245547,0.610671,0.00000000,0.00000000,-0.129222,-3.659272,0.315757,-0.069004,-3.654662,0.305275,0.060395,0.010482
181.680000,0.016618,0.012,9.652757,-1.261920,6.113543,0.303343,0.001237,-1.248869,0.282888,0.00000000,0.00000000,-0.129427,-3.659426,0.296580,-0.069158,-3.654732,0.279921,0.060451,0.016659
181.695000,0.016618,0.036,9.652757,-1.261920,6.113543,0.303343,0.001237,-1.248869,0.282888,0.00000000,0.00000000,-0.129366,-3.659644,0.277948,-0.069052,-3.654984,0.255168,0.060494,0.022779
181.725000,0.016618,0.052,9.652757,-1.261920,6.113543,0.303343,0.001640,-1.241020,0.020110,0.00000000,0.00000000,-0.129102,-3.659766,0.241106,-0.068858,-3.655153,0.230517,0.060420,0.010588
181.745000,0.016618,0.076,1.179941,-1.268309,6.119415,0.312296,0.007832,-1.227570,0.309596,0.00000000,0.00000000,-0.128950,-3.659723,0.216607,-0.068713,-3.655016,0.206073,0.060420,0.010535
181.760000,0.015357,0.019,5.237002,-1.326246,6.169242,0.322865,0.003614,-1.235728,0.210873,0.00000000,0.00000000,-0.128931,-3.659962,0.197892,-0.068671,-3.655276,0.181235,0.060441,0.016658
181.785000,0.015357,0.042,5.237002,-1.326246,6.169242,0.322865,0.017946,-1.249150,0.716615,0.00000000,0.00000000,-0.128601,-3.659368,0.165887,-0.068475,-3.654908,0.155648,0.060291,0.010239
181.800000,0.015357,0.082,21.295108,-1.298382,6.701844,0.330660,0.019989,-1.255254,0.154471,0.00000000,0.00000000,-0.128213,-3.659135,0.146528,-0.067940,-3.654461,0.129867,0.060454,0.016661
181.815000,0.019049,0.003,9.631215,-1.310471,6.877985,0.337671,0.019989,-1.255254,0.154471,0.00000000,0.00000000,-0.128041,-3.659191,0.128224,-0.067664,-3.654433,0.105562,0.060564,0.022662
181.830000,0.019049,0.034,9.631215,-1.310471,6.877985,0.337671,0.013612,-1.229406,0.300122,0.00000000,0.00000000,-0.128155,-3.659233,0.109721,-0.067723,-3.654552,0.080790,0.060613,0.028932
181.865000,0.019049,0.064,1.654738,-1.284221,6.863042,0.342387,0.025156,-1.243220,0.577185,0.00000000,0.00000000,-0.127582,-3.659278,0.066389,-0.067545,-3.654693,0.055989,0.060212,0.010401
181.880000,0.019049,0.084,1.654738,-1.284221,6.863042,0.342387,0.025156,-1.243220,0.577185,0.00000000,0.00000000,-0.126864,-3.659163,0.047457,-0.066592,-3.654511,0.030795,0.060452,0.016662
181.900000,0.017868,0.020,9.737646,-1.251566,7.029263,0.345082,0.024846,-1.249489,0.015491,0.00000000,0.00000000,-0.126609,-3.658946,0.022807,-0.066333,-3.654299,0.006147,0.060455,0.016660
181.920000,0.017868,0.049,3.238813,-1.279336,7.015383,0.349144,0.010449,-1.249985,0.719858,0.00000000,0.00000000,-0.126685,-3.658822,-0.002101,-0.066407,-3.654174,-0.018759,0.060457,0.016659
181.945000,0.017868,0.068,3.238813,-1.279336,7.015383,0.349144,-0.000438,-1.243009,0.544351,0.00000000,0.00000000,-0.126575,-3.658975,-0.033467,-0.066449,-3.654322,-0.043796,0.060305,0.010329
181.965000,0.017083,0.012,1.190949,-1.334775,6.988415,0.353112,0.015926,-1.248635,0.818208,0.00000000,0.00000000,-0.126130,-3.659180,-0.058903,-0.065846,-3.654351,-0.069127,0.060477,0.010224
181.975000,0.017083,0.039,9.632143,-1.279306,7.096507,0.355696,0.012302,-1.263953,0.181181,0.00000000,0.00000000,-0.126000,-3.659356,-0.071386,-0.065537,-3.654606,-0.094005,0.060649,0.022620
181.995000,0.017083,0.062,9.632143,-1.279306,7.096507,0.355696,0.018416,-1.238657,0.305674,0.00000000,0.00000000,-0.125784,-3.659335,-0.096158,-0.065488,-3.654781,-0.118867,0.060468,0.022709
182.010000,0.015257,0.013,9.426141,-1.357835,7.244886,0.359727,0.005878,-1.243672,0.626862,0.00000000,0.00000000,-0.125866,-3.659558,-0.114700,-0.065562,-3.654814,-0.144162,0.060490,0.029462
182.035000,0.015257,0.070,9.426141,-1.357835,7.244886,0.359727,0.011774,-1.278129,0.294785,0.00000000,0.00000000,-0.125636,-3.659143,-0.147296,-0.065258,-3.654429,-0.170453,0.060561,0.023157
182.065000,0.015257,0.105,2.914691,-1.222257,7.245515,0.358852,0.003536,-1.285077,0.411879,0.00000000,0.00000000,-0.125399,-3.659172,-0.184761,-0.065157,-3.654397,-0.195455,0.060431,0.010694
182.080000,0.014425,0.008,9.559963,-1.239378,7.371936,0.358075,0.009026,-1.205253,0.339807,0.00000000,0.00000000,-0.125183,-3.659467,-0.202610,-0.064916,-3.654843,-0.219269,0.060444,0.016659
182.095000,0.014425,0.026,9.559963,-1.239378,7.371936,0.358075,0.009026,-1.205253,0.339807,0.00000000,0.00000000,-0.124973,-3.659972,-0.220534,-0.064636,-3.655573,-0.243118,0.060497,0.022584
182.115000,0.014425,0.047,2.230561,-1.337079,7.360327,0.356691,0.024731,-1.220278,0.785241,0.00000000,0.00000000,-0.124411,-3.660412,-0.244966,-0.064032,-3.655866,-0.267997,0.060551,0.023030
182.145000,0.014425,0.075,2.230561,-1.337079,7.360327,0.356691,0.025625,-1.250616,0.044709,0.00000000,0.00000000,-0.124019,-3.660714,-0.283062,-0.063882,-3.656227,-0.293575,0.060303,0.010513
182.160000,0.014788,0.040,0.034951,-1.233947,7.333993,0.353441,0.016868,-1.251479,0.437846,0.00000000,0.00000000,-0.124000,-3.660797,-0.301276,-0.063755,-3.656193,-0.317935,0.060420,0.016659
182.170000,0.014788,0.063,4.494621,-1.258007,7.322987,0.350039,0.005844,-1.240809,0.551216,0.00000000,0.00000000,-0.123938,-3.660705,-0.313838,-0.063791,-3.656102,-0.342801,0.060322,0.028963
182.205000,0.014788,0.095,4.494621,-1.258007,7.322987,0.350039,0.008000,-1.235536,0.244813,0.00000000,0.00000000,-0.123321,-3.660724,-0.357230,-0.063092,-3.656071,-0.367690,0.060409,0.010460
182.220000,0.014788,0.106,4.501050,-1.297252,7.329329,0.346051,0.008000,-1.235536,0.244813,0.00000000,0.00000000,-0.123278,-3.660810,-0.375675,-0.063034,-3.656218,-0.392335,0.060419,0.016660
182.235000,0.016535,0.035,4.501050,-1.297252,7.329329,0.346051,0.002449,-1.235256,0.277591,0.00000000,0.00000000,-0.123662,-3.660865,-0.394214,-0.063539,-3.656163,-0.417184,0.060307,0.022970
182.265000,0.016535,0.066,1.706713,-1.304527,7.331224,0.342039,-0.017906,-1.243533,1.017724,0.00000000,0.00000000,-0.124289,-3.660986,-0.431614,-0.063942,-3.656239,-0.442290,0.060533,0.010676
182.280000,0.018612,0.006,3.589546,-1.343721,7.341054,0.338375,-0.003794,-1.253199,0.705587,0.00000000,0.00000000,-0.123928,-3.661003,-0.450281,-0.063687,-3.656400,-0.466941,0.060417,0.016660
182.300000,0.018612,0.057,3.589546,-1.343721,7.341054,0.338375,0.011391,-1.247743,0.759245,0.00000000,0.00000000,-0.123469,-3.661138,-0.475589,-0.063230,-3.656543,-0.492249,0.060414,0.016660
182.315000,0.018612,0.088,9.633723,-1.243027,7.400327,0.331428,0.018718,-1.237294,0.366389,0.00000000,0.00000000,-0.123396,-3.661034,-0.493949,-0.063165,-3.656352,-0.516644,0.060413,0.022694
182.340000,0.018612,0.109,9.633723,-1.243027,7.400327,0.331428,0.003818,-1.226290,0.745037,0.00000000,0.00000000,-0.123096,-3.661057,-0.523958,-0.062856,-3.656468,-0.540618,0.060415,0.016660
182.360000,0.019246,0.034,3.918282,-1.227135,7.420660,0.324139,0.012200,-1.194915,0.419111,0.00000000,0.00000000,-0.122875,-3.661281,-0.547888,-0.062639,-3.656695,-0.564548,0.060411,0.016660
182.380000,0.019246,0.053,3.918282,-1.227135,7.420660,0.324139,0.031165,-1.224820,0.948255,0.00000000,0.00000000,-0.122216,-3.661369,-0.572861,-0.061981,-3.656795,-0.589521,0.060408,0.016660
182.400000,0.019246,0.085,3.485469,-1.257780,7.408341,0.318827,0.013187,-1.236923,0.898891,0.00000000,0.00000000,-0.122405,-3.661299,-0.597445,-0.062169,-3.656722,-0.614105,0.060410,0.016660
182.415000,0.021007,0.036,0.149459,-1.302041,7.403495,0.311471,-0.000764,-1.226537,0.697576,0.00000000,0.00000000,-0.122414,-3.661360,-0.615922,-0.062103,-3.656881,-0.638598,0.060477,0.022675
182.430000,0.021007,0.055,0.149459,-1.302041,7.403495,0.311471,0.002741,-1.258149,0.175273,0.00000000,0.00000000,-0.122310,-3.661410,-0.634819,-0.061804,-3.656780,-0.664454,0.060683,0.029635
182.450000,0.021007,0.080,9.541350,-1.337089,7.518558,0.305489,0.008825,-1.285929,0.304215,0.00000000,0.00000000,-0.121769,-3.661295,-0.660769,-0.061264,-3.656679,-0.690405,0.060682,0.029636
182.485000,0.021944,0.007,7.628862,-1.257514,7.541506,0.296847,0.007615,-1.260177,0.060511,0.00000000,0.00000000,-0.121399,-3.661148,-0.704070,-0.061216,-3.656624,-0.714513,0.060353,0.010443
182.500000,0.021944,0.053,7.628862,-1.257514,7.541506,0.296847,0.013793,-1.230570,0.308867,0.00000000,0.00000000,-0.121344,-3.660861,-0.722294,-0.061101,-3.656301,-0.738955,0.060416,0.016660
182.520000,0.021944,0.081,0.685975,-1.187678,7.481914,0.287591,0.006986,-1.208984,0.340334,0.00000000,0.00000000,-0.121276,-3.661412,-0.746651,-0.061042,-3.656853,-0.763311,0.060406,0.016661
182.540000,0.120577,0.018,9.639718,-1.242704,7.592385,0.277574,0.018318,-1.204351,0.473328,0.00000000,0.00000000,-0.120559,-3.661755,-0.770253,-0.060331,-3.657208,-0.786913,0.060400,0.016660
182.555000,0.120577,0.058,9.639718,-1.242704,7.592385,0.277574,0.018318,-1.204351,0.473328,0.00000000,0.00000000,-0.120479,-3.661752,-0.788621,-0.060258,-3.657174,-0.811390,0.060395,0.022769
182.585000,0.120577,0.086,9.481155,-1.188533,7.695777,0.266100,0.010414,-1.233197,0.395210,0.00000000,0.00000000,-0.119839,-3.661775,-0.825752,-0.059718,-3.657074,-0.836579,0.060304,0.010828
182.600000,0.120577,0.115,9.481155,-1.188533,7.695777,0.266100,0.042857,-1.210768,1.391918,0.00000000,0.00000000,-0.119506,-3.662249,-0.843806,-0.059286,-3.657719,-0.860467,0.060390,0.016661
182.615000,0.018593,0.005,10.723777,-1.269565,7.795783,0.256363,0.042857,-1.210768,1.391918,0.00000000,0.00000000,-0.118835,-3.662671,-0.862080,-0.058471,-3.658230,-0.884536,0.060526,0.022455
182.645000,0.018593,0.026,10.723777,-1.269565,7.795783,0.256363,0.027388,-1.220296,0.773435,0.00000000,0.00000000,-0.118711,-3.662812,-0.898903,-0.058502,-3.658364,-0.909460,0.060372,0.010557
182.660000,0.018593,0.053,5.009766,-1.278395,7.830793,0.244913,0.007658,-1.229479,0.986527,0.00000000,0.00000000,-0.118752,-3.662744,-0.917470,-0.058540,-3.658227,-0.934131,0.060381,0.016661
182.675000,0.018593,0.082,9.590289,-1.248095,7.934966,0.231236,-0.002835,-1.233183,0.524626,0.00000000,0.00000000,-0.118745,-3.662917,-0.936014,-0.058364,-3.658529,-0.958837,0.060540,0.022823
182.695000,0.015967,0.025,9.590289,-1.248095,7.934966,0.231236,0.019003,-1.232292,1.091873,0.00000000,0.00000000,-0.118074,-3.663344,-0.960431,-0.057709,-3.658942,-0.983177,0.060526,0.022746
182.725000,0.015967,0.053,2.295018,-1.286858,7.931378,0.213858,0.020945,-1.217551,0.097108,0.00000000,0.00000000,-0.117816,-3.663296,-0.997024,-0.057546,-3.658839,-1.007528,0.060434,0.010504
182.740000,0.015967,0.075,9.700901,-1.297450,8.030841,0.198180,-0.006339,-1.229795,1.364199,0.00000000,0.00000000,-0.117974,-3.663195,-1.015622,-0.057770,-3.658691,-1.032284,0.060372,0.016662
182.760000,0.014263,0.032,9.700901,-1.297450,8.030841,0.198180,-0.010618,-1.250666,0.213955,0.00000000,0.00000000,-0.118217,-3.663177,-1.040782,-0.058013,-3.658669,-1.057443,0.060373,0.016661
182.775000,0.014263,0.065,0.476904,-1.300695,8.025835,0.182170,0.001393,-1.220672,0.600571,0.00000000,0.00000000,-0.118407,-3.663533,-1.058471,-0.058195,-3.659074,-1.081102,0.060377,0.022631
182.805000,0.014263,0.086,0.476904,-1.300695,8.025835,0.182170,0.007126,-1.212772,0.286657,0.00000000,0.00000000,-0.118563,-3.663843,-1.094890,-0.058283,-3.659380,-1.105430,0.060445,0.010540
182.820000,0.014605,0.006,3.340627,-1.262645,8.039592,0.163068,0.007940,-1.212466,0.040691,0.00000000,0.00000000,-0.118653,-3.663913,-1.113349,-0.058461,-3.659398,-1.130010,0.060361,0.016661
182.845000,0.014605,0.030,9.616394,-1.369890,8.131756,0.146730,-0.014161,-1.239244,1.105054,0.00000000,0.00000000,-0.119098,-3.663751,-1.145074,-0.058803,-3.659303,-1.155341,0.060458,0.010267
182.860000,0.014605,0.058,9.616394,-1.369890,8.131756,0.146730,0.002087,-1.283044,0.812414,0.00000000,0.00000000,-0.118539,-3.663856,-1.164844,-0.058346,-3.659342,-1.181502,0.060362,0.016659
182.875000,0.177746,0.027,9.593158,-1.264393,8.259008,0.128739,-0.006961,-1.266249,0.452437,0.00000000,0.00000000,-0.118792,-3.663661,-1.182814,-0.058749,-3.659076,-1.205447,0.060217,0.022634
182.905000,0.177746,0.059,9.593158,-1.264393,8.259008,0.128739,-0.013284,-1.240409,0.316133,0.00000000,0.00000000,-0.119129,-3.663212,-1.219488,-0.058935,-3.658702,-1.230033,0.060364,0.010546
182.915000,0.177746,0.086,16.196090,-1.252978,8.507109,0.114309,-0.012484,-1.221470,0.315303,0.00000000,0.00000000,-0.119150,-3.663059,-1.231709,-0.058925,-3.658415,-1.254415,0.060404,0.022706
182.945000,0.177746,0.102,0.240804,-1.277048,8.493669,0.098652,-0.012484,-1.221470,0.315303,0.00000000,0.00000000,-0.118597,-3.662512,-1.268268,-0.058534,-3.658074,-1.278885,0.060226,0.010616
182.960000,0.143385,0.014,0.240804,-1.277048,8.493669,0.098652,-0.016106,-1.228482,0.181121,0.00000000,0.00000000,-0.118574,-3.662404,-1.286939,-0.058357,-3.657890,-1.303599,0.060386,0.016660
182.975000,0.143385,0.042,2.973071,-1.253577,8.319744,0.090889,-0.017933,-1.228498,0.091353,0.00000000,0.00000000,-0.118435,-3.662136,-1.305454,-0.058269,-3.657680,-1.328210,0.060331,0.022756
183.000000,0.143385,0.075,2.973071,-1.253577,8.319744,0.090889,0.010607,-1.222284,1.427006,0.00000000,0.00000000,-0.118613,-3.662583,-1.335879,-0.058399,-3.658068,-1.352540,0.060383,0.016662
183.015000,0.016200,0.010,1.797682,-1.291706,8.128734,0.079272,0.017158,-1.224334,0.327578,0.00000000,0.00000000,-0.118798,-3.662887,-1.354286,-0.058586,-3.658561,-1.377181,0.060367,0.022895
183.040000,0.016200,0.040,9.759588,-1.244118,8.215132,0.071086,0.020805,-1.238785,0.182315,0.00000000,0.00000000,-0.118845,-3.663537,-1.385355,-0.058647,-3.659018,-1.402016,0.060368,0.016661
183.055000,0.016200,0.066,9.759588,-1.244118,8.215132,0.071086,0.017561,-1.231308,0.162195,0.00000000,0.00000000,-0.119033,-3.663570,-1.403613,-0.058861,-3.658997,-1.426450,0.060346,0.022837
183.085000,0.016200,0.101,1.083521,-1.305153,7.992521,0.053059,-0.001250,-1.218609,0.940549,0.00000000,0.00000000,-0.119446,-3.663362,-1.440501,-0.059159,-3.658873,-1.450867,0.060454,0.010366
183.095000,0.014027,0.028,1.083521,-1.305153,7.992521,0.053059,0.007033,-1.239512,0.414149,0.00000000,0.00000000,-0.119356,-3.663474,-1.453096,-0.059119,-3.659008,-1.476036,0.060403,0.022941
183.120000,0.014027,0.059,2.291912,-1.232527,7.361795,0.048459,0.004395,-1.225893,0.131863,0.00000000,0.00000000,-0.119237,-3.663696,-1.483857,-0.059041,-3.659171,-1.500516,0.060366,0.016660
183.135000,0.014027,0.085,0.191887,-1.256954,7.281529,0.044274,0.014963,-1.226481,0.528358,0.00000000,0.00000000,-0.119186,-3.663613,-1.502161,-0.058997,-3.659019,-1.524956,0.060364,0.022795
183.165000,0.014027,0.107,0.191887,-1.256954,7.281529,0.044274,-0.008383,-1.228198,1.167267,0.00000000,0.00000000,-0.118773,-3.663152,-1.539440,-0.058632,-3.658780,-1.549925,0.060300,0.010485
183.180000,0.014027,0.132,9.424479,-1.314537,7.276790,0.042481,-0.013817,-1.253837,0.271701,0.00000000,0.00000000,-0.118429,-3.663126,-1.558658,-0.058224,-3.658614,-1.575320,0.060374,0.016662
183.195000,0.014027,0.154,9.424479,-1.314537,7.276790,0.042481,0.005701,-1.281801,0.975891,0.00000000,0.00000000,-0.118176,-3.663284,-1.578094,-0.058001,-3.658815,-1.601147,0.060340,0.023053
183.225000,0.015974,0.010,9.468409,-1.307267,7.340361,0.039437,-0.002620,-1.291320,0.416024,0.00000000,0.00000000,-0.118767,-3.663044,-1.615919,-0.058470,-3.658580,-1.626164,0.060462,0.010244
183.240000,0.015974,0.052,9.920028,-1.261755,7.451227,0.038939,-0.003262,-1.251905,0.032121,0.00000000,0.00000000,-0.118657,-3.663051,-1.634465,-0.058451,-3.658536,-1.651127,0.060375,0.016662
183.265000,0.015974,0.071,9.920028,-1.261755,7.451227,0.038939,0.002640,-1.247099,0.295102,0.00000000,0.00000000,-0.118386,-3.663277,-1.665636,-0.058230,-3.658755,-1.676246,0.060325,0.010610
183.280000,0.017769,0.001,1.643409,-1.262642,7.277435,0.038961,0.004509,-1.224826,0.093451,0.00000000,0.00000000,-0.118543,-3.663203,-1.683559,-0.058339,-3.658689,-1.700217,0.060373,0.016658
183.295000,0.017769,0.025,9.581132,-1.301256,7.253986,0.039052,-0.000360,-1.236570,0.243434,0.00000000,0.00000000,-0.118509,-3.662947,-1.702303,-0.058250,-3.658420,-1.725151,0.060429,0.022849
183.315000,0.017769,0.047,9.581132,-1.301256,7.253986,0.039052,-0.013145,-1.235305,0.639280,0.00000000,0.00000000,-0.118546,-3.662651,-1.727142,-0.058349,-3.658043,-1.750050,0.060373,0.022908
183.335000,0.016310,0.003,5.455088,-1.213906,7.247075,0.040000,-0.002273,-1.229325,0.543588,0.00000000,0.00000000,-0.118626,-3.662696,-1.751686,-0.058459,-3.658236,-1.774202,0.060332,0.022515
183.355000,0.016310,0.081,5.455088,-1.213906,7.247075,0.040000,-0.000584,-1.193354,0.084480,0.00000000,0.00000000,-0.118867,-3.662805,-1.775077,-0.058688,-3.658320,-1.797501,0.060346,0.022425
183.385000,0.016310,0.104,24.107345,-1.249345,8.103218,0.040166,0.000057,-1.177040,0.032048,0.00000000,0.00000000,-0.118634,-3.662975,-1.810827,-0.058454,-3.658448,-1.821349,0.060350,0.010523
183.400000,0.016006,0.004,15.957997,-1.296204,8.432616,0.039632,-0.004515,-1.205556,0.228623,0.00000000,0.00000000,-0.118415,-3.663066,-1.829463,-0.058209,-3.658554,-1.846125,0.060375,0.016662
183.420000,0.016006,0.050,15.957997,-1.296204,8.432616,0.039632,0.000736,-1.229259,0.262556,0.00000000,0.00000000,-0.118115,-3.663181,-1.854167,-0.057910,-3.658675,-1.870830,0.060373,0.016662
183.440000,0.016006,0.074,9.549257,-1.222375,7.901335,0.040179,0.000188,-1.212286,0.027393,0.00000000,0.00000000,-0.117337,-3.663267,-1.877659,-0.057134,-3.658773,-1.894317,0.060370,0.016658
183.455000,0.016006,0.097,9.549257,-1.222375,7.901335,0.040179,-0.009882,-1.179268,0.503521,0.00000000,0.00000000,-0.116787,-3.663455,-1.895396,-0.056433,-3.659017,-1.917878,0.060518,0.022482
183.475000,0.019756,0.042,22.071618,-1.311305,8.472310,0.040194,0.003427,-1.214844,0.665470,0.00000000,0.00000000,-0.116270,-3.664031,-1.919955,-0.056036,-3.659610,-1.942870,0.060396,0.022915
183.490000,0.019756,0.066,9.677656,-1.307405,8.561815,0.040442,0.003329,-1.236894,0.004910,0.00000000,0.00000000,-0.116133,-3.664132,-1.938506,-0.055883,-3.659393,-1.967546,0.060436,0.029040
183.525000,0.019756,0.087,9.677656,-1.307405,8.561815,0.040442,0.011757,-1.253802,0.421424,0.00000000,0.00000000,-0.116169,-3.664832,-1.982533,-0.055969,-3.660165,-1.992862,0.060380,0.010328
183.540000,0.019756,0.108,4.866574,-1.257341,8.489193,0.040385,0.020066,-1.256258,0.415460,0.00000000,0.00000000,-0.116199,-3.665201,-2.001299,-0.056029,-3.660726,-2.017960,0.060336,0.016661
183.555000,0.017519,0.009,4.866574,-1.257341,8.489193,0.040385,0.020730,-1.247637,0.033168,0.00000000,0.00000000,-0.116276,-3.665110,-2.019811,-0.056062,-3.660719,-2.042676,0.060374,0.022866
183.585000,0.017519,0.042,0.462054,-1.270595,8.471011,0.040383,0.002149,-1.239752,0.929047,0.00000000,0.00000000,-0.116437,-3.665404,-2.057062,-0.056120,-3.660915,-2.067812,0.060484,0.010751
183.600000,0.017519,0.064,9.449576,-1.216417,8.547769,0.040243,0.008337,-1.236195,0.309411,0.00000000,0.00000000,-0.116647,-3.665564,-2.075145,-0.056482,-3.661081,-2.091807,0.060331,0.016662
183.620000,0.017519,0.092,9.449576,-1.216417,8.547769,0.040243,0.010895,119.170111,0.127873,0.00000000,0.00000000,-0.116731,-3.665676,-2.098588,-0.056569,-3.661192,-2.115248,0.060329,0.016660
183.635000,0.017519,0.118,6.535319,-1.305722,8.527181,0.040507,0.004306,119.191216,0.329420,0.00000000,0.00000000,-0.116634,-3.665579,-2.116433,-0.056314,-3.661001,-2.139375,0.060494,0.022942
183.665000,0.017519,0.141,6.535319,-1.305722,8.527181,0.040507,-0.001878,119.157734,0.309223,0.00000000,0.00000000,-0.116266,-3.665373,-2.154616,-0.056132,-3.660964,-2.164845,0.060295,0.010229
183.685000,0.020872,0.032,8.507295,-1.287034,8.535773,0.038698,-0.010715,-1.277332,0.441849,0.00000000,0.00000000,-0.115881,-3.665534,-2.180086,-0.055838,-3.660991,-2.190469,0.060215,0.010383
183.705000,0.020872,0.051,13.357124,-1.257574,8.741654,0.038118,-0.000675,-1.259858,0.502030,0.00000000,0.00000000,-0.115648,-3.665645,-2.204236,-0.055647,-3.661143,-2.214846,0.060170,0.010609
183.720000,0.020872,0.078,13.357124,-1.257574,8.741654,0.038118,-0.008765,-1.232897,0.404499,0.00000000,0.00000000,-0.115576,-3.665634,-2.222691,-0.055413,-3.661169,-2.239353,0.060328,0.016662
183.735000,0.020890,0.025,2.044704,-1.290138,8.645597,0.037915,-0.001567,-1.233553,0.359872,0.00000000,0.00000000,-0.115498,-3.665652,-2.241503,-0.055312,-3.661117,-2.264424,0.060356,0.022921
183.750000,0.020890,0.043,2.044704,-1.290138,8.645597,0.037915,0.004828,-1.250664,0.319737,0.00000000,0.00000000,-0.115487,-3.665481,-2.260098,-0.055462,-3.661339,-2.289417,0.060167,0.029320
183.770000,0.020890,0.071,11.419615,-1.273428,8.788470,0.036789,0.010671,-1.250813,0.292190,0.00000000,0.00000000,-0.115762,-3.666127,-2.285418,-0.055718,-3.661865,-2.314410,0.060195,0.028992
183.805000,0.020890,0.088,9.452126,-1.291721,8.890515,0.036495,0.012334,-1.236008,0.083145,0.00000000,0.00000000,-0.115878,-3.666272,-2.328386,-0.055749,-3.661774,-2.338847,0.060297,0.010461
183.820000,0.018126,0.039,9.452126,-1.291721,8.890515,0.036495,0.006509,-1.225647,0.291243,0.00000000,0.00000000,-0.116033,-3.666327,-2.346821,-0.055882,-3.661855,-2.363484,0.060317,0.016663
183.840000,0.018126,0.063,9.651359,-1.315510,8.971029,0.036916,0.012750,-1.228533,0.312024,0.00000000,0.00000000,-0.116354,-3.666983,-2.371735,-0.056214,-3.662505,-2.388395,0.060307,0.016661
183.860000,0.125711,0.017,9.651359,-1.315510,8.971029,0.036916,0.025683,-1.239779,0.646677,0.00000000,0.00000000,-0.116545,-3.667880,-2.396577,-0.056419,-3.663399,-2.413232,0.060292,0.016654
183.875000,0.125711,0.074,19.471665,-1.251029,9.362629,0.036898,-0.007128,-1.218498,1.561883,0.00000000,0.00000000,-0.116376,-3.667890,-2.414483,-0.056262,-3.663393,-2.437186,0.060282,0.022703
183.905000,0.125711,0.091,4.459431,-1.267772,9.378000,0.036628,-0.007128,-1.218498,1.561883,0.00000000,0.00000000,-0.116369,-3.667615,-2.451653,-0.056252,-3.663155,-2.462085,0.060282,0.010432
183.920000,0.125711,0.118,4.459431,-1.267772,9.378000,0.036628,-0.004071,-1.233682,0.152871,0.00000000,0.00000000,-0.116387,-3.667707,-2.469995,-0.056258,-3.663229,-2.486657,0.060295,0.016662
183.935000,0.018720,0.028,22.176036,-1.240896,9.847883,0.035423,0.002772,-1.250247,0.342137,0.00000000,0.00000000,-0.116624,-3.667969,-2.488966,-0.056581,-3.663571,-2.511949,0.060203,0.022983
183.965000,0.018720,0.053,8.375090,-1.293959,9.789379,0.035360,0.018536,-1.232058,0.788205,0.00000000,0.00000000,-0.116621,-3.668159,-2.525682,-0.056531,-3.663783,-2.536171,0.060249,0.010488
183.980000,0.018720,0.077,8.375090,-1.293959,9.789379,0.035360,0.004201,-1.234320,0.716737,0.00000000,0.00000000,-0.116544,-3.668055,-2.544367,-0.056421,-3.663574,-2.561027,0.060289,0.016661
183.995000,0.018721,0.016,9.655393,-1.293118,9.896349,0.034919,-0.009844,-1.260816,0.702258,0.00000000,0.00000000,-0.116380,-3.667745,-2.563505,-0.056217,-3.663291,-2.586432,0.060328,0.022927
184.020000,0.018721,0.046,9.655393,-1.293118,9.896349,0.034919,0.000212,-1.257070,0.259627,0.00000000,0.00000000,-0.116267,-3.667803,-2.594912,-0.056140,-3.663327,-2.611570,0.060293,0.016659
184.035000,0.018721,0.069,2.753717,-1.353835,9.890431,0.036655,0.000212,-1.257070,0.259627,0.00000000,0.00000000,-0.116549,-3.667574,-2.613760,-0.056622,-3.663040,-2.636565,0.060098,0.022805
184.065000,0.018721,0.094,1.489105,-1.291539,9.895539,0.036526,0.006405,-1.254022,0.309616,0.00000000,0.00000000,-0.116719,-3.667269,-2.651078,-0.056588,-3.662779,-2.661639,0.060298,0.010561
184.080000,0.018721,0.123,1.489105,-1.291539,9.895539,0.036526,-0.001482,-1.244710,0.394347,0.00000000,0.00000000,-0.116582,-3.666989,-2.669880,-0.056442,-3.662508,-2.686542,0.060307,0.016661
184.100000,0.014672,0.009,23.287579,-1.224925,10.266062,0.036037,0.014462,-1.248964,0.797206,0.00000000,0.00000000,-0.117027,-3.667385,-2.695001,-0.056893,-3.662896,-2.711661,0.060301,0.016659
184.120000,0.014672,0.033,23.287579,-1.224925,10.266062,0.036037,0.010941,-1.248771,0.176045,0.00000000,0.00000000,-0.117139,-3.667816,-2.719275,-0.057012,-3.663325,-2.735934,0.060294,0.016659
184.140000,0.014672,0.095,9.633949,-1.292974,10.305533,0.036095,0.013998,-1.240916,0.152856,0.00000000,0.00000000,-0.117125,-3.667914,-2.744001,-0.057000,-3.663424,-2.760662,0.060293,0.016661
184.150000,0.014672,0.115,9.633949,-1.292974,10.305533,0.036095,-0.002593,-1.232136,0.829563,0.00000000,0.00000000,-0.117037,-3.667867,-2.756572,-0.056845,-3.663325,-2.785792,0.060363,0.029219
184.185000,0.014672,0.145,2.374241,-1.224472,10.315310,0.034702,0.002668,-1.231786,0.263043,0.00000000,0.00000000,-0.116846,-3.668358,-2.799167,-0.056782,-3.663715,-2.809945,0.060243,0.010778
184.205000,0.015525,0.009,5.232904,-1.296287,10.238820,0.034564,-0.001131,-1.214338,0.189946,0.00000000,0.00000000,-0.116696,-3.668359,-2.823458,-0.056658,-3.663987,-2.833986,0.060197,0.010528
184.225000,0.015525,0.028,5.232904,-1.296287,10.238820,0.034564,-0.007870,-1.223468,0.336928,0.00000000,0.00000000,-0.116362,-3.668409,-2.848491,-0.056304,-3.663910,-2.859005,0.060227,0.010514
184.240000,0.015525,0.064,6.058096,-1.280437,10.135284,0.032314,0.010816,-1.232160,0.855056,0.00000000,0.00000000,-0.116483,-3.668019,-2.866462,-0.056360,-3.663539,-2.883124,0.060290,0.016661
184.255000,0.015525,0.083,10.441031,-1.314158,10.130402,0.032728,0.010816,-1.232160,0.855056,0.00000000,0.00000000,-0.116879,-3.667970,-2.885118,-0.056843,-3.663341,-2.908037,0.060214,0.022919
184.280000,0.017976,0.004,10.441031,-1.314158,10.130402,0.032728,0.008976,-1.243263,0.091973,0.00000000,0.00000000,-0.117264,-3.667457,-2.916594,-0.057131,-3.662965,-2.933254,0.060300,0.016660
184.295000,0.017976,0.038,7.054382,-1.279713,10.195303,0.032729,0.014431,-1.242199,0.272726,0.00000000,0.00000000,-0.117426,-3.667279,-2.934955,-0.057258,-3.662794,-2.957738,0.060335,0.022784
184.325000,0.017976,0.067,3.454809,-1.308170,10.096435,0.032739,0.017310,-1.248204,1.073565,0.00000000,0.00000000,-0.117209,-3.667239,-2.972216,-0.057046,-3.662734,-2.982707,0.060331,0.010492
184.340000,0.016295,0.023,3.454809,-1.308170,10.096435,0.032739,0.017310,-1.248204,1.073565,0.00000000,0.00000000,-0.117874,-3.667637,-2.991168,-0.057744,-3.663134,-3.007824,0.060298,0.016657
184.365000,0.016295,0.055,17.180999,-1.269707,10.307757,0.032739,-0.001286,-1.232629,0.841699,0.00000000,0.00000000,-0.117914,-3.667785,-3.021662,-0.057887,-3.663182,-3.032197,0.060203,0.010535
184.380000,0.016295,0.082,17.180999,-1.269707,10.307757,0.032739,-0.018399,-1.236387,0.855666,0.00000000,0.00000000,-0.117784,-3.667753,-3.040116,-0.057656,-3.663251,-3.056776,0.060296,0.016660
184.395000,0.016295,0.098,1.607574,-1.255165,10.183929,0.032775,-0.018399,-1.236387,0.855666,0.00000000,0.00000000,-0.117518,-3.667895,-3.058908,-0.057290,-3.663375,-3.082092,0.060397,0.023184
184.425000,0.015095,0.020,1.607574,-1.255165,10.183929,0.032775,-0.010889,-1.242048,0.375537,0.00000000,0.00000000,-0.117569,-3.668243,-3.096785,-0.057283,-3.663584,-3.106675,0.060465,0.009890
184.440000,0.015095,0.039,9.525521,-1.398046,10.314489,0.036758,0.004918,-1.297844,0.790353,0.00000000,0.00000000,-0.118064,-3.668726,-3.117110,-0.057952,-3.664220,-3.133768,0.060280,0.016658
184.460000,0.015095,0.061,21.044648,-1.273378,10.650610,0.036692,0.007385,-1.298702,0.123333,0.00000000,0.00000000,-0.118194,-3.668462,3.140680,-0.058078,-3.663954,3.124020,0.060285,0.016660
184.480000,0.017212,0.033,21.044648,-1.273378,10.650610,0.036692,0.009229,-1.276151,0.092203,0.00000000,0.00000000,-0.118048,-3.668476,3.115872,-0.057932,-3.663970,3.099212,0.060285,0.016660
184.500000,0.017212,0.060,9.668101,-1.384494,10.651781,0.037461,0.007217,-1.271371,0.100581,0.00000000,0.00000000,-0.118096,-3.668860,3.089771,-0.057987,-3.664354,3.073112,0.060278,0.016659
184.515000,0.015019,0.007,9.668101,-1.384494,10.651781,0.037461,0.004556,-1.290803,0.133063,0.00000000,0.00000000,-0.118587,-3.669236,3.069960,-0.058570,-3.664715,3.047141,0.060187,0.022818
184.545000,0.015019,0.051,3.218403,-1.267661,10.603173,0.037437,0.017309,-1.280849,0.637664,0.00000000,0.00000000,-0.118474,-3.669091,3.032912,-0.058587,-3.664723,3.022491,0.060046,0.010421
184.560000,0.015019,0.077,20.558203,-1.256684,10.734365,0.037388,-0.006284,-1.248516,1.179678,0.00000000,0.00000000,-0.118270,-3.669233,3.014024,-0.058167,-3.664723,2.997363,0.060272,0.016661
184.575000,0.015019,0.100,20.558203,-1.256684,10.734365,0.037388,-0.015553,-1.239402,0.463432,0.00000000,0.00000000,-0.118277,-3.669391,2.995499,-0.058159,-3.664927,2.972723,0.060284,0.022776
184.605000,0.015019,0.131,13.841373,-1.295247,10.848487,0.037447,-0.013479,-1.209845,0.584825,0.00000000,0.00000000,-0.118016,-3.669798,2.959157,-0.058030,-3.665203,2.948642,0.060162,0.010515
184.620000,0.013137,0.004,5.994080,-1.272597,10.828156,0.037271,-0.013479,-1.209845,0.584825,0.00000000,0.00000000,-0.117830,-3.669846,2.940806,-0.057737,-3.665343,2.924146,0.060262,0.016660
184.635000,0.013137,0.030,5.994080,-1.272597,10.828156,0.037271,-0.010130,-1.238535,0.223663,0.00000000,0.00000000,-0.117829,-3.669759,2.922474,-0.057745,-3.665238,2.899692,0.060254,0.022782
184.650000,0.013137,0.046,9.568760,-1.316228,10.948549,0.037574,-0.010130,-1.238535,0.223663,0.00000000,0.00000000,-0.117766,-3.669721,2.903887,-0.057755,-3.665167,2.874591,0.060184,0.029296
184.685000,0.013676,0.011,9.568760,-1.316228,10.948549,0.037574,0.007265,-1.254904,0.869746,0.00000000,0.00000000,-0.117804,-3.670335,2.859358,-0.057727,-3.665701,2.849077,0.060256,0.010281
184.705000,0.013676,0.035,9.626846,-1.241108,10.945550,0.037635,-0.002697,-1.261124,0.498104,0.00000000,0.00000000,-0.117611,-3.670427,2.834682,-0.057539,-3.665885,2.824095,0.060243,0.010587
184.720000,0.013676,0.062,11.926780,-1.302801,11.019020,0.037607,-0.010904,-1.240278,0.410350,0.00000000,0.00000000,-0.117446,-3.670492,2.816149,-0.057363,-3.665995,2.799489,0.060250,0.016660
184.740000,0.016700,0.034,11.926780,-1.302801,11.019020,0.037607,-0.014996,-1.242361,0.204590,0.00000000,0.00000000,-0.117274,-3.670571,2.790844,-0.057193,-3.666077,2.774184,0.060249,0.016660
184.760000,0.016700,0.060,9.604272,-1.301474,11.134782,0.037065,-0.019023,-1.251162,0.201363,0.00000000,0.00000000,-0.117251,-3.670667,2.766238,-0.057171,-3.666174,2.749578,0.060247,0.016659
184.775000,0.016700,0.085,9.604272,-1.301474,11.134782,0.037065,-0.005573,-1.240492,0.672485,0.00000000,0.00000000,-0.116960,-3.670345,2.747795,-0.056637,-3.665781,2.725022,0.060496,0.022773
184.805000,0.015876,0.017,18.549329,-1.297162,11.345152,0.036940,-0.020406,-1.225369,0.741666,0.00000000,0.00000000,-0.116253,-3.669937,2.711026,-0.056161,-3.665493,2.700452,0.060256,0.010574
184.815000,0.015876,0.040,2.278869,-1.223255,11.230738,0.037595,-0.017797,-1.217522,0.130469,0.00000000,0.00000000,-0.116005,-3.669934,2.698210,-0.055889,-3.665472,2.675487,0.060281,0.022723
184.835000,0.015876,0.067,2.278869,-1.223255,11.230738,0.037595,-0.009563,-1.212867,0.453341,0.00000000,0.00000000,-0.116199,-3.670284,2.674365,-0.056272,-3.665953,2.651781,0.060083,0.022583
184.865000,0.015876,0.084,14.403442,-1.258170,11.186950,0.037546,-0.009563,-1.212867,0.453341,0.00000000,0.00000000,-0.116436,-3.670948,2.637875,-0.056357,-3.666378,2.627487,0.060252,0.010389
184.875000,0.018755,0.005,14.403442,-1.258170,11.186950,0.037546,0.010886,-1.216390,1.022451,0.00000000,0.00000000,-0.116481,-3.671013,2.625568,-0.056438,-3.666575,2.602712,0.060207,0.022857
184.895000,0.018755,0.032,4.444215,-1.328355,11.152608,0.038041,-0.008226,-1.236151,0.955555,0.00000000,0.00000000,-0.116499,-3.671003,2.600820,-0.056341,-3.666559,2.577820,0.060322,0.023000
184.925000,0.018755,0.061,16.273904,-1.256552,11.287895,0.038111,-0.002759,-1.229860,0.273338,0.00000000,0.00000000,-0.116712,-3.671173,2.564277,-0.056479,-3.666566,2.553452,0.060409,0.010825
184.940000,0.020679,0.036,16.273904,-1.256552,11.287895,0.038111,0.000173,-1.215959,0.146576,0.00000000,0.00000000,-0.117046,-3.671423,2.546479,-0.056980,-3.666933,2.529819,0.060234,0.016660
184.955000,0.020679,0.059,15.964394,-1.267412,11.243399,0.038056,0.013178,-1.212428,0.650266,0.00000000,0.00000000,-0.117150,-3.671541,2.528142,-0.057073,-3.667121,2.505345,0.060240,0.022797
184.975000,0.020908,0.004,15.964394,-1.267412,11.243399,0.038056,-0.000919,-1.238365,0.704860,0.00000000,0.00000000,-0.117177,-3.671665,2.503186,-0.057036,-3.667209,2.479977,0.060307,0.023209
185.005000,0.020908,0.065,9.594506,-1.262139,11.412058,0.036941,-0.010426,-1.245647,0.475324,0.00000000,0.00000000,-0.117216,-3.671961,2.465902,-0.057017,-3.667340,2.455170,0.060376,0.010732
185.025000,0.020908,0.091,19.324512,-1.264686,11.263258,0.036732,-0.005970,-1.229961,0.222786,0.00000000,0.00000000,-0.117656,-3.672223,2.441882,-0.057585,-3.667848,2.431454,0.060230,0.010429
185.040000,0.020908,0.110,19.324512,-1.264686,11.263258,0.036732,0.001431,-1.213704,0.370073,0.00000000,0.00000000,-0.117676,-3.672374,2.423447,-0.057625,-3.667874,2.406787,0.060219,0.016660
185.060000,0.019056,0.038,0.852133,-1.258635,11.152586,0.036822,0.011319,-1.224171,0.494351,0.00000000,0.00000000,-0.117991,-3.672267,2.398687,-0.057938,-3.667761,2.382027,0.060222,0.016660
185.070000,0.019056,0.062,0.852133,-1.258635,11.152586,0.036822,0.019302,-1.230639,0.399182,0.00000000,0.00000000,-0.118071,-3.671953,2.386432,-0.058343,-3.667136,2.357430,0.059922,0.029002
185.105000,0.019056,0.083,3.984738,-1.305030,11.047129,0.035980,0.028497,-1.225668,0.459727,0.00000000,0.00000000,-0.118783,-3.671184,2.342750,-0.058692,-3.666665,2.332401,0.060261,0.010349
185.125000,0.019056,0.104,8.843599,-1.268081,10.761242,0.035810,0.017495,-1.252165,0.550099,0.00000000,0.00000000,-0.119026,-3.671317,2.318012,-0.058883,-3.666769,2.307555,0.060315,0.010457
185.140000,0.019065,0.028,8.843599,-1.268081,10.761242,0.035810,0.006784,-1.241067,0.535522,0.00000000,0.00000000,-0.119044,-3.671225,2.299801,-0.058973,-3.666702,2.283140,0.060240,0.016661
185.155000,0.019065,0.056,2.184324,-1.344921,10.596682,0.036712,-0.003045,-1.231131,0.491465,0.00000000,0.00000000,-0.118755,-3.671464,2.280524,-0.058756,-3.667030,2.257965,0.060163,0.022559
185.185000,0.014780,0.013,5.611295,-1.258078,10.527005,0.036702,-0.006036,-1.247824,0.616187,0.00000000,0.00000000,-0.119138,-3.671316,2.242857,-0.059090,-3.666734,2.232373,0.060222,0.010485
185.200000,0.014780,0.047,5.611295,-1.258078,10.527005,0.036702,-0.006036,-1.247824,0.616187,0.00000000,0.00000000,-0.119091,-3.671321,2.224354,-0.059023,-3.666797,2.207694,0.060239,0.016660
185.225000,0.014780,0.074,2.601663,-1.257466,10.516925,0.036836,0.004220,-1.242820,0.512824,0.00000000,0.00000000,-0.118977,-3.671226,2.193347,-0.059023,-3.666621,2.183146,0.060131,0.010201
185.240000,0.014780,0.099,2.601663,-1.257466,10.516925,0.036836,0.022723,-1.243315,1.065556,0.00000000,0.00000000,-0.119121,-3.671122,2.174936,-0.059049,-3.666597,2.158276,0.060242,0.016660
185.255000,0.014780,0.125,6.991581,-1.287569,10.345912,0.035601,0.022723,-1.243315,1.065556,0.00000000,0.00000000,-0.119714,-3.670871,2.156167,-0.059867,-3.666286,2.133369,0.060023,0.022799
185.270000,0.013226,0.003,25.647251,-1.235925,10.763814,0.036092,0.014157,-1.241500,0.428323,0.00000000,0.00000000,-0.119857,-3.670874,2.137556,-0.059767,-3.666455,2.108540,0.060252,0.029016
185.290000,0.013226,0.027,25.647251,-1.235925,10.763814,0.036092,-0.008438,-1.232125,1.129768,0.00000000,0.00000000,-0.119780,-3.671208,2.112956,-0.059712,-3.666696,2.084049,0.060237,0.028907
185.310000,0.013226,0.045,9.429936,-1.171113,10.929999,0.039320,-0.007501,-1.215299,0.046845,0.00000000,0.00000000,-0.119870,-3.671051,2.088616,-0.059873,-3.666467,2.060233,0.060172,0.028383
185.335000,0.013226,0.105,9.429936,-1.171113,10.929999,0.039320,0.000792,-1.186277,0.414655,0.00000000,0.00000000,-0.120123,-3.671099,2.059609,-0.060073,-3.666540,2.036731,0.060222,0.022878
185.355000,0.013226,0.133,2.729678,-1.279441,10.897849,0.039185,-0.010148,-1.211438,0.546961,0.00000000,0.00000000,-0.120046,-3.671287,2.034518,-0.059929,-3.666782,2.011716,0.060285,0.022802
185.375000,0.013226,0.156,0.195488,-1.274656,10.910650,0.039172,-0.015510,-1.224076,0.268098,0.00000000,0.00000000,-0.120016,-3.671409,2.010015,-0.059953,-3.666900,1.987259,0.060231,0.022757
185.400000,0.013226,0.195,0.195488,-1.274656,10.910650,0.039172,-0.011204,-1.232683,0.215289,0.00000000,0.00000000,-0.119875,-3.671516,1.979009,-0.059809,-3.666979,1.962349,0.060237,0.016660
185.420000,0.014714,0.027,4.044247,-1.298661,10.915614,0.039239,0.005212,-1.230455,0.542075,0.00000000,0.00000000,-0.119856,-3.671371,1.954265,-0.059788,-3.666834,1.937603,0.060239,0.016662
185.435000,0.014714,0.043,4.044247,-1.298661,10.915614,0.039239,0.005212,-1.230455,0.542075,0.00000000,0.00000000,-0.119957,-3.671376,1.935596,-0.059831,-3.666869,1.912886,0.060295,0.022710
185.465000,0.014714,0.073,1.673073,-1.300956,10.757326,0.039311,0.000582,-1.243906,0.231520,0.00000000,0.00000000,-0.119676,-3.671649,1.898437,-0.059671,-3.667038,1.888121,0.060182,0.010316
185.480000,0.013638,0.013,1.673073,-1.300956,10.757326,0.039311,-0.007285,-1.254884,0.393347,0.00000000,0.00000000,-0.119803,-3.671646,1.879323,-0.059740,-3.667110,1.862664,0.060234,0.016659
185.500000,0.187486,0.008,4.783669,-1.235927,10.655512,0.039501,-0.005600,-1.250229,0.084241,0.00000000,0.00000000,-0.120030,-3.671718,1.854887,-0.059968,-3.667178,1.838224,0.060233,0.016662
185.515000,0.187486,0.033,11.820683,-1.107877,10.486226,0.046107,-0.005702,-1.195590,0.005079,0.00000000,0.00000000,-0.119780,-3.671776,1.837782,-0.059865,-3.667277,1.815589,0.060083,0.022192
185.535000,0.187486,0.075,11.820683,-1.107877,10.486226,0.046107,-0.000830,-1.123944,0.243598,0.00000000,0.00000000,-0.119879,-3.671914,1.816042,-0.059912,-3.667371,1.794067,0.060139,0.021975
185.555000,0.187486,0.101,3.724448,-1.068212,10.539561,0.054574,-0.000646,-1.063477,0.009218,0.00000000,0.00000000,-0.120212,-3.671861,1.795372,-0.060258,-3.667231,1.773477,0.060132,0.021895
185.600000,0.019097,0.044,2.169873,-0.912872,10.205435,0.074200,0.021458,-0.897673,0.441519,0.00000000,0.00000000,-0.120328,-3.670835,1.755114,-0.060251,-3.666291,1.738452,0.060249,0.016662
185.645000,0.019097,0.097,3.322600,-0.799061,10.179776,0.098779,0.002424,-0.799365,0.024073,0.00000000,0.00000000,-0.120312,-3.671050,1.720162,-0.060230,-3.666474,1.707185,0.060256,0.012977
185.685000,0.012891,0.053,0.389035,-0.604453,10.044786,0.153319,0.002889,-0.696654,0.188449,0.00000000,0.00000000,-0.120236,-3.671164,1.693737,-0.060162,-3.666610,1.680151,0.060246,0.013586
185.720000,0.013410,0.067,6.885410,-0.526549,10.125169,0.181873,-0.002918,-0.549899,0.183158,0.00000000,0.00000000,-0.120243,-3.671074,1.674980,-0.060170,-3.666531,1.658320,0.060244,0.016660
185.775000,0.015776,0.013,0.364162,-0.279628,9.617802,0.249003,0.007159,-0.370519,0.142128,0.00000000,0.00000000,-0.120415,-3.671111,1.653217,-0.060346,-3.666595,1.634980,0.060238,0.018237
186.280000,0.016184,0.073,0.150281,-0.026675,7.843818,0.545021,0.106328,0.007805,1.010681,0.00000000,0.00000000,-0.120362,-3.649480,1.637326,-0.059929,-3.644938,1.620666,0.060603,0.016660
186.460000,0.014877,0.068,4.260715,-0.040610,6.858055,0.563253,0.130775,0.006967,0.059558,0.00000000,0.00000000,-0.122294,-3.627941,1.637212,-0.061502,-3.623370,1.620550,0.060963,0.016662
186.605000,0.012086,0.059,0.262531,-0.048580,5.848623,0.556029,0.178254,0.005633,0.019812,0.00000000,0.00000000,-0.122963,-3.603933,1.637246,-0.061865,-3.600441,1.620568,0.061197,0.016678
186.720000,0.013206,0.089,3.242517,0.015704,5.168528,0.539527,0.197419,-0.000388,0.053596,0.00000000,0.00000000,-0.124429,-3.581481,1.637681,-0.062862,-3.576881,1.621021,0.061738,0.016660
186.810000,0.012961,0.002,0.719639,-0.053028,4.998022,0.506277,0.221524,-0.004574,0.007633,0.00000000,0.00000000,-0.125158,-3.562560,1.638182,-0.063398,-3.555629,1.621516,0.062147,0.016666
186.890000,0.013002,0.035,7.729058,-0.032528,4.962792,0.463756,0.268739,0.012166,0.004550,0.00000000,0.00000000,-0.125789,-3.542188,1.638905,-0.077213,-3.532156,1.639147,0.049602,0.000242
187.005000,0.015356,0.060,9.551895,-0.042336,3.383804,0.409063,0.231868,-0.001081,0.156132,0.00000000,0.00000000,-0.127524,-3.514177,1.638664,-0.078766,-3.507900,1.638843,0.049161,0.000180
187.105000,0.015874,0.021,4.734333,-0.027317,3.399448,0.318949,0.248470,-0.001899,0.739501,0.00000000,0.00000000,-0.127288,-3.490695,1.638566,-0.078494,-3.483514,1.639607,0.049320,0.001041
187.175000,0.017959,0.061,5.159579,-0.041780,2.978275,0.248417,0.266552,0.002993,0.969548,0.00000000,0.00000000,-0.129977,-3.471830,1.638740,-0.081297,-3.462019,1.639795,0.049659,0.001055
187.265000,0.014975,0.067,5.286046,0.004401,3.150310,0.148949,0.277387,-0.002647,0.497539,0.00000000,0.00000000,-0.131071,-3.447620,1.638694,-0.082272,-3.440625,1.639753,0.049297,0.001059
187.335000,0.017178,0.009,0.206487,-0.030353,3.247169,0.094579,0.299988,-0.002585,0.304324,0.00000000,0.00000000,-0.132565,-3.426888,1.639121,-0.083983,-3.416884,1.640197,0.049601,0.001076
187.420000,0.019387,0.040,2.257910,-0.063233,3.086876,0.032062,0.280091,0.004128,0.527723,0.00000000,0.00000000,-0.133337,-3.401373,1.639685,-0.084099,-3.396372,1.640110,0.049491,0.000426
187.505000,0.017215,0.024,4.260718,-0.034099,3.167464,0.015941,0.330368,-0.001431,0.409257,0.00000000,0.00000000,-0.133868,-3.374317,1.639884,-0.084381,-3.373187,1.640178,0.049500,0.000293
187.580000,0.015702,0.063,9.209979,-0.021753,3.491783,0.016320,0.311885,0.000323,0.048149,0.00000000,0.00000000,-0.135148,-3.350173,1.640133,-0.085400,-3.351064,1.640744,0.049757,0.000611
187.640000,0.015175,0.071,1.467653,-0.044570,3.502569,0.016347,0.344590,0.006771,0.941016,0.00000000,0.00000000,-0.135727,-3.329993,1.640374,-0.085991,-3.330885,1.640984,0.049744,0.000609
187.700000,0.017048,0.072,5.746722,-0.040327,3.742731,0.016161,0.357816,0.003190,0.203852,0.00000000,0.00000000,-0.137268,-3.308660,1.640475,-0.087545,-3.309553,1.641087,0.049731,0.000613
187.760000,0.014631,0.034,0.763541,-0.029780,3.778828,0.016105,0.372653,-0.000372,0.836704,0.00000000,0.00000000,-0.138766,-3.286798,1.640776,-0.088818,-3.290206,1.641176,0.050064,0.000400
187.820000,0.012086,0.035,8.234698,-0.037429,3.925534,0.015835,0.375853,0.004861,0.430558,0.00000000,0.00000000,-0.140985,-3.264388,1.641033,-0.091046,-3.267797,1.641435,0.050055,0.000402
187.880000,0.016265,0.010,1.967960,-0.057605,4.249602,0.016116,0.393143,-0.012467,0.356650,0.00000000,0.00000000,-0.142766,-3.240645,1.640664,-0.092730,-3.245094,1.641662,0.050233,0.000998
187.935000,0.013014,0.033,1.933936,-0.023183,4.262665,0.016147,0.402622,0.002822,0.091184,0.00000000,0.00000000,-0.144287,-3.218689,1.640725,-0.094079,-3.221379,1.641828,0.050281,0.001103
188.005000,0.014177,0.035,6.823459,-0.035502,4.359903,0.016157,0.426623,-0.007618,1.036818,0.00000000,0.00000000,-0.146621,-3.189988,1.640784,-0.095490,-3.196774,1.641800,0.051579,0.001017
188.060000,0.014177,0.128,2.594131,-0.026886,4.384636,0.016941,0.435151,-0.001481,0.556791,0.00000000,0.00000000,-0.148435,-3.166332,1.640690,-0.097486,-3.171013,1.641688,0.051163,0.000999
188.110000,0.014078,0.060,3.951747,-0.036859,4.331450,0.016934,0.445424,0.012699,0.421517,0.00000000,0.00000000,-0.150001,-3.143780,1.640893,-0.099394,-3.143972,1.641880,0.050607,0.000987
188.175000,0.013281,0.111,2.478454,-0.051222,4.385127,0.017064,0.459459,-0.000672,0.332989,0.00000000,0.00000000,-0.151944,-3.113994,1.640648,-0.101220,-3.116366,1.641663,0.050779,0.001015
188.240000,0.014242,0.085,2.843055,-0.017362,4.452803,0.017247,0.474793,0.007853,0.186306,0.00000000,0.00000000,-0.154389,-3.083029,1.640923,-0.103524,-3.087717,1.641924,0.051081,0.001001
188.305000,0.017359,0.087,2.833120,-0.022997,4.442018,0.017403,0.496298,0.002029,0.590846,0.00000000,0.00000000,-0.156511,-3.051197,1.640530,-0.104729,-3.065395,1.641455,0.053693,0.000925
188.335000,0.018381,0.020,2.833120,-0.022997,4.442018,0.017403,0.518933,0.000935,1.131781,0.00000000,0.00000000,-0.157817,-3.036236,1.640636,-0.105601,-3.046788,1.641873,0.053271,0.001237
188.385000,0.018381,0.094,2.971155,-0.047537,4.470691,0.015802,0.511746,0.003515,0.359349,0.00000000,0.00000000,-0.159417,-3.010679,1.640659,-0.106875,-3.026404,1.641684,0.054844,0.001025
188.425000,0.020074,0.038,2.584130,-0.031441,4.607676,0.015657,0.515054,-0.009186,0.252335,0.00000000,0.00000000,-0.160907,-2.990039,1.640740,-0.108283,-3.005763,1.641903,0.054923,0.001163
188.455000,0.019339,0.009,3.698759,-0.048401,4.647859,0.015576,0.523276,-0.002342,0.117011,0.00000000,0.00000000,-0.162245,-2.974282,1.640920,-0.110130,-2.984775,1.642097,0.053161,0.001177
188.500000,0.019339,0.060,10.314626,-0.070189,4.825564,0.016216,0.534896,-0.015167,0.190722,0.00000000,0.00000000,-0.163659,-2.950410,1.640527,-0.111327,-2.963566,1.641728,0.053960,0.001201
188.545000,0.020668,0.005,10.557361,-0.031279,4.994231,0.016226,0.531227,-0.006253,0.058328,0.00000000,0.00000000,-0.165635,-2.926132,1.640779,-0.113101,-2.942047,1.641890,0.054893,0.001111
188.585000,0.020668,0.072,3.608796,-0.031665,4.955812,0.016231,0.555486,0.002073,0.058124,0.00000000,0.00000000,-0.167105,-2.903833,1.640555,-0.114717,-2.919757,1.641902,0.054755,0.001348
188.615000,0.021860,0.041,7.803236,-0.043899,5.219794,0.016147,0.562786,-0.000824,0.053573,0.00000000,0.00000000,-0.168263,-2.886697,1.640577,-0.115286,-2.904976,1.641514,0.056042,0.000937
188.655000,0.021860,0.099,9.888341,-0.034758,5.231237,0.016135,0.576496,0.013353,0.606934,0.00000000,0.00000000,-0.170260,-2.863768,1.640607,-0.117300,-2.881925,1.641466,0.055985,0.000858
188.700000,0.021373,0.066,3.499175,-0.049813,5.240843,0.016062,0.592707,-0.008408,0.499934,0.00000000,0.00000000,-0.171707,-2.837580,1.640215,-0.117379,-2.865955,1.641613,0.061292,0.001398
188.745000,0.020241,0.015,5.424717,-0.026249,5.312369,0.016133,0.584867,0.004172,0.392014,0.00000000,0.00000000,-0.173669,-2.811143,1.640376,-0.119166,-2.842465,1.641780,0.062863,0.001404
188.785000,0.020241,0.070,11.014959,-0.029055,5.477307,0.016013,0.589932,-0.013381,0.349237,0.00000000,0.00000000,-0.175113,-2.787617,1.640154,-0.120675,-2.818921,1.641593,0.062797,0.001438
188.815000,0.018409,0.047,4.979489,-0.024093,5.509808,0.016106,0.587187,0.008602,0.137262,0.00000000,0.00000000,-0.176273,-2.769963,1.640228,-0.122347,-2.795483,1.641729,0.059659,0.001502
188.860000,0.018409,0.096,6.014399,-0.051176,5.499384,0.016227,0.588770,-0.003607,0.022822,0.00000000,0.00000000,-0.178350,-2.743590,1.640332,-0.124152,-2.771974,1.641731,0.061180,0.001400
188.900000,0.018651,0.044,6.428524,-0.031274,5.543075,0.016247,0.587269,-0.002412,0.158636,0.00000000,0.00000000,-0.179864,-2.720046,1.640048,-0.125700,-2.748433,1.641446,0.061152,0.001398
188.940000,0.022285,0.025,6.097045,-0.022123,5.562414,0.015284,0.598501,0.008542,0.705024,0.00000000,0.00000000,-0.181712,-2.696435,1.640393,-0.128097,-2.726335,1.641495,0.061389,0.001101
188.980000,0.020045,0.006,5.745037,-0.049422,5.605038,0.015393,0.579895,-0.015101,0.398284,0.00000000,0.00000000,-0.183323,-2.672946,1.639997,-0.129733,-2.702848,1.641097,0.061367,0.001100
189.020000,0.020045,0.074,2.481280,-0.026142,5.617743,0.015461,0.589311,0.005173,0.217041,0.00000000,0.00000000,-0.184957,-2.649396,1.640293,-0.131394,-2.679299,1.641395,0.061345,0.001101
189.065000,0.020045,0.118,4.022552,-0.051972,5.659141,0.012985,0.594131,-0.009355,0.072413,0.00000000,0.00000000,-0.186882,-2.622816,1.640189,-0.133146,-2.655667,1.641335,0.062982,0.001146
189.100000,0.022377,0.062,10.663856,-0.058365,5.811395,0.012823,0.582037,-0.010211,0.055143,0.00000000,0.00000000,-0.188294,-2.602304,1.640117,-0.134782,-2.632212,1.641215,0.061302,0.001098
189.145000,0.018815,0.002,10.979908,-0.061384,5.918399,0.013174,0.585259,-0.003005,0.307017,0.00000000,0.00000000,-0.190285,-2.575914,1.640237,-0.136630,-2.608714,1.641301,0.062887,0.001064
189.185000,0.018815,0.058,5.393461,-0.032351,5.930805,0.012832,0.589637,-0.009578,0.218914,0.00000000,0.00000000,-0.191786,-2.552526,1.640006,-0.138128,-2.585385,1.641084,0.062920,0.001078
189.220000,0.019003,0.068,6.378604,-0.040530,6.025538,0.012833,0.587249,0.008666,0.413246,0.00000000,0.00000000,-0.193271,-2.532023,1.640365,-0.139052,-2.566428,1.641209,0.064214,0.000844
189.265000,0.019003,0.107,3.988329,-0.045214,5.970928,0.012611,0.591804,0.000469,0.227746,0.00000000,0.00000000,-0.195077,-2.505601,1.640219,-0.140704,-2.542952,1.641031,0.065966,0.000812
189.295000,0.019300,0.055,3.989674,-0.028928,6.004131,0.012681,0.591650,0.004671,0.315440,0.00000000,0.00000000,-0.196371,-2.488033,1.640316,-0.141810,-2.523918,1.641209,0.065304,0.000893
189.340000,0.019504,0.029,9.831579,-0.038907,6.102521,0.012644,0.579906,0.004872,0.587175,0.00000000,0.00000000,-0.198101,-2.461494,1.640262,-0.143141,-2.499349,1.641094,0.066736,0.000832
189.380000,0.016806,0.011,1.930014,-0.036411,6.110360,0.012648,0.590395,0.005083,0.362951,0.00000000,0.00000000,-0.199654,-2.437969,1.640098,-0.144713,-2.475825,1.640929,0.066720,0.000831
189.410000,0.016806,0.085,1.752981,-0.062796,6.102442,0.012983,0.591432,0.004250,0.065725,0.00000000,0.00000000,-0.200904,-2.420324,1.640380,-0.146328,-2.452294,1.641326,0.063251,0.000947
189.460000,0.020137,0.029,3.971049,-0.033646,6.071429,0.013009,0.585194,-0.015196,0.511189,0.00000000,0.00000000,-0.202621,-2.391226,1.640156,-0.147771,-2.427083,1.640961,0.065530,0.000805
189.495000,0.020137,0.075,5.099298,-0.044964,5.897921,0.012922,0.583038,0.007148,0.107817,0.00000000,0.00000000,-0.204136,-2.370892,1.640267,-0.149521,-2.403829,1.641130,0.063778,0.000863
189.545000,0.018027,0.017,1.195039,-0.017033,5.890877,0.013059,0.601002,-0.000265,0.740075,0.00000000,0.00000000,-0.206180,-2.341358,1.640069,-0.151420,-2.379826,1.641239,0.066921,0.001170
189.575000,0.016084,0.005,12.475569,-0.033822,6.160001,0.012916,0.586615,-0.002459,0.339891,0.00000000,0.00000000,-0.207413,-2.323749,1.640109,-0.153111,-2.356326,1.641239,0.063325,0.001130
189.625000,0.016084,0.059,8.095249,-0.056697,6.286893,0.013097,0.595719,0.005443,0.516139,0.00000000,0.00000000,-0.209531,-2.294225,1.640260,-0.154839,-2.332664,1.641359,0.066849,0.001099
189.665000,0.015812,0.010,13.112303,-0.044398,6.453423,0.013097,0.591990,-0.002572,0.049454,0.00000000,0.00000000,-0.210939,-2.270832,1.640202,-0.156248,-2.309266,1.641244,0.066845,0.001043
189.690000,0.015812,0.083,1.149080,-0.043008,6.440953,0.012272,0.585116,0.009872,0.283105,0.00000000,0.00000000,-0.212161,-2.256507,1.640451,-0.158122,-2.286166,1.641535,0.061642,0.001084
189.745000,0.015606,0.039,5.595662,-0.042837,6.455724,0.012193,0.587344,-0.004884,0.742855,0.00000000,0.00000000,-0.214227,-2.224356,1.640344,-0.159045,-2.263620,1.641260,0.067725,0.000915
189.775000,0.015606,0.102,9.073327,-0.040474,6.605194,0.012089,0.583079,0.003202,0.158688,0.00000000,0.00000000,-0.215624,-2.206871,1.640548,-0.160965,-2.240344,1.641532,0.064094,0.000983
189.825000,0.013778,0.059,2.563887,-0.034000,6.583569,0.011994,0.589050,-0.006143,0.772303,0.00000000,0.00000000,-0.217958,-2.177619,1.640279,-0.162849,-2.219608,1.641147,0.069283,0.000869
189.865000,0.013778,0.109,1.099201,-0.053577,6.554190,0.012135,0.593709,-0.011184,0.058332,0.00000000,0.00000000,-0.219554,-2.154160,1.640083,-0.164446,-2.196127,1.640877,0.069268,0.000793
189.890000,0.016075,0.053,6.874265,-0.045660,6.657092,0.011514,0.591122,0.005028,0.153112,0.00000000,0.00000000,-0.220675,-2.139445,1.640143,-0.166180,-2.172552,1.641021,0.063763,0.000878
189.945000,0.020588,0.012,5.243489,-0.035217,6.619441,0.011296,0.587451,-0.005665,0.195118,0.00000000,0.00000000,-0.222812,-2.107011,1.639785,-0.167778,-2.148981,1.640627,0.069211,0.000842
189.975000,0.020279,0.018,3.559167,-0.043020,6.623672,0.011041,0.585221,0.006955,0.346805,0.00000000,0.00000000,-0.224242,-2.089579,1.639941,-0.170079,-2.119990,1.640868,0.062116,0.000927
190.020000,0.020279,0.087,4.770035,-0.044743,6.613091,0.011011,0.596515,-0.001151,0.553646,0.00000000,0.00000000,-0.226136,-2.063062,1.639650,-0.171769,-2.096388,1.640536,0.063769,0.000886
190.065000,0.023079,0.032,5.345410,-0.027858,6.541765,0.011145,0.595794,0.002311,0.461546,0.00000000,0.00000000,-0.227937,-2.036637,1.639635,-0.173071,-2.072298,1.640633,0.065437,0.000999
190.105000,0.023079,0.096,4.464720,-0.094642,6.480681,0.013756,0.582925,0.000493,0.636596,0.00000000,0.00000000,-0.229558,-2.013119,1.639791,-0.174723,-2.048770,1.640879,0.065405,0.001088
190.135000,0.020325,0.025,4.898069,-0.025948,6.384435,0.013304,0.582487,-0.010097,0.016262,0.00000000,0.00000000,-0.230614,-1.995602,1.639425,-0.175440,-2.026880,1.640730,0.063424,0.001305
190.185000,0.019330,0.011,3.964504,-0.028262,6.311025,0.013353,0.586568,0.004637,0.003362,0.00000000,0.00000000,-0.232696,-1.966349,1.639698,-0.177205,-2.003516,1.640900,0.066788,0.001203
190.215000,0.019330,0.060,11.478878,-0.042291,6.417111,0.013293,0.592245,0.018692,0.029574,0.00000000,0.00000000,-0.233526,-1.948783,1.640116,-0.178372,-1.980066,1.641481,0.063408,0.001365
190.265000,0.018296,0.036,7.628098,-0.029189,6.437820,0.013317,0.589077,0.003660,0.136810,0.00000000,0.00000000,-0.235495,-1.919281,1.640400,-0.179963,-1.955617,1.640979,0.066364,0.000579
190.300000,0.018296,0.086,8.227664,-0.056109,6.418439,0.013793,0.592350,0.010926,0.269888,0.00000000,0.00000000,-0.236924,-1.898571,1.640360,-0.181621,-1.931971,1.640970,0.064606,0.000610
190.335000,0.020177,0.030,4.084867,-0.029294,6.465863,0.013849,0.591575,-0.012103,0.036822,0.00000000,0.00000000,-0.238367,-1.877927,1.640016,-0.182702,-1.909667,1.641151,0.064078,0.001135
190.380000,0.017093,0.016,4.359477,-0.023341,6.444250,0.013918,0.590379,0.008677,0.292733,0.00000000,0.00000000,-0.240388,-1.851618,1.640379,-0.184453,-1.884229,1.641399,0.064747,0.001019
190.425000,0.017093,0.065,18.425799,-0.055627,6.807504,0.014033,0.579622,-0.009221,0.470786,0.00000000,0.00000000,-0.241900,-1.825408,1.639840,-0.185793,-1.860917,1.640937,0.066399,0.001097
190.460000,0.016470,0.023,6.484111,-0.004463,6.717958,0.014870,0.593728,-0.007714,0.051044,0.00000000,0.00000000,-0.243378,-1.804950,1.640013,-0.187517,-1.837970,1.640995,0.064891,0.000982
190.505000,0.015860,0.005,4.117664,-0.054580,6.602201,0.014760,0.588151,0.005063,0.067796,0.00000000,0.00000000,-0.245299,-1.778596,1.639854,-0.189255,-1.814569,1.640873,0.066595,0.001019
190.540000,0.015860,0.091,3.923766,-0.040856,6.628304,0.014685,0.585691,-0.005816,0.027759,0.00000000,0.00000000,-0.246742,-1.758085,1.639877,-0.190926,-1.791109,1.640857,0.064853,0.000980
190.585000,0.015355,0.024,14.258466,-0.054400,6.743648,0.014512,0.594473,0.009726,0.118360,0.00000000,0.00000000,-0.248693,-1.731481,1.639984,-0.192531,-1.765446,1.640932,0.065633,0.000948
190.615000,0.015355,0.087,5.644035,-0.032692,6.679253,0.014552,0.584779,-0.008947,0.146500,0.00000000,0.00000000,-0.249812,-1.713891,1.639813,-0.194049,-1.742012,1.640741,0.062452,0.000928
190.655000,0.017577,0.042,8.521451,-0.056743,6.812930,0.014776,0.524940,0.001527,2.534773,0.00000000,0.00000000,-0.251520,-1.692757,1.640170,-0.195804,-1.721374,1.640908,0.062635,0.000738
190.715000,0.018288,0.019,3.308756,-0.025453,6.754475,0.014893,0.349362,-0.014063,2.959926,0.00000000,0.00000000,-0.253496,-1.670123,1.639508,-0.197771,-1.695416,1.640557,0.061196,0.001050
191.540000,0.017918,0.072,0.057631,-0.030895,5.060158,0.015017,0.016008,0.010808,0.681577,0.00000000,0.00000000,-0.258864,-1.649085,1.639089,-0.203067,-1.675769,1.640282,0.061848,0.001193
191.840000,0.021380,0.026,0.109218,-0.047436,4.617388,0.014148,0.098555,0.006665,0.244433,0.00000000,0.00000000,-0.260777,-1.628060,1.639267,-0.205739,-1.641428,1.640127,0.056638,0.000860
192.020000,0.020675,0.011,0.045495,0.040579,4.105472,0.018757,0.118124,0.068007,0.214848,0.00000000,0.00000000,-0.260365,-1.607967,1.643503,-0.205344,-1.621335,1.644362,0.056622,0.000859
192.175000,0.023652,0.033,3.034455,0.079840,3.008129,0.034891,0.140951,0.119536,0.188935,0.00000000,0.00000000,-0.263431,-1.588384,1.657175,-0.208582,-1.601059,1.658637,0.056295,0.001462
192.320000,0.021681,0.074,1.735069,0.133355,1.451640,0.052697,0.130270,0.187033,0.513369,0.00000000,0.00000000,-0.265559,-1.569990,1.680408,-0.210571,-1.583362,1.681268,0.056591,0.000860
192.420000,0.019551,0.106,0.420767,0.214805,1.361828,0.068743,0.124319,0.248778,0.029152,0.00000000,0.00000000,-0.267230,-1.557302,1.702284,-0.212252,-1.570676,1.703144,0.056581,0.000861
192.520000,0.021444,0.072,0.188235,0.205102,1.702160,0.081597,0.126819,0.243696,0.006408,0.00000000,0.00000000,-0.269132,-1.545233,1.727063,-0.214165,-1.558609,1.727921,0.056571,0.000858
192.610000,0.020773,0.089,4.025573,0.222063,2.285031,0.092009,0.131089,0.242653,0.039937,0.00000000,0.00000000,-0.270502,-1.533793,1.748818,-0.215747,-1.545867,1.752453,0.056071,0.003635
192.695000,0.019420,0.025,4.478818,0.258502,2.377189,0.105129,0.128922,0.294916,0.318382,0.00000000,0.00000000,-0.272889,-1.523045,1.772760,-0.218050,-1.535793,1.775164,0.056301,0.002404
192.785000,0.021108,0.017,0.801832,0.257662,2.397845,0.111894,0.127785,0.313723,0.361458,0.00000000,0.00000000,-0.275355,-1.512233,1.800613,-0.220251,-1.526233,1.799944,0.056854,0.000669
192.860000,0.018231,0.064,1.249209,0.324344,2.411451,0.119690,0.134091,0.339476,0.216835,0.00000000,0.00000000,-0.278615,-1.502512,1.825059,-0.223685,-1.515895,1.825920,0.056537,0.000861
192.925000,0.019790,0.070,1.178175,0.312439,2.579728,0.126679,0.117238,0.367553,0.555707,0.00000000,0.00000000,-0.280165,-1.494823,1.848820,-0.225070,-1.508837,1.847826,0.056849,0.000994
192.970000,0.021579,0.033,1.468628,0.310591,2.627843,0.130850,0.119461,0.362167,0.296325,0.00000000,0.00000000,-0.281471,-1.489440,1.865178,-0.226791,-1.501717,1.869614,0.056041,0.004436
193.035000,0.017293,0.036,2.395108,0.326769,2.753385,0.134342,0.119525,0.358166,0.591209,0.00000000,0.00000000,-0.283574,-1.481683,1.888648,-0.228827,-1.494494,1.891374,0.056226,0.002726
193.095000,0.017292,0.005,1.490510,0.343708,2.765041,0.135961,0.116493,0.382732,0.234031,0.00000000,0.00000000,-0.285961,-1.474974,1.911476,-0.231240,-1.487812,1.914210,0.056207,0.002734
193.160000,0.015724,0.014,7.948575,0.331529,2.982146,0.137835,0.116760,0.370955,0.542250,0.00000000,0.00000000,-0.288772,-1.467123,1.936290,-0.233873,-1.480515,1.937151,0.056510,0.000861
193.210000,0.017118,0.007,3.921474,0.335694,3.050172,0.137042,0.113195,0.376010,0.318947,0.00000000,0.00000000,-0.291131,-1.461681,1.954523,-0.236707,-1.473991,1.959142,0.055799,0.004619
193.270000,0.017118,0.096,6.242162,0.313488,3.191165,0.135800,0.136999,0.373932,0.763635,0.00000000,0.00000000,-0.294051,-1.454607,1.976613,-0.239517,-1.466591,1.981027,0.055835,0.004414
193.340000,0.020017,0.078,3.765174,0.314916,3.208370,0.132972,0.138021,0.376477,0.585404,0.00000000,0.00000000,-0.297416,-1.445429,2.002904,-0.242535,-1.458829,2.003764,0.056493,0.000860
193.390000,0.019382,0.044,1.340673,0.329267,3.710817,0.127940,0.124428,0.379247,0.184569,0.00000000,0.00000000,-0.299973,-1.439805,2.021243,-0.245669,-1.452181,2.025785,0.055696,0.004542
193.455000,0.019901,0.042,4.931115,0.330477,3.641204,0.125536,0.118905,0.375428,0.174668,0.00000000,0.00000000,-0.303702,-1.432594,2.045593,-0.249139,-1.445460,2.048373,0.056060,0.002780
193.520000,0.019231,0.055,1.407909,0.338576,3.792949,0.117035,0.123362,0.367093,0.042642,0.00000000,0.00000000,-0.307794,-1.425455,2.069418,-0.252930,-1.438864,2.070279,0.056479,0.000861
193.575000,0.019481,0.045,5.115601,0.327111,3.868983,0.107414,0.121433,0.356745,0.132900,0.00000000,0.00000000,-0.310925,-1.419431,2.089705,-0.256368,-1.432317,2.092450,0.056058,0.002745
193.645000,0.018642,0.027,0.842177,0.268643,3.804085,0.096891,0.105019,0.354417,0.423750,0.00000000,0.00000000,-0.315028,-1.412549,2.114704,-0.259823,-1.426258,2.114008,0.056882,0.000696
195.650000,0.018925,0.110,0.132874,-0.035919,0.103545,0.011461,0.001684,0.001524,0.010072,0.00000000,0.00000000,-0.318313,-1.411550,2.129161,-0.263461,-1.424968,2.130021,0.056469,0.000860
197.680000,0.019605,0.063,0.127919,-0.044527,0.614620,0.010385,0.007686,-0.009417,0.380618,0.00000000,0.00000000,-0.318305,-1.411559,2.129179,-0.263453,-1.424977,2.130039,0.056469,0.000860
